2026-01-12 17:28:34,448 INFO ############ Begin nested CV for Multiclass Classification ############
2026-01-12 17:28:34,448 INFO Inner : 5
2026-01-12 17:28:34,448 INFO Outer : 5
2026-01-12 17:28:34,448 INFO params : [{'C': [1e-05, 5.1794746792312125e-05, 0.0002682695795279727, 0.0013894954943731374, 0.0071968567300115215, 0.037275937203149416, 0.19306977288832497, 1.0, 5.1794746792312125, 26.826957952797272, 138.9495494373139, 719.6856730011528, 3727.593720314938, 19306.977288832535, 100000.0], 'kernel_params': [[{'name': 'propagation', 'with_attributes': True, 't_max': 1}], [{'name': 'propagation', 'with_attributes': True, 't_max': 3}], [{'name': 'propagation', 'with_attributes': True, 't_max': 5}], [{'name': 'propagation', 'with_attributes': True, 't_max': 8}], [{'name': 'propagation', 'with_attributes': True, 't_max': 10}], [{'name': 'propagation', 'with_attributes': True, 't_max': 15}], [{'name': 'propagation', 'with_attributes': True, 't_max': 20}]], 'normalize': [True]}]
2026-01-12 17:28:34,448 INFO Number of classes: 11
2026-01-12 17:28:34,448 INFO Classes: ['A.1' 'B.1' 'B.2' 'B.4' 'C' 'D.1' 'E.1' 'E.2' 'F' 'J.1' 'K']
2026-01-12 17:28:34,449 INFO Begin precomputing all Gram matrices
2026-01-12 17:28:34,449 INFO 7 matrices to fit...
2026-01-12 17:28:40,699 INFO ...Done
2026-01-12 17:28:40,701 INFO Setting params: {'C': 1e-05, 'kernel_params': [{'name': 'propagation', 'with_attributes': True, 't_max': 1}], 'normalize': True}
2026-01-12 17:28:40,701 INFO Params set successfully. GK created: True
2026-01-12 17:28:40,704 INFO Setting params: {'C': 1e-05, 'kernel_params': [{'name': 'propagation', 'with_attributes': True, 't_max': 3}], 'normalize': True}
2026-01-12 17:28:40,704 INFO Params set successfully. GK created: True
2026-01-12 17:28:40,706 INFO Setting params: {'C': 1e-05, 'kernel_params': [{'name': 'propagation', 'with_attributes': True, 't_max': 5}], 'normalize': True}
2026-01-12 17:28:40,706 INFO Params set successfully. GK created: True
2026-01-12 17:28:40,708 INFO Setting params: {'C': 1e-05, 'kernel_params': [{'name': 'propagation', 'with_attributes': True, 't_max': 8}], 'normalize': True}
2026-01-12 17:28:40,708 INFO Params set successfully. GK created: True
2026-01-12 17:28:40,710 INFO Setting params: {'C': 1e-05, 'kernel_params': [{'name': 'propagation', 'with_attributes': True, 't_max': 10}], 'normalize': True}
2026-01-12 17:28:40,710 INFO Params set successfully. GK created: True
2026-01-12 17:28:40,712 INFO Setting params: {'C': 1e-05, 'kernel_params': [{'name': 'propagation', 'with_attributes': True, 't_max': 15}], 'normalize': True}
2026-01-12 17:28:40,712 INFO Params set successfully. GK created: True
2026-01-12 17:28:40,714 INFO Setting params: {'C': 1e-05, 'kernel_params': [{'name': 'propagation', 'with_attributes': True, 't_max': 20}], 'normalize': True}
2026-01-12 17:28:40,714 INFO Params set successfully. GK created: True
2026-01-12 17:28:40,716 INFO Setting params: {'C': 5.1794746792312125e-05, 'kernel_params': [{'name': 'propagation', 'with_attributes': True, 't_max': 1}], 'normalize': True}
2026-01-12 17:28:40,716 INFO Params set successfully. GK created: True
2026-01-12 17:28:40,718 INFO Setting params: {'C': 5.1794746792312125e-05, 'kernel_params': [{'name': 'propagation', 'with_attributes': True, 't_max': 3}], 'normalize': True}
2026-01-12 17:28:40,718 INFO Params set successfully. GK created: True
2026-01-12 17:28:40,720 INFO Setting params: {'C': 5.1794746792312125e-05, 'kernel_params': [{'name': 'propagation', 'with_attributes': True, 't_max': 5}], 'normalize': True}
2026-01-12 17:28:40,720 INFO Params set successfully. GK created: True
2026-01-12 17:28:40,722 INFO Setting params: {'C': 5.1794746792312125e-05, 'kernel_params': [{'name': 'propagation', 'with_attributes': True, 't_max': 8}], 'normalize': True}
2026-01-12 17:28:40,722 INFO Params set successfully. GK created: True
2026-01-12 17:28:40,724 INFO Setting params: {'C': 5.1794746792312125e-05, 'kernel_params': [{'name': 'propagation', 'with_attributes': True, 't_max': 10}], 'normalize': True}
2026-01-12 17:28:40,725 INFO Params set successfully. GK created: True
2026-01-12 17:28:40,727 INFO Setting params: {'C': 5.1794746792312125e-05, 'kernel_params': [{'name': 'propagation', 'with_attributes': True, 't_max': 15}], 'normalize': True}
2026-01-12 17:28:40,727 INFO Params set successfully. GK created: True
2026-01-12 17:28:40,729 INFO Setting params: {'C': 5.1794746792312125e-05, 'kernel_params': [{'name': 'propagation', 'with_attributes': True, 't_max': 20}], 'normalize': True}
2026-01-12 17:28:40,729 INFO Params set successfully. GK created: True
2026-01-12 17:28:40,731 INFO Setting params: {'C': 0.0002682695795279727, 'kernel_params': [{'name': 'propagation', 'with_attributes': True, 't_max': 1}], 'normalize': True}
2026-01-12 17:28:40,731 INFO Params set successfully. GK created: True
2026-01-12 17:28:40,733 INFO Setting params: {'C': 0.0002682695795279727, 'kernel_params': [{'name': 'propagation', 'with_attributes': True, 't_max': 3}], 'normalize': True}
2026-01-12 17:28:40,733 INFO Params set successfully. GK created: True
2026-01-12 17:28:40,735 INFO Setting params: {'C': 0.0002682695795279727, 'kernel_params': [{'name': 'propagation', 'with_attributes': True, 't_max': 5}], 'normalize': True}
2026-01-12 17:28:40,735 INFO Params set successfully. GK created: True
2026-01-12 17:28:40,737 INFO Setting params: {'C': 0.0002682695795279727, 'kernel_params': [{'name': 'propagation', 'with_attributes': True, 't_max': 8}], 'normalize': True}
2026-01-12 17:28:40,737 INFO Params set successfully. GK created: True
2026-01-12 17:28:40,739 INFO Setting params: {'C': 0.0002682695795279727, 'kernel_params': [{'name': 'propagation', 'with_attributes': True, 't_max': 10}], 'normalize': True}
2026-01-12 17:28:40,739 INFO Params set successfully. GK created: True
2026-01-12 17:28:40,741 INFO Setting params: {'C': 0.0002682695795279727, 'kernel_params': [{'name': 'propagation', 'with_attributes': True, 't_max': 15}], 'normalize': True}
2026-01-12 17:28:40,741 INFO Params set successfully. GK created: True
2026-01-12 17:28:40,743 INFO Setting params: {'C': 0.0002682695795279727, 'kernel_params': [{'name': 'propagation', 'with_attributes': True, 't_max': 20}], 'normalize': True}
2026-01-12 17:28:40,743 INFO Params set successfully. GK created: True
2026-01-12 17:28:40,745 INFO Setting params: {'C': 0.0013894954943731374, 'kernel_params': [{'name': 'propagation', 'with_attributes': True, 't_max': 1}], 'normalize': True}
2026-01-12 17:28:40,745 INFO Params set successfully. GK created: True
2026-01-12 17:28:40,747 INFO Setting params: {'C': 0.0013894954943731374, 'kernel_params': [{'name': 'propagation', 'with_attributes': True, 't_max': 3}], 'normalize': True}
2026-01-12 17:28:40,747 INFO Params set successfully. GK created: True
2026-01-12 17:28:40,749 INFO Setting params: {'C': 0.0013894954943731374, 'kernel_params': [{'name': 'propagation', 'with_attributes': True, 't_max': 5}], 'normalize': True}
2026-01-12 17:28:40,749 INFO Params set successfully. GK created: True
2026-01-12 17:28:40,751 INFO Setting params: {'C': 0.0013894954943731374, 'kernel_params': [{'name': 'propagation', 'with_attributes': True, 't_max': 8}], 'normalize': True}
2026-01-12 17:28:40,751 INFO Params set successfully. GK created: True
2026-01-12 17:28:40,753 INFO Setting params: {'C': 0.0013894954943731374, 'kernel_params': [{'name': 'propagation', 'with_attributes': True, 't_max': 10}], 'normalize': True}
2026-01-12 17:28:40,754 INFO Params set successfully. GK created: True
2026-01-12 17:28:40,756 INFO Setting params: {'C': 0.0013894954943731374, 'kernel_params': [{'name': 'propagation', 'with_attributes': True, 't_max': 15}], 'normalize': True}
2026-01-12 17:28:40,756 INFO Params set successfully. GK created: True
2026-01-12 17:28:40,758 INFO Setting params: {'C': 0.0013894954943731374, 'kernel_params': [{'name': 'propagation', 'with_attributes': True, 't_max': 20}], 'normalize': True}
2026-01-12 17:28:40,758 INFO Params set successfully. GK created: True
2026-01-12 17:28:40,760 INFO Setting params: {'C': 0.0071968567300115215, 'kernel_params': [{'name': 'propagation', 'with_attributes': True, 't_max': 1}], 'normalize': True}
2026-01-12 17:28:40,760 INFO Params set successfully. GK created: True
2026-01-12 17:28:40,762 INFO Setting params: {'C': 0.0071968567300115215, 'kernel_params': [{'name': 'propagation', 'with_attributes': True, 't_max': 3}], 'normalize': True}
2026-01-12 17:28:40,762 INFO Params set successfully. GK created: True
2026-01-12 17:28:40,764 INFO Setting params: {'C': 0.0071968567300115215, 'kernel_params': [{'name': 'propagation', 'with_attributes': True, 't_max': 5}], 'normalize': True}
2026-01-12 17:28:40,764 INFO Params set successfully. GK created: True
2026-01-12 17:28:40,766 INFO Setting params: {'C': 0.0071968567300115215, 'kernel_params': [{'name': 'propagation', 'with_attributes': True, 't_max': 8}], 'normalize': True}
2026-01-12 17:28:40,766 INFO Params set successfully. GK created: True
2026-01-12 17:28:40,768 INFO Setting params: {'C': 0.0071968567300115215, 'kernel_params': [{'name': 'propagation', 'with_attributes': True, 't_max': 10}], 'normalize': True}
2026-01-12 17:28:40,768 INFO Params set successfully. GK created: True
2026-01-12 17:28:40,770 INFO Setting params: {'C': 0.0071968567300115215, 'kernel_params': [{'name': 'propagation', 'with_attributes': True, 't_max': 15}], 'normalize': True}
2026-01-12 17:28:40,770 INFO Params set successfully. GK created: True
2026-01-12 17:28:40,772 INFO Setting params: {'C': 0.0071968567300115215, 'kernel_params': [{'name': 'propagation', 'with_attributes': True, 't_max': 20}], 'normalize': True}
2026-01-12 17:28:40,772 INFO Params set successfully. GK created: True
2026-01-12 17:28:40,774 INFO Setting params: {'C': 0.037275937203149416, 'kernel_params': [{'name': 'propagation', 'with_attributes': True, 't_max': 1}], 'normalize': True}
2026-01-12 17:28:40,774 INFO Params set successfully. GK created: True
2026-01-12 17:28:40,777 INFO Setting params: {'C': 0.037275937203149416, 'kernel_params': [{'name': 'propagation', 'with_attributes': True, 't_max': 3}], 'normalize': True}
2026-01-12 17:28:40,777 INFO Params set successfully. GK created: True
2026-01-12 17:28:40,779 INFO Setting params: {'C': 0.037275937203149416, 'kernel_params': [{'name': 'propagation', 'with_attributes': True, 't_max': 5}], 'normalize': True}
2026-01-12 17:28:40,779 INFO Params set successfully. GK created: True
2026-01-12 17:28:40,781 INFO Setting params: {'C': 0.037275937203149416, 'kernel_params': [{'name': 'propagation', 'with_attributes': True, 't_max': 8}], 'normalize': True}
2026-01-12 17:28:40,781 INFO Params set successfully. GK created: True
2026-01-12 17:28:40,783 INFO Setting params: {'C': 0.037275937203149416, 'kernel_params': [{'name': 'propagation', 'with_attributes': True, 't_max': 10}], 'normalize': True}
2026-01-12 17:28:40,783 INFO Params set successfully. GK created: True
2026-01-12 17:28:40,785 INFO Setting params: {'C': 0.037275937203149416, 'kernel_params': [{'name': 'propagation', 'with_attributes': True, 't_max': 15}], 'normalize': True}
2026-01-12 17:28:40,785 INFO Params set successfully. GK created: True
2026-01-12 17:28:40,787 INFO Setting params: {'C': 0.037275937203149416, 'kernel_params': [{'name': 'propagation', 'with_attributes': True, 't_max': 20}], 'normalize': True}
2026-01-12 17:28:40,787 INFO Params set successfully. GK created: True
2026-01-12 17:28:40,789 INFO Setting params: {'C': 0.19306977288832497, 'kernel_params': [{'name': 'propagation', 'with_attributes': True, 't_max': 1}], 'normalize': True}
2026-01-12 17:28:40,789 INFO Params set successfully. GK created: True
2026-01-12 17:28:40,792 INFO Setting params: {'C': 0.19306977288832497, 'kernel_params': [{'name': 'propagation', 'with_attributes': True, 't_max': 3}], 'normalize': True}
2026-01-12 17:28:40,792 INFO Params set successfully. GK created: True
2026-01-12 17:28:40,794 INFO Setting params: {'C': 0.19306977288832497, 'kernel_params': [{'name': 'propagation', 'with_attributes': True, 't_max': 5}], 'normalize': True}
2026-01-12 17:28:40,795 INFO Params set successfully. GK created: True
2026-01-12 17:28:40,797 INFO Setting params: {'C': 0.19306977288832497, 'kernel_params': [{'name': 'propagation', 'with_attributes': True, 't_max': 8}], 'normalize': True}
2026-01-12 17:28:40,797 INFO Params set successfully. GK created: True
2026-01-12 17:28:40,799 INFO Setting params: {'C': 0.19306977288832497, 'kernel_params': [{'name': 'propagation', 'with_attributes': True, 't_max': 10}], 'normalize': True}
2026-01-12 17:28:40,799 INFO Params set successfully. GK created: True
2026-01-12 17:28:40,801 INFO Setting params: {'C': 0.19306977288832497, 'kernel_params': [{'name': 'propagation', 'with_attributes': True, 't_max': 15}], 'normalize': True}
2026-01-12 17:28:40,801 INFO Params set successfully. GK created: True
2026-01-12 17:28:40,803 INFO Setting params: {'C': 0.19306977288832497, 'kernel_params': [{'name': 'propagation', 'with_attributes': True, 't_max': 20}], 'normalize': True}
2026-01-12 17:28:40,803 INFO Params set successfully. GK created: True
2026-01-12 17:28:40,805 INFO Setting params: {'C': 1.0, 'kernel_params': [{'name': 'propagation', 'with_attributes': True, 't_max': 1}], 'normalize': True}
2026-01-12 17:28:40,805 INFO Params set successfully. GK created: True
2026-01-12 17:28:40,809 INFO Setting params: {'C': 1.0, 'kernel_params': [{'name': 'propagation', 'with_attributes': True, 't_max': 3}], 'normalize': True}
2026-01-12 17:28:40,809 INFO Params set successfully. GK created: True
2026-01-12 17:28:40,811 INFO Setting params: {'C': 1.0, 'kernel_params': [{'name': 'propagation', 'with_attributes': True, 't_max': 5}], 'normalize': True}
2026-01-12 17:28:40,811 INFO Params set successfully. GK created: True
2026-01-12 17:28:40,813 INFO Setting params: {'C': 1.0, 'kernel_params': [{'name': 'propagation', 'with_attributes': True, 't_max': 8}], 'normalize': True}
2026-01-12 17:28:40,813 INFO Params set successfully. GK created: True
2026-01-12 17:28:40,815 INFO Setting params: {'C': 1.0, 'kernel_params': [{'name': 'propagation', 'with_attributes': True, 't_max': 10}], 'normalize': True}
2026-01-12 17:28:40,815 INFO Params set successfully. GK created: True
2026-01-12 17:28:40,817 INFO Setting params: {'C': 1.0, 'kernel_params': [{'name': 'propagation', 'with_attributes': True, 't_max': 15}], 'normalize': True}
2026-01-12 17:28:40,817 INFO Params set successfully. GK created: True
2026-01-12 17:28:40,819 INFO Setting params: {'C': 1.0, 'kernel_params': [{'name': 'propagation', 'with_attributes': True, 't_max': 20}], 'normalize': True}
2026-01-12 17:28:40,819 INFO Params set successfully. GK created: True
2026-01-12 17:28:40,822 INFO Setting params: {'C': 5.1794746792312125, 'kernel_params': [{'name': 'propagation', 'with_attributes': True, 't_max': 1}], 'normalize': True}
2026-01-12 17:28:40,822 INFO Params set successfully. GK created: True
2026-01-12 17:28:40,825 INFO Setting params: {'C': 5.1794746792312125, 'kernel_params': [{'name': 'propagation', 'with_attributes': True, 't_max': 3}], 'normalize': True}
2026-01-12 17:28:40,825 INFO Params set successfully. GK created: True
2026-01-12 17:28:40,827 INFO Setting params: {'C': 5.1794746792312125, 'kernel_params': [{'name': 'propagation', 'with_attributes': True, 't_max': 5}], 'normalize': True}
2026-01-12 17:28:40,828 INFO Params set successfully. GK created: True
2026-01-12 17:28:40,830 INFO Setting params: {'C': 5.1794746792312125, 'kernel_params': [{'name': 'propagation', 'with_attributes': True, 't_max': 8}], 'normalize': True}
2026-01-12 17:28:40,830 INFO Params set successfully. GK created: True
2026-01-12 17:28:40,832 INFO Setting params: {'C': 5.1794746792312125, 'kernel_params': [{'name': 'propagation', 'with_attributes': True, 't_max': 10}], 'normalize': True}
2026-01-12 17:28:40,832 INFO Params set successfully. GK created: True
2026-01-12 17:28:40,834 INFO Setting params: {'C': 5.1794746792312125, 'kernel_params': [{'name': 'propagation', 'with_attributes': True, 't_max': 15}], 'normalize': True}
2026-01-12 17:28:40,834 INFO Params set successfully. GK created: True
2026-01-12 17:28:40,836 INFO Setting params: {'C': 5.1794746792312125, 'kernel_params': [{'name': 'propagation', 'with_attributes': True, 't_max': 20}], 'normalize': True}
2026-01-12 17:28:40,836 INFO Params set successfully. GK created: True
2026-01-12 17:28:40,838 INFO Setting params: {'C': 26.826957952797272, 'kernel_params': [{'name': 'propagation', 'with_attributes': True, 't_max': 1}], 'normalize': True}
2026-01-12 17:28:40,838 INFO Params set successfully. GK created: True
2026-01-12 17:28:40,842 INFO Setting params: {'C': 26.826957952797272, 'kernel_params': [{'name': 'propagation', 'with_attributes': True, 't_max': 3}], 'normalize': True}
2026-01-12 17:28:40,842 INFO Params set successfully. GK created: True
2026-01-12 17:28:40,844 INFO Setting params: {'C': 26.826957952797272, 'kernel_params': [{'name': 'propagation', 'with_attributes': True, 't_max': 5}], 'normalize': True}
2026-01-12 17:28:40,844 INFO Params set successfully. GK created: True
2026-01-12 17:28:40,847 INFO Setting params: {'C': 26.826957952797272, 'kernel_params': [{'name': 'propagation', 'with_attributes': True, 't_max': 8}], 'normalize': True}
2026-01-12 17:28:40,847 INFO Params set successfully. GK created: True
2026-01-12 17:28:40,849 INFO Setting params: {'C': 26.826957952797272, 'kernel_params': [{'name': 'propagation', 'with_attributes': True, 't_max': 10}], 'normalize': True}
2026-01-12 17:28:40,849 INFO Params set successfully. GK created: True
2026-01-12 17:28:40,851 INFO Setting params: {'C': 26.826957952797272, 'kernel_params': [{'name': 'propagation', 'with_attributes': True, 't_max': 15}], 'normalize': True}
2026-01-12 17:28:40,851 INFO Params set successfully. GK created: True
2026-01-12 17:28:40,853 INFO Setting params: {'C': 26.826957952797272, 'kernel_params': [{'name': 'propagation', 'with_attributes': True, 't_max': 20}], 'normalize': True}
2026-01-12 17:28:40,853 INFO Params set successfully. GK created: True
2026-01-12 17:28:40,856 INFO Setting params: {'C': 138.9495494373139, 'kernel_params': [{'name': 'propagation', 'with_attributes': True, 't_max': 1}], 'normalize': True}
2026-01-12 17:28:40,856 INFO Params set successfully. GK created: True
2026-01-12 17:28:40,859 INFO Setting params: {'C': 138.9495494373139, 'kernel_params': [{'name': 'propagation', 'with_attributes': True, 't_max': 3}], 'normalize': True}
2026-01-12 17:28:40,859 INFO Params set successfully. GK created: True
2026-01-12 17:28:40,862 INFO Setting params: {'C': 138.9495494373139, 'kernel_params': [{'name': 'propagation', 'with_attributes': True, 't_max': 5}], 'normalize': True}
2026-01-12 17:28:40,862 INFO Params set successfully. GK created: True
2026-01-12 17:28:40,864 INFO Setting params: {'C': 138.9495494373139, 'kernel_params': [{'name': 'propagation', 'with_attributes': True, 't_max': 8}], 'normalize': True}
2026-01-12 17:28:40,864 INFO Params set successfully. GK created: True
2026-01-12 17:28:40,867 INFO Setting params: {'C': 138.9495494373139, 'kernel_params': [{'name': 'propagation', 'with_attributes': True, 't_max': 10}], 'normalize': True}
2026-01-12 17:28:40,867 INFO Params set successfully. GK created: True
2026-01-12 17:28:40,870 INFO Setting params: {'C': 138.9495494373139, 'kernel_params': [{'name': 'propagation', 'with_attributes': True, 't_max': 15}], 'normalize': True}
2026-01-12 17:28:40,870 INFO Params set successfully. GK created: True
2026-01-12 17:28:40,872 INFO Setting params: {'C': 138.9495494373139, 'kernel_params': [{'name': 'propagation', 'with_attributes': True, 't_max': 20}], 'normalize': True}
2026-01-12 17:28:40,872 INFO Params set successfully. GK created: True
2026-01-12 17:28:40,874 INFO Setting params: {'C': 719.6856730011528, 'kernel_params': [{'name': 'propagation', 'with_attributes': True, 't_max': 1}], 'normalize': True}
2026-01-12 17:28:40,874 INFO Params set successfully. GK created: True
2026-01-12 17:28:40,878 INFO Setting params: {'C': 719.6856730011528, 'kernel_params': [{'name': 'propagation', 'with_attributes': True, 't_max': 3}], 'normalize': True}
2026-01-12 17:28:40,878 INFO Params set successfully. GK created: True
2026-01-12 17:28:40,880 INFO Setting params: {'C': 719.6856730011528, 'kernel_params': [{'name': 'propagation', 'with_attributes': True, 't_max': 5}], 'normalize': True}
2026-01-12 17:28:40,880 INFO Params set successfully. GK created: True
2026-01-12 17:28:40,883 INFO Setting params: {'C': 719.6856730011528, 'kernel_params': [{'name': 'propagation', 'with_attributes': True, 't_max': 8}], 'normalize': True}
2026-01-12 17:28:40,883 INFO Params set successfully. GK created: True
2026-01-12 17:28:40,886 INFO Setting params: {'C': 719.6856730011528, 'kernel_params': [{'name': 'propagation', 'with_attributes': True, 't_max': 10}], 'normalize': True}
2026-01-12 17:28:40,886 INFO Params set successfully. GK created: True
2026-01-12 17:28:40,888 INFO Setting params: {'C': 719.6856730011528, 'kernel_params': [{'name': 'propagation', 'with_attributes': True, 't_max': 15}], 'normalize': True}
2026-01-12 17:28:40,888 INFO Params set successfully. GK created: True
2026-01-12 17:28:40,890 INFO Setting params: {'C': 719.6856730011528, 'kernel_params': [{'name': 'propagation', 'with_attributes': True, 't_max': 20}], 'normalize': True}
2026-01-12 17:28:40,891 INFO Params set successfully. GK created: True
2026-01-12 17:28:40,893 INFO Setting params: {'C': 3727.593720314938, 'kernel_params': [{'name': 'propagation', 'with_attributes': True, 't_max': 1}], 'normalize': True}
2026-01-12 17:28:40,893 INFO Params set successfully. GK created: True
2026-01-12 17:28:40,897 INFO Setting params: {'C': 3727.593720314938, 'kernel_params': [{'name': 'propagation', 'with_attributes': True, 't_max': 3}], 'normalize': True}
2026-01-12 17:28:40,897 INFO Params set successfully. GK created: True
2026-01-12 17:28:40,899 INFO Setting params: {'C': 3727.593720314938, 'kernel_params': [{'name': 'propagation', 'with_attributes': True, 't_max': 5}], 'normalize': True}
2026-01-12 17:28:40,899 INFO Params set successfully. GK created: True
2026-01-12 17:28:40,902 INFO Setting params: {'C': 3727.593720314938, 'kernel_params': [{'name': 'propagation', 'with_attributes': True, 't_max': 8}], 'normalize': True}
2026-01-12 17:28:40,902 INFO Params set successfully. GK created: True
2026-01-12 17:28:40,905 INFO Setting params: {'C': 3727.593720314938, 'kernel_params': [{'name': 'propagation', 'with_attributes': True, 't_max': 10}], 'normalize': True}
2026-01-12 17:28:40,905 INFO Params set successfully. GK created: True
2026-01-12 17:28:40,907 INFO Setting params: {'C': 3727.593720314938, 'kernel_params': [{'name': 'propagation', 'with_attributes': True, 't_max': 15}], 'normalize': True}
2026-01-12 17:28:40,907 INFO Params set successfully. GK created: True
2026-01-12 17:28:40,910 INFO Setting params: {'C': 3727.593720314938, 'kernel_params': [{'name': 'propagation', 'with_attributes': True, 't_max': 20}], 'normalize': True}
2026-01-12 17:28:40,910 INFO Params set successfully. GK created: True
2026-01-12 17:28:40,913 INFO Setting params: {'C': 19306.977288832535, 'kernel_params': [{'name': 'propagation', 'with_attributes': True, 't_max': 1}], 'normalize': True}
2026-01-12 17:28:40,913 INFO Params set successfully. GK created: True
2026-01-12 17:28:40,917 INFO Setting params: {'C': 19306.977288832535, 'kernel_params': [{'name': 'propagation', 'with_attributes': True, 't_max': 3}], 'normalize': True}
2026-01-12 17:28:40,917 INFO Params set successfully. GK created: True
2026-01-12 17:28:40,920 INFO Setting params: {'C': 19306.977288832535, 'kernel_params': [{'name': 'propagation', 'with_attributes': True, 't_max': 5}], 'normalize': True}
2026-01-12 17:28:40,920 INFO Params set successfully. GK created: True
2026-01-12 17:28:40,923 INFO Setting params: {'C': 19306.977288832535, 'kernel_params': [{'name': 'propagation', 'with_attributes': True, 't_max': 8}], 'normalize': True}
2026-01-12 17:28:40,923 INFO Params set successfully. GK created: True
2026-01-12 17:28:40,926 INFO Setting params: {'C': 19306.977288832535, 'kernel_params': [{'name': 'propagation', 'with_attributes': True, 't_max': 10}], 'normalize': True}
2026-01-12 17:28:40,926 INFO Params set successfully. GK created: True
2026-01-12 17:28:40,928 INFO Setting params: {'C': 19306.977288832535, 'kernel_params': [{'name': 'propagation', 'with_attributes': True, 't_max': 15}], 'normalize': True}
2026-01-12 17:28:40,928 INFO Params set successfully. GK created: True
2026-01-12 17:28:40,931 INFO Setting params: {'C': 19306.977288832535, 'kernel_params': [{'name': 'propagation', 'with_attributes': True, 't_max': 20}], 'normalize': True}
2026-01-12 17:28:40,931 INFO Params set successfully. GK created: True
2026-01-12 17:28:40,933 INFO Setting params: {'C': 100000.0, 'kernel_params': [{'name': 'propagation', 'with_attributes': True, 't_max': 1}], 'normalize': True}
2026-01-12 17:28:40,933 INFO Params set successfully. GK created: True
2026-01-12 17:28:40,937 INFO Setting params: {'C': 100000.0, 'kernel_params': [{'name': 'propagation', 'with_attributes': True, 't_max': 3}], 'normalize': True}
2026-01-12 17:28:40,937 INFO Params set successfully. GK created: True
2026-01-12 17:28:40,940 INFO Setting params: {'C': 100000.0, 'kernel_params': [{'name': 'propagation', 'with_attributes': True, 't_max': 5}], 'normalize': True}
2026-01-12 17:28:40,940 INFO Params set successfully. GK created: True
2026-01-12 17:28:40,942 INFO Setting params: {'C': 100000.0, 'kernel_params': [{'name': 'propagation', 'with_attributes': True, 't_max': 8}], 'normalize': True}
2026-01-12 17:28:40,942 INFO Params set successfully. GK created: True
2026-01-12 17:28:40,945 INFO Setting params: {'C': 100000.0, 'kernel_params': [{'name': 'propagation', 'with_attributes': True, 't_max': 10}], 'normalize': True}
2026-01-12 17:28:40,945 INFO Params set successfully. GK created: True
2026-01-12 17:28:40,948 INFO Setting params: {'C': 100000.0, 'kernel_params': [{'name': 'propagation', 'with_attributes': True, 't_max': 15}], 'normalize': True}
2026-01-12 17:28:40,948 INFO Params set successfully. GK created: True
2026-01-12 17:28:40,950 INFO Setting params: {'C': 100000.0, 'kernel_params': [{'name': 'propagation', 'with_attributes': True, 't_max': 20}], 'normalize': True}
2026-01-12 17:28:40,950 INFO Params set successfully. GK created: True
2026-01-12 17:28:40,953 INFO Setting params: {'C': 1e-05, 'kernel_params': [{'name': 'propagation', 'with_attributes': True, 't_max': 1}], 'normalize': True}
2026-01-12 17:28:40,953 INFO Params set successfully. GK created: True
2026-01-12 17:28:40,955 INFO Setting params: {'C': 1e-05, 'kernel_params': [{'name': 'propagation', 'with_attributes': True, 't_max': 3}], 'normalize': True}
2026-01-12 17:28:40,955 INFO Params set successfully. GK created: True
2026-01-12 17:28:40,957 INFO Setting params: {'C': 1e-05, 'kernel_params': [{'name': 'propagation', 'with_attributes': True, 't_max': 5}], 'normalize': True}
2026-01-12 17:28:40,957 INFO Params set successfully. GK created: True
2026-01-12 17:28:40,959 INFO Setting params: {'C': 1e-05, 'kernel_params': [{'name': 'propagation', 'with_attributes': True, 't_max': 8}], 'normalize': True}
2026-01-12 17:28:40,959 INFO Params set successfully. GK created: True
2026-01-12 17:28:40,961 INFO Setting params: {'C': 1e-05, 'kernel_params': [{'name': 'propagation', 'with_attributes': True, 't_max': 10}], 'normalize': True}
2026-01-12 17:28:40,961 INFO Params set successfully. GK created: True
2026-01-12 17:28:40,963 INFO Setting params: {'C': 1e-05, 'kernel_params': [{'name': 'propagation', 'with_attributes': True, 't_max': 15}], 'normalize': True}
2026-01-12 17:28:40,963 INFO Params set successfully. GK created: True
2026-01-12 17:28:40,965 INFO Setting params: {'C': 1e-05, 'kernel_params': [{'name': 'propagation', 'with_attributes': True, 't_max': 20}], 'normalize': True}
2026-01-12 17:28:40,965 INFO Params set successfully. GK created: True
2026-01-12 17:28:40,967 INFO Setting params: {'C': 5.1794746792312125e-05, 'kernel_params': [{'name': 'propagation', 'with_attributes': True, 't_max': 1}], 'normalize': True}
2026-01-12 17:28:40,967 INFO Params set successfully. GK created: True
2026-01-12 17:28:40,969 INFO Setting params: {'C': 5.1794746792312125e-05, 'kernel_params': [{'name': 'propagation', 'with_attributes': True, 't_max': 3}], 'normalize': True}
2026-01-12 17:28:40,969 INFO Params set successfully. GK created: True
2026-01-12 17:28:40,971 INFO Setting params: {'C': 5.1794746792312125e-05, 'kernel_params': [{'name': 'propagation', 'with_attributes': True, 't_max': 5}], 'normalize': True}
2026-01-12 17:28:40,972 INFO Params set successfully. GK created: True
2026-01-12 17:28:40,973 INFO Setting params: {'C': 5.1794746792312125e-05, 'kernel_params': [{'name': 'propagation', 'with_attributes': True, 't_max': 8}], 'normalize': True}
2026-01-12 17:28:40,974 INFO Params set successfully. GK created: True
2026-01-12 17:28:40,975 INFO Setting params: {'C': 5.1794746792312125e-05, 'kernel_params': [{'name': 'propagation', 'with_attributes': True, 't_max': 10}], 'normalize': True}
2026-01-12 17:28:40,976 INFO Params set successfully. GK created: True
2026-01-12 17:28:40,978 INFO Setting params: {'C': 5.1794746792312125e-05, 'kernel_params': [{'name': 'propagation', 'with_attributes': True, 't_max': 15}], 'normalize': True}
2026-01-12 17:28:40,978 INFO Params set successfully. GK created: True
2026-01-12 17:28:40,980 INFO Setting params: {'C': 5.1794746792312125e-05, 'kernel_params': [{'name': 'propagation', 'with_attributes': True, 't_max': 20}], 'normalize': True}
2026-01-12 17:28:40,980 INFO Params set successfully. GK created: True
2026-01-12 17:28:40,982 INFO Setting params: {'C': 0.0002682695795279727, 'kernel_params': [{'name': 'propagation', 'with_attributes': True, 't_max': 1}], 'normalize': True}
2026-01-12 17:28:40,982 INFO Params set successfully. GK created: True
2026-01-12 17:28:40,984 INFO Setting params: {'C': 0.0002682695795279727, 'kernel_params': [{'name': 'propagation', 'with_attributes': True, 't_max': 3}], 'normalize': True}
2026-01-12 17:28:40,984 INFO Params set successfully. GK created: True
2026-01-12 17:28:40,986 INFO Setting params: {'C': 0.0002682695795279727, 'kernel_params': [{'name': 'propagation', 'with_attributes': True, 't_max': 5}], 'normalize': True}
2026-01-12 17:28:40,986 INFO Params set successfully. GK created: True
2026-01-12 17:28:40,988 INFO Setting params: {'C': 0.0002682695795279727, 'kernel_params': [{'name': 'propagation', 'with_attributes': True, 't_max': 8}], 'normalize': True}
2026-01-12 17:28:40,988 INFO Params set successfully. GK created: True
2026-01-12 17:28:40,990 INFO Setting params: {'C': 0.0002682695795279727, 'kernel_params': [{'name': 'propagation', 'with_attributes': True, 't_max': 10}], 'normalize': True}
2026-01-12 17:28:40,990 INFO Params set successfully. GK created: True
2026-01-12 17:28:40,992 INFO Setting params: {'C': 0.0002682695795279727, 'kernel_params': [{'name': 'propagation', 'with_attributes': True, 't_max': 15}], 'normalize': True}
2026-01-12 17:28:40,992 INFO Params set successfully. GK created: True
2026-01-12 17:28:40,994 INFO Setting params: {'C': 0.0002682695795279727, 'kernel_params': [{'name': 'propagation', 'with_attributes': True, 't_max': 20}], 'normalize': True}
2026-01-12 17:28:40,994 INFO Params set successfully. GK created: True
2026-01-12 17:28:40,996 INFO Setting params: {'C': 0.0013894954943731374, 'kernel_params': [{'name': 'propagation', 'with_attributes': True, 't_max': 1}], 'normalize': True}
2026-01-12 17:28:40,996 INFO Params set successfully. GK created: True
2026-01-12 17:28:40,998 INFO Setting params: {'C': 0.0013894954943731374, 'kernel_params': [{'name': 'propagation', 'with_attributes': True, 't_max': 3}], 'normalize': True}
2026-01-12 17:28:40,998 INFO Params set successfully. GK created: True
2026-01-12 17:28:41,000 INFO Setting params: {'C': 0.0013894954943731374, 'kernel_params': [{'name': 'propagation', 'with_attributes': True, 't_max': 5}], 'normalize': True}
2026-01-12 17:28:41,000 INFO Params set successfully. GK created: True
2026-01-12 17:28:41,002 INFO Setting params: {'C': 0.0013894954943731374, 'kernel_params': [{'name': 'propagation', 'with_attributes': True, 't_max': 8}], 'normalize': True}
2026-01-12 17:28:41,002 INFO Params set successfully. GK created: True
2026-01-12 17:28:41,004 INFO Setting params: {'C': 0.0013894954943731374, 'kernel_params': [{'name': 'propagation', 'with_attributes': True, 't_max': 10}], 'normalize': True}
2026-01-12 17:28:41,004 INFO Params set successfully. GK created: True
2026-01-12 17:28:41,006 INFO Setting params: {'C': 0.0013894954943731374, 'kernel_params': [{'name': 'propagation', 'with_attributes': True, 't_max': 15}], 'normalize': True}
2026-01-12 17:28:41,006 INFO Params set successfully. GK created: True
2026-01-12 17:28:41,008 INFO Setting params: {'C': 0.0013894954943731374, 'kernel_params': [{'name': 'propagation', 'with_attributes': True, 't_max': 20}], 'normalize': True}
2026-01-12 17:28:41,008 INFO Params set successfully. GK created: True
2026-01-12 17:28:41,010 INFO Setting params: {'C': 0.0071968567300115215, 'kernel_params': [{'name': 'propagation', 'with_attributes': True, 't_max': 1}], 'normalize': True}
2026-01-12 17:28:41,010 INFO Params set successfully. GK created: True
2026-01-12 17:28:41,013 INFO Setting params: {'C': 0.0071968567300115215, 'kernel_params': [{'name': 'propagation', 'with_attributes': True, 't_max': 3}], 'normalize': True}
2026-01-12 17:28:41,013 INFO Params set successfully. GK created: True
2026-01-12 17:28:41,015 INFO Setting params: {'C': 0.0071968567300115215, 'kernel_params': [{'name': 'propagation', 'with_attributes': True, 't_max': 5}], 'normalize': True}
2026-01-12 17:28:41,015 INFO Params set successfully. GK created: True
2026-01-12 17:28:41,017 INFO Setting params: {'C': 0.0071968567300115215, 'kernel_params': [{'name': 'propagation', 'with_attributes': True, 't_max': 8}], 'normalize': True}
2026-01-12 17:28:41,017 INFO Params set successfully. GK created: True
2026-01-12 17:28:41,019 INFO Setting params: {'C': 0.0071968567300115215, 'kernel_params': [{'name': 'propagation', 'with_attributes': True, 't_max': 10}], 'normalize': True}
2026-01-12 17:28:41,019 INFO Params set successfully. GK created: True
2026-01-12 17:28:41,021 INFO Setting params: {'C': 0.0071968567300115215, 'kernel_params': [{'name': 'propagation', 'with_attributes': True, 't_max': 15}], 'normalize': True}
2026-01-12 17:28:41,021 INFO Params set successfully. GK created: True
2026-01-12 17:28:41,023 INFO Setting params: {'C': 0.0071968567300115215, 'kernel_params': [{'name': 'propagation', 'with_attributes': True, 't_max': 20}], 'normalize': True}
2026-01-12 17:28:41,023 INFO Params set successfully. GK created: True
2026-01-12 17:28:41,025 INFO Setting params: {'C': 0.037275937203149416, 'kernel_params': [{'name': 'propagation', 'with_attributes': True, 't_max': 1}], 'normalize': True}
2026-01-12 17:28:41,025 INFO Params set successfully. GK created: True
2026-01-12 17:28:41,027 INFO Setting params: {'C': 0.037275937203149416, 'kernel_params': [{'name': 'propagation', 'with_attributes': True, 't_max': 3}], 'normalize': True}
2026-01-12 17:28:41,027 INFO Params set successfully. GK created: True
2026-01-12 17:28:41,029 INFO Setting params: {'C': 0.037275937203149416, 'kernel_params': [{'name': 'propagation', 'with_attributes': True, 't_max': 5}], 'normalize': True}
2026-01-12 17:28:41,029 INFO Params set successfully. GK created: True
2026-01-12 17:28:41,031 INFO Setting params: {'C': 0.037275937203149416, 'kernel_params': [{'name': 'propagation', 'with_attributes': True, 't_max': 8}], 'normalize': True}
2026-01-12 17:28:41,032 INFO Params set successfully. GK created: True
2026-01-12 17:28:41,033 INFO Setting params: {'C': 0.037275937203149416, 'kernel_params': [{'name': 'propagation', 'with_attributes': True, 't_max': 10}], 'normalize': True}
2026-01-12 17:28:41,034 INFO Params set successfully. GK created: True
2026-01-12 17:28:41,036 INFO Setting params: {'C': 0.037275937203149416, 'kernel_params': [{'name': 'propagation', 'with_attributes': True, 't_max': 15}], 'normalize': True}
2026-01-12 17:28:41,036 INFO Params set successfully. GK created: True
2026-01-12 17:28:41,038 INFO Setting params: {'C': 0.037275937203149416, 'kernel_params': [{'name': 'propagation', 'with_attributes': True, 't_max': 20}], 'normalize': True}
2026-01-12 17:28:41,038 INFO Params set successfully. GK created: True
2026-01-12 17:28:41,040 INFO Setting params: {'C': 0.19306977288832497, 'kernel_params': [{'name': 'propagation', 'with_attributes': True, 't_max': 1}], 'normalize': True}
2026-01-12 17:28:41,040 INFO Params set successfully. GK created: True
2026-01-12 17:28:41,043 INFO Setting params: {'C': 0.19306977288832497, 'kernel_params': [{'name': 'propagation', 'with_attributes': True, 't_max': 3}], 'normalize': True}
2026-01-12 17:28:41,043 INFO Params set successfully. GK created: True
2026-01-12 17:28:41,045 INFO Setting params: {'C': 0.19306977288832497, 'kernel_params': [{'name': 'propagation', 'with_attributes': True, 't_max': 5}], 'normalize': True}
2026-01-12 17:28:41,045 INFO Params set successfully. GK created: True
2026-01-12 17:28:41,047 INFO Setting params: {'C': 0.19306977288832497, 'kernel_params': [{'name': 'propagation', 'with_attributes': True, 't_max': 8}], 'normalize': True}
2026-01-12 17:28:41,047 INFO Params set successfully. GK created: True
2026-01-12 17:28:41,049 INFO Setting params: {'C': 0.19306977288832497, 'kernel_params': [{'name': 'propagation', 'with_attributes': True, 't_max': 10}], 'normalize': True}
2026-01-12 17:28:41,049 INFO Params set successfully. GK created: True
2026-01-12 17:28:41,051 INFO Setting params: {'C': 0.19306977288832497, 'kernel_params': [{'name': 'propagation', 'with_attributes': True, 't_max': 15}], 'normalize': True}
2026-01-12 17:28:41,051 INFO Params set successfully. GK created: True
2026-01-12 17:28:41,053 INFO Setting params: {'C': 0.19306977288832497, 'kernel_params': [{'name': 'propagation', 'with_attributes': True, 't_max': 20}], 'normalize': True}
2026-01-12 17:28:41,053 INFO Params set successfully. GK created: True
2026-01-12 17:28:41,055 INFO Setting params: {'C': 1.0, 'kernel_params': [{'name': 'propagation', 'with_attributes': True, 't_max': 1}], 'normalize': True}
2026-01-12 17:28:41,055 INFO Params set successfully. GK created: True
2026-01-12 17:28:41,059 INFO Setting params: {'C': 1.0, 'kernel_params': [{'name': 'propagation', 'with_attributes': True, 't_max': 3}], 'normalize': True}
2026-01-12 17:28:41,059 INFO Params set successfully. GK created: True
2026-01-12 17:28:41,061 INFO Setting params: {'C': 1.0, 'kernel_params': [{'name': 'propagation', 'with_attributes': True, 't_max': 5}], 'normalize': True}
2026-01-12 17:28:41,061 INFO Params set successfully. GK created: True
2026-01-12 17:28:41,063 INFO Setting params: {'C': 1.0, 'kernel_params': [{'name': 'propagation', 'with_attributes': True, 't_max': 8}], 'normalize': True}
2026-01-12 17:28:41,063 INFO Params set successfully. GK created: True
2026-01-12 17:28:41,065 INFO Setting params: {'C': 1.0, 'kernel_params': [{'name': 'propagation', 'with_attributes': True, 't_max': 10}], 'normalize': True}
2026-01-12 17:28:41,065 INFO Params set successfully. GK created: True
2026-01-12 17:28:41,068 INFO Setting params: {'C': 1.0, 'kernel_params': [{'name': 'propagation', 'with_attributes': True, 't_max': 15}], 'normalize': True}
2026-01-12 17:28:41,068 INFO Params set successfully. GK created: True
2026-01-12 17:28:41,070 INFO Setting params: {'C': 1.0, 'kernel_params': [{'name': 'propagation', 'with_attributes': True, 't_max': 20}], 'normalize': True}
2026-01-12 17:28:41,070 INFO Params set successfully. GK created: True
2026-01-12 17:28:41,072 INFO Setting params: {'C': 5.1794746792312125, 'kernel_params': [{'name': 'propagation', 'with_attributes': True, 't_max': 1}], 'normalize': True}
2026-01-12 17:28:41,072 INFO Params set successfully. GK created: True
2026-01-12 17:28:41,076 INFO Setting params: {'C': 5.1794746792312125, 'kernel_params': [{'name': 'propagation', 'with_attributes': True, 't_max': 3}], 'normalize': True}
2026-01-12 17:28:41,076 INFO Params set successfully. GK created: True
2026-01-12 17:28:41,078 INFO Setting params: {'C': 5.1794746792312125, 'kernel_params': [{'name': 'propagation', 'with_attributes': True, 't_max': 5}], 'normalize': True}
2026-01-12 17:28:41,078 INFO Params set successfully. GK created: True
2026-01-12 17:28:41,080 INFO Setting params: {'C': 5.1794746792312125, 'kernel_params': [{'name': 'propagation', 'with_attributes': True, 't_max': 8}], 'normalize': True}
2026-01-12 17:28:41,080 INFO Params set successfully. GK created: True
2026-01-12 17:28:41,082 INFO Setting params: {'C': 5.1794746792312125, 'kernel_params': [{'name': 'propagation', 'with_attributes': True, 't_max': 10}], 'normalize': True}
2026-01-12 17:28:41,082 INFO Params set successfully. GK created: True
2026-01-12 17:28:41,084 INFO Setting params: {'C': 5.1794746792312125, 'kernel_params': [{'name': 'propagation', 'with_attributes': True, 't_max': 15}], 'normalize': True}
2026-01-12 17:28:41,085 INFO Params set successfully. GK created: True
2026-01-12 17:28:41,087 INFO Setting params: {'C': 5.1794746792312125, 'kernel_params': [{'name': 'propagation', 'with_attributes': True, 't_max': 20}], 'normalize': True}
2026-01-12 17:28:41,087 INFO Params set successfully. GK created: True
2026-01-12 17:28:41,089 INFO Setting params: {'C': 26.826957952797272, 'kernel_params': [{'name': 'propagation', 'with_attributes': True, 't_max': 1}], 'normalize': True}
2026-01-12 17:28:41,089 INFO Params set successfully. GK created: True
2026-01-12 17:28:41,092 INFO Setting params: {'C': 26.826957952797272, 'kernel_params': [{'name': 'propagation', 'with_attributes': True, 't_max': 3}], 'normalize': True}
2026-01-12 17:28:41,093 INFO Params set successfully. GK created: True
2026-01-12 17:28:41,095 INFO Setting params: {'C': 26.826957952797272, 'kernel_params': [{'name': 'propagation', 'with_attributes': True, 't_max': 5}], 'normalize': True}
2026-01-12 17:28:41,095 INFO Params set successfully. GK created: True
2026-01-12 17:28:41,097 INFO Setting params: {'C': 26.826957952797272, 'kernel_params': [{'name': 'propagation', 'with_attributes': True, 't_max': 8}], 'normalize': True}
2026-01-12 17:28:41,097 INFO Params set successfully. GK created: True
2026-01-12 17:28:41,099 INFO Setting params: {'C': 26.826957952797272, 'kernel_params': [{'name': 'propagation', 'with_attributes': True, 't_max': 10}], 'normalize': True}
2026-01-12 17:28:41,099 INFO Params set successfully. GK created: True
2026-01-12 17:28:41,102 INFO Setting params: {'C': 26.826957952797272, 'kernel_params': [{'name': 'propagation', 'with_attributes': True, 't_max': 15}], 'normalize': True}
2026-01-12 17:28:41,102 INFO Params set successfully. GK created: True
2026-01-12 17:28:41,104 INFO Setting params: {'C': 26.826957952797272, 'kernel_params': [{'name': 'propagation', 'with_attributes': True, 't_max': 20}], 'normalize': True}
2026-01-12 17:28:41,104 INFO Params set successfully. GK created: True
2026-01-12 17:28:41,106 INFO Setting params: {'C': 138.9495494373139, 'kernel_params': [{'name': 'propagation', 'with_attributes': True, 't_max': 1}], 'normalize': True}
2026-01-12 17:28:41,106 INFO Params set successfully. GK created: True
2026-01-12 17:28:41,110 INFO Setting params: {'C': 138.9495494373139, 'kernel_params': [{'name': 'propagation', 'with_attributes': True, 't_max': 3}], 'normalize': True}
2026-01-12 17:28:41,110 INFO Params set successfully. GK created: True
2026-01-12 17:28:41,112 INFO Setting params: {'C': 138.9495494373139, 'kernel_params': [{'name': 'propagation', 'with_attributes': True, 't_max': 5}], 'normalize': True}
2026-01-12 17:28:41,112 INFO Params set successfully. GK created: True
2026-01-12 17:28:41,115 INFO Setting params: {'C': 138.9495494373139, 'kernel_params': [{'name': 'propagation', 'with_attributes': True, 't_max': 8}], 'normalize': True}
2026-01-12 17:28:41,115 INFO Params set successfully. GK created: True
2026-01-12 17:28:41,117 INFO Setting params: {'C': 138.9495494373139, 'kernel_params': [{'name': 'propagation', 'with_attributes': True, 't_max': 10}], 'normalize': True}
2026-01-12 17:28:41,118 INFO Params set successfully. GK created: True
2026-01-12 17:28:41,120 INFO Setting params: {'C': 138.9495494373139, 'kernel_params': [{'name': 'propagation', 'with_attributes': True, 't_max': 15}], 'normalize': True}
2026-01-12 17:28:41,120 INFO Params set successfully. GK created: True
2026-01-12 17:28:41,122 INFO Setting params: {'C': 138.9495494373139, 'kernel_params': [{'name': 'propagation', 'with_attributes': True, 't_max': 20}], 'normalize': True}
2026-01-12 17:28:41,122 INFO Params set successfully. GK created: True
2026-01-12 17:28:41,124 INFO Setting params: {'C': 719.6856730011528, 'kernel_params': [{'name': 'propagation', 'with_attributes': True, 't_max': 1}], 'normalize': True}
2026-01-12 17:28:41,124 INFO Params set successfully. GK created: True
2026-01-12 17:28:41,128 INFO Setting params: {'C': 719.6856730011528, 'kernel_params': [{'name': 'propagation', 'with_attributes': True, 't_max': 3}], 'normalize': True}
2026-01-12 17:28:41,128 INFO Params set successfully. GK created: True
2026-01-12 17:28:41,131 INFO Setting params: {'C': 719.6856730011528, 'kernel_params': [{'name': 'propagation', 'with_attributes': True, 't_max': 5}], 'normalize': True}
2026-01-12 17:28:41,131 INFO Params set successfully. GK created: True
2026-01-12 17:28:41,133 INFO Setting params: {'C': 719.6856730011528, 'kernel_params': [{'name': 'propagation', 'with_attributes': True, 't_max': 8}], 'normalize': True}
2026-01-12 17:28:41,133 INFO Params set successfully. GK created: True
2026-01-12 17:28:41,136 INFO Setting params: {'C': 719.6856730011528, 'kernel_params': [{'name': 'propagation', 'with_attributes': True, 't_max': 10}], 'normalize': True}
2026-01-12 17:28:41,136 INFO Params set successfully. GK created: True
2026-01-12 17:28:41,139 INFO Setting params: {'C': 719.6856730011528, 'kernel_params': [{'name': 'propagation', 'with_attributes': True, 't_max': 15}], 'normalize': True}
2026-01-12 17:28:41,139 INFO Params set successfully. GK created: True
2026-01-12 17:28:41,141 INFO Setting params: {'C': 719.6856730011528, 'kernel_params': [{'name': 'propagation', 'with_attributes': True, 't_max': 20}], 'normalize': True}
2026-01-12 17:28:41,141 INFO Params set successfully. GK created: True
2026-01-12 17:28:41,144 INFO Setting params: {'C': 3727.593720314938, 'kernel_params': [{'name': 'propagation', 'with_attributes': True, 't_max': 1}], 'normalize': True}
2026-01-12 17:28:41,144 INFO Params set successfully. GK created: True
2026-01-12 17:28:41,147 INFO Setting params: {'C': 3727.593720314938, 'kernel_params': [{'name': 'propagation', 'with_attributes': True, 't_max': 3}], 'normalize': True}
2026-01-12 17:28:41,147 INFO Params set successfully. GK created: True
2026-01-12 17:28:41,150 INFO Setting params: {'C': 3727.593720314938, 'kernel_params': [{'name': 'propagation', 'with_attributes': True, 't_max': 5}], 'normalize': True}
2026-01-12 17:28:41,150 INFO Params set successfully. GK created: True
2026-01-12 17:28:41,153 INFO Setting params: {'C': 3727.593720314938, 'kernel_params': [{'name': 'propagation', 'with_attributes': True, 't_max': 8}], 'normalize': True}
2026-01-12 17:28:41,153 INFO Params set successfully. GK created: True
2026-01-12 17:28:41,156 INFO Setting params: {'C': 3727.593720314938, 'kernel_params': [{'name': 'propagation', 'with_attributes': True, 't_max': 10}], 'normalize': True}
2026-01-12 17:28:41,156 INFO Params set successfully. GK created: True
2026-01-12 17:28:41,158 INFO Setting params: {'C': 3727.593720314938, 'kernel_params': [{'name': 'propagation', 'with_attributes': True, 't_max': 15}], 'normalize': True}
2026-01-12 17:28:41,158 INFO Params set successfully. GK created: True
2026-01-12 17:28:41,160 INFO Setting params: {'C': 3727.593720314938, 'kernel_params': [{'name': 'propagation', 'with_attributes': True, 't_max': 20}], 'normalize': True}
2026-01-12 17:28:41,161 INFO Params set successfully. GK created: True
2026-01-12 17:28:41,163 INFO Setting params: {'C': 19306.977288832535, 'kernel_params': [{'name': 'propagation', 'with_attributes': True, 't_max': 1}], 'normalize': True}
2026-01-12 17:28:41,163 INFO Params set successfully. GK created: True
2026-01-12 17:28:41,167 INFO Setting params: {'C': 19306.977288832535, 'kernel_params': [{'name': 'propagation', 'with_attributes': True, 't_max': 3}], 'normalize': True}
2026-01-12 17:28:41,167 INFO Params set successfully. GK created: True
2026-01-12 17:28:41,169 INFO Setting params: {'C': 19306.977288832535, 'kernel_params': [{'name': 'propagation', 'with_attributes': True, 't_max': 5}], 'normalize': True}
2026-01-12 17:28:41,169 INFO Params set successfully. GK created: True
2026-01-12 17:28:41,172 INFO Setting params: {'C': 19306.977288832535, 'kernel_params': [{'name': 'propagation', 'with_attributes': True, 't_max': 8}], 'normalize': True}
2026-01-12 17:28:41,172 INFO Params set successfully. GK created: True
2026-01-12 17:28:41,175 INFO Setting params: {'C': 19306.977288832535, 'kernel_params': [{'name': 'propagation', 'with_attributes': True, 't_max': 10}], 'normalize': True}
2026-01-12 17:28:41,175 INFO Params set successfully. GK created: True
2026-01-12 17:28:41,177 INFO Setting params: {'C': 19306.977288832535, 'kernel_params': [{'name': 'propagation', 'with_attributes': True, 't_max': 15}], 'normalize': True}
2026-01-12 17:28:41,178 INFO Params set successfully. GK created: True
2026-01-12 17:28:41,180 INFO Setting params: {'C': 19306.977288832535, 'kernel_params': [{'name': 'propagation', 'with_attributes': True, 't_max': 20}], 'normalize': True}
2026-01-12 17:28:41,180 INFO Params set successfully. GK created: True
2026-01-12 17:28:41,182 INFO Setting params: {'C': 100000.0, 'kernel_params': [{'name': 'propagation', 'with_attributes': True, 't_max': 1}], 'normalize': True}
2026-01-12 17:28:41,182 INFO Params set successfully. GK created: True
2026-01-12 17:28:41,186 INFO Setting params: {'C': 100000.0, 'kernel_params': [{'name': 'propagation', 'with_attributes': True, 't_max': 3}], 'normalize': True}
2026-01-12 17:28:41,186 INFO Params set successfully. GK created: True
2026-01-12 17:28:41,189 INFO Setting params: {'C': 100000.0, 'kernel_params': [{'name': 'propagation', 'with_attributes': True, 't_max': 5}], 'normalize': True}
2026-01-12 17:28:41,189 INFO Params set successfully. GK created: True
2026-01-12 17:28:41,191 INFO Setting params: {'C': 100000.0, 'kernel_params': [{'name': 'propagation', 'with_attributes': True, 't_max': 8}], 'normalize': True}
2026-01-12 17:28:41,191 INFO Params set successfully. GK created: True
2026-01-12 17:28:41,194 INFO Setting params: {'C': 100000.0, 'kernel_params': [{'name': 'propagation', 'with_attributes': True, 't_max': 10}], 'normalize': True}
2026-01-12 17:28:41,194 INFO Params set successfully. GK created: True
2026-01-12 17:28:41,197 INFO Setting params: {'C': 100000.0, 'kernel_params': [{'name': 'propagation', 'with_attributes': True, 't_max': 15}], 'normalize': True}
2026-01-12 17:28:41,197 INFO Params set successfully. GK created: True
2026-01-12 17:28:41,199 INFO Setting params: {'C': 100000.0, 'kernel_params': [{'name': 'propagation', 'with_attributes': True, 't_max': 20}], 'normalize': True}
2026-01-12 17:28:41,199 INFO Params set successfully. GK created: True
2026-01-12 17:28:41,202 INFO Setting params: {'C': 1e-05, 'kernel_params': [{'name': 'propagation', 'with_attributes': True, 't_max': 1}], 'normalize': True}
2026-01-12 17:28:41,202 INFO Params set successfully. GK created: True
2026-01-12 17:28:41,204 INFO Setting params: {'C': 1e-05, 'kernel_params': [{'name': 'propagation', 'with_attributes': True, 't_max': 3}], 'normalize': True}
2026-01-12 17:28:41,204 INFO Params set successfully. GK created: True
2026-01-12 17:28:41,206 INFO Setting params: {'C': 1e-05, 'kernel_params': [{'name': 'propagation', 'with_attributes': True, 't_max': 5}], 'normalize': True}
2026-01-12 17:28:41,206 INFO Params set successfully. GK created: True
2026-01-12 17:28:41,208 INFO Setting params: {'C': 1e-05, 'kernel_params': [{'name': 'propagation', 'with_attributes': True, 't_max': 8}], 'normalize': True}
2026-01-12 17:28:41,208 INFO Params set successfully. GK created: True
2026-01-12 17:28:41,210 INFO Setting params: {'C': 1e-05, 'kernel_params': [{'name': 'propagation', 'with_attributes': True, 't_max': 10}], 'normalize': True}
2026-01-12 17:28:41,210 INFO Params set successfully. GK created: True
2026-01-12 17:28:41,212 INFO Setting params: {'C': 1e-05, 'kernel_params': [{'name': 'propagation', 'with_attributes': True, 't_max': 15}], 'normalize': True}
2026-01-12 17:28:41,212 INFO Params set successfully. GK created: True
2026-01-12 17:28:41,214 INFO Setting params: {'C': 1e-05, 'kernel_params': [{'name': 'propagation', 'with_attributes': True, 't_max': 20}], 'normalize': True}
2026-01-12 17:28:41,214 INFO Params set successfully. GK created: True
2026-01-12 17:28:41,216 INFO Setting params: {'C': 5.1794746792312125e-05, 'kernel_params': [{'name': 'propagation', 'with_attributes': True, 't_max': 1}], 'normalize': True}
2026-01-12 17:28:41,216 INFO Params set successfully. GK created: True
2026-01-12 17:28:41,218 INFO Setting params: {'C': 5.1794746792312125e-05, 'kernel_params': [{'name': 'propagation', 'with_attributes': True, 't_max': 3}], 'normalize': True}
2026-01-12 17:28:41,218 INFO Params set successfully. GK created: True
2026-01-12 17:28:41,220 INFO Setting params: {'C': 5.1794746792312125e-05, 'kernel_params': [{'name': 'propagation', 'with_attributes': True, 't_max': 5}], 'normalize': True}
2026-01-12 17:28:41,220 INFO Params set successfully. GK created: True
2026-01-12 17:28:41,222 INFO Setting params: {'C': 5.1794746792312125e-05, 'kernel_params': [{'name': 'propagation', 'with_attributes': True, 't_max': 8}], 'normalize': True}
2026-01-12 17:28:41,222 INFO Params set successfully. GK created: True
2026-01-12 17:28:41,224 INFO Setting params: {'C': 5.1794746792312125e-05, 'kernel_params': [{'name': 'propagation', 'with_attributes': True, 't_max': 10}], 'normalize': True}
2026-01-12 17:28:41,224 INFO Params set successfully. GK created: True
2026-01-12 17:28:41,226 INFO Setting params: {'C': 5.1794746792312125e-05, 'kernel_params': [{'name': 'propagation', 'with_attributes': True, 't_max': 15}], 'normalize': True}
2026-01-12 17:28:41,226 INFO Params set successfully. GK created: True
2026-01-12 17:28:41,228 INFO Setting params: {'C': 5.1794746792312125e-05, 'kernel_params': [{'name': 'propagation', 'with_attributes': True, 't_max': 20}], 'normalize': True}
2026-01-12 17:28:41,228 INFO Params set successfully. GK created: True
2026-01-12 17:28:41,230 INFO Setting params: {'C': 0.0002682695795279727, 'kernel_params': [{'name': 'propagation', 'with_attributes': True, 't_max': 1}], 'normalize': True}
2026-01-12 17:28:41,230 INFO Params set successfully. GK created: True
2026-01-12 17:28:41,232 INFO Setting params: {'C': 0.0002682695795279727, 'kernel_params': [{'name': 'propagation', 'with_attributes': True, 't_max': 3}], 'normalize': True}
2026-01-12 17:28:41,232 INFO Params set successfully. GK created: True
2026-01-12 17:28:41,234 INFO Setting params: {'C': 0.0002682695795279727, 'kernel_params': [{'name': 'propagation', 'with_attributes': True, 't_max': 5}], 'normalize': True}
2026-01-12 17:28:41,234 INFO Params set successfully. GK created: True
2026-01-12 17:28:41,236 INFO Setting params: {'C': 0.0002682695795279727, 'kernel_params': [{'name': 'propagation', 'with_attributes': True, 't_max': 8}], 'normalize': True}
2026-01-12 17:28:41,236 INFO Params set successfully. GK created: True
2026-01-12 17:28:41,238 INFO Setting params: {'C': 0.0002682695795279727, 'kernel_params': [{'name': 'propagation', 'with_attributes': True, 't_max': 10}], 'normalize': True}
2026-01-12 17:28:41,238 INFO Params set successfully. GK created: True
2026-01-12 17:28:41,240 INFO Setting params: {'C': 0.0002682695795279727, 'kernel_params': [{'name': 'propagation', 'with_attributes': True, 't_max': 15}], 'normalize': True}
2026-01-12 17:28:41,240 INFO Params set successfully. GK created: True
2026-01-12 17:28:41,242 INFO Setting params: {'C': 0.0002682695795279727, 'kernel_params': [{'name': 'propagation', 'with_attributes': True, 't_max': 20}], 'normalize': True}
2026-01-12 17:28:41,242 INFO Params set successfully. GK created: True
2026-01-12 17:28:41,244 INFO Setting params: {'C': 0.0013894954943731374, 'kernel_params': [{'name': 'propagation', 'with_attributes': True, 't_max': 1}], 'normalize': True}
2026-01-12 17:28:41,244 INFO Params set successfully. GK created: True
2026-01-12 17:28:41,246 INFO Setting params: {'C': 0.0013894954943731374, 'kernel_params': [{'name': 'propagation', 'with_attributes': True, 't_max': 3}], 'normalize': True}
2026-01-12 17:28:41,246 INFO Params set successfully. GK created: True
2026-01-12 17:28:41,248 INFO Setting params: {'C': 0.0013894954943731374, 'kernel_params': [{'name': 'propagation', 'with_attributes': True, 't_max': 5}], 'normalize': True}
2026-01-12 17:28:41,248 INFO Params set successfully. GK created: True
2026-01-12 17:28:41,250 INFO Setting params: {'C': 0.0013894954943731374, 'kernel_params': [{'name': 'propagation', 'with_attributes': True, 't_max': 8}], 'normalize': True}
2026-01-12 17:28:41,250 INFO Params set successfully. GK created: True
2026-01-12 17:28:41,252 INFO Setting params: {'C': 0.0013894954943731374, 'kernel_params': [{'name': 'propagation', 'with_attributes': True, 't_max': 10}], 'normalize': True}
2026-01-12 17:28:41,252 INFO Params set successfully. GK created: True
2026-01-12 17:28:41,254 INFO Setting params: {'C': 0.0013894954943731374, 'kernel_params': [{'name': 'propagation', 'with_attributes': True, 't_max': 15}], 'normalize': True}
2026-01-12 17:28:41,254 INFO Params set successfully. GK created: True
2026-01-12 17:28:41,256 INFO Setting params: {'C': 0.0013894954943731374, 'kernel_params': [{'name': 'propagation', 'with_attributes': True, 't_max': 20}], 'normalize': True}
2026-01-12 17:28:41,257 INFO Params set successfully. GK created: True
2026-01-12 17:28:41,258 INFO Setting params: {'C': 0.0071968567300115215, 'kernel_params': [{'name': 'propagation', 'with_attributes': True, 't_max': 1}], 'normalize': True}
2026-01-12 17:28:41,259 INFO Params set successfully. GK created: True
2026-01-12 17:28:41,261 INFO Setting params: {'C': 0.0071968567300115215, 'kernel_params': [{'name': 'propagation', 'with_attributes': True, 't_max': 3}], 'normalize': True}
2026-01-12 17:28:41,261 INFO Params set successfully. GK created: True
2026-01-12 17:28:41,263 INFO Setting params: {'C': 0.0071968567300115215, 'kernel_params': [{'name': 'propagation', 'with_attributes': True, 't_max': 5}], 'normalize': True}
2026-01-12 17:28:41,263 INFO Params set successfully. GK created: True
2026-01-12 17:28:41,265 INFO Setting params: {'C': 0.0071968567300115215, 'kernel_params': [{'name': 'propagation', 'with_attributes': True, 't_max': 8}], 'normalize': True}
2026-01-12 17:28:41,265 INFO Params set successfully. GK created: True
2026-01-12 17:28:41,267 INFO Setting params: {'C': 0.0071968567300115215, 'kernel_params': [{'name': 'propagation', 'with_attributes': True, 't_max': 10}], 'normalize': True}
2026-01-12 17:28:41,267 INFO Params set successfully. GK created: True
2026-01-12 17:28:41,269 INFO Setting params: {'C': 0.0071968567300115215, 'kernel_params': [{'name': 'propagation', 'with_attributes': True, 't_max': 15}], 'normalize': True}
2026-01-12 17:28:41,269 INFO Params set successfully. GK created: True
2026-01-12 17:28:41,271 INFO Setting params: {'C': 0.0071968567300115215, 'kernel_params': [{'name': 'propagation', 'with_attributes': True, 't_max': 20}], 'normalize': True}
2026-01-12 17:28:41,271 INFO Params set successfully. GK created: True
2026-01-12 17:28:41,273 INFO Setting params: {'C': 0.037275937203149416, 'kernel_params': [{'name': 'propagation', 'with_attributes': True, 't_max': 1}], 'normalize': True}
2026-01-12 17:28:41,273 INFO Params set successfully. GK created: True
2026-01-12 17:28:41,276 INFO Setting params: {'C': 0.037275937203149416, 'kernel_params': [{'name': 'propagation', 'with_attributes': True, 't_max': 3}], 'normalize': True}
2026-01-12 17:28:41,276 INFO Params set successfully. GK created: True
2026-01-12 17:28:41,278 INFO Setting params: {'C': 0.037275937203149416, 'kernel_params': [{'name': 'propagation', 'with_attributes': True, 't_max': 5}], 'normalize': True}
2026-01-12 17:28:41,278 INFO Params set successfully. GK created: True
2026-01-12 17:28:41,280 INFO Setting params: {'C': 0.037275937203149416, 'kernel_params': [{'name': 'propagation', 'with_attributes': True, 't_max': 8}], 'normalize': True}
2026-01-12 17:28:41,280 INFO Params set successfully. GK created: True
2026-01-12 17:28:41,282 INFO Setting params: {'C': 0.037275937203149416, 'kernel_params': [{'name': 'propagation', 'with_attributes': True, 't_max': 10}], 'normalize': True}
2026-01-12 17:28:41,282 INFO Params set successfully. GK created: True
2026-01-12 17:28:41,284 INFO Setting params: {'C': 0.037275937203149416, 'kernel_params': [{'name': 'propagation', 'with_attributes': True, 't_max': 15}], 'normalize': True}
2026-01-12 17:28:41,284 INFO Params set successfully. GK created: True
2026-01-12 17:28:41,286 INFO Setting params: {'C': 0.037275937203149416, 'kernel_params': [{'name': 'propagation', 'with_attributes': True, 't_max': 20}], 'normalize': True}
2026-01-12 17:28:41,286 INFO Params set successfully. GK created: True
2026-01-12 17:28:41,288 INFO Setting params: {'C': 0.19306977288832497, 'kernel_params': [{'name': 'propagation', 'with_attributes': True, 't_max': 1}], 'normalize': True}
2026-01-12 17:28:41,288 INFO Params set successfully. GK created: True
2026-01-12 17:28:41,291 INFO Setting params: {'C': 0.19306977288832497, 'kernel_params': [{'name': 'propagation', 'with_attributes': True, 't_max': 3}], 'normalize': True}
2026-01-12 17:28:41,291 INFO Params set successfully. GK created: True
2026-01-12 17:28:41,293 INFO Setting params: {'C': 0.19306977288832497, 'kernel_params': [{'name': 'propagation', 'with_attributes': True, 't_max': 5}], 'normalize': True}
2026-01-12 17:28:41,293 INFO Params set successfully. GK created: True
2026-01-12 17:28:41,295 INFO Setting params: {'C': 0.19306977288832497, 'kernel_params': [{'name': 'propagation', 'with_attributes': True, 't_max': 8}], 'normalize': True}
2026-01-12 17:28:41,295 INFO Params set successfully. GK created: True
2026-01-12 17:28:41,297 INFO Setting params: {'C': 0.19306977288832497, 'kernel_params': [{'name': 'propagation', 'with_attributes': True, 't_max': 10}], 'normalize': True}
2026-01-12 17:28:41,297 INFO Params set successfully. GK created: True
2026-01-12 17:28:41,299 INFO Setting params: {'C': 0.19306977288832497, 'kernel_params': [{'name': 'propagation', 'with_attributes': True, 't_max': 15}], 'normalize': True}
2026-01-12 17:28:41,300 INFO Params set successfully. GK created: True
2026-01-12 17:28:41,302 INFO Setting params: {'C': 0.19306977288832497, 'kernel_params': [{'name': 'propagation', 'with_attributes': True, 't_max': 20}], 'normalize': True}
2026-01-12 17:28:41,302 INFO Params set successfully. GK created: True
2026-01-12 17:28:41,304 INFO Setting params: {'C': 1.0, 'kernel_params': [{'name': 'propagation', 'with_attributes': True, 't_max': 1}], 'normalize': True}
2026-01-12 17:28:41,304 INFO Params set successfully. GK created: True
2026-01-12 17:28:41,307 INFO Setting params: {'C': 1.0, 'kernel_params': [{'name': 'propagation', 'with_attributes': True, 't_max': 3}], 'normalize': True}
2026-01-12 17:28:41,307 INFO Params set successfully. GK created: True
2026-01-12 17:28:41,309 INFO Setting params: {'C': 1.0, 'kernel_params': [{'name': 'propagation', 'with_attributes': True, 't_max': 5}], 'normalize': True}
2026-01-12 17:28:41,309 INFO Params set successfully. GK created: True
2026-01-12 17:28:41,311 INFO Setting params: {'C': 1.0, 'kernel_params': [{'name': 'propagation', 'with_attributes': True, 't_max': 8}], 'normalize': True}
2026-01-12 17:28:41,312 INFO Params set successfully. GK created: True
2026-01-12 17:28:41,314 INFO Setting params: {'C': 1.0, 'kernel_params': [{'name': 'propagation', 'with_attributes': True, 't_max': 10}], 'normalize': True}
2026-01-12 17:28:41,314 INFO Params set successfully. GK created: True
2026-01-12 17:28:41,316 INFO Setting params: {'C': 1.0, 'kernel_params': [{'name': 'propagation', 'with_attributes': True, 't_max': 15}], 'normalize': True}
2026-01-12 17:28:41,316 INFO Params set successfully. GK created: True
2026-01-12 17:28:41,318 INFO Setting params: {'C': 1.0, 'kernel_params': [{'name': 'propagation', 'with_attributes': True, 't_max': 20}], 'normalize': True}
2026-01-12 17:28:41,318 INFO Params set successfully. GK created: True
2026-01-12 17:28:41,320 INFO Setting params: {'C': 5.1794746792312125, 'kernel_params': [{'name': 'propagation', 'with_attributes': True, 't_max': 1}], 'normalize': True}
2026-01-12 17:28:41,320 INFO Params set successfully. GK created: True
2026-01-12 17:28:41,324 INFO Setting params: {'C': 5.1794746792312125, 'kernel_params': [{'name': 'propagation', 'with_attributes': True, 't_max': 3}], 'normalize': True}
2026-01-12 17:28:41,324 INFO Params set successfully. GK created: True
2026-01-12 17:28:41,326 INFO Setting params: {'C': 5.1794746792312125, 'kernel_params': [{'name': 'propagation', 'with_attributes': True, 't_max': 5}], 'normalize': True}
2026-01-12 17:28:41,326 INFO Params set successfully. GK created: True
2026-01-12 17:28:41,328 INFO Setting params: {'C': 5.1794746792312125, 'kernel_params': [{'name': 'propagation', 'with_attributes': True, 't_max': 8}], 'normalize': True}
2026-01-12 17:28:41,328 INFO Params set successfully. GK created: True
2026-01-12 17:28:41,330 INFO Setting params: {'C': 5.1794746792312125, 'kernel_params': [{'name': 'propagation', 'with_attributes': True, 't_max': 10}], 'normalize': True}
2026-01-12 17:28:41,330 INFO Params set successfully. GK created: True
2026-01-12 17:28:41,333 INFO Setting params: {'C': 5.1794746792312125, 'kernel_params': [{'name': 'propagation', 'with_attributes': True, 't_max': 15}], 'normalize': True}
2026-01-12 17:28:41,333 INFO Params set successfully. GK created: True
2026-01-12 17:28:41,335 INFO Setting params: {'C': 5.1794746792312125, 'kernel_params': [{'name': 'propagation', 'with_attributes': True, 't_max': 20}], 'normalize': True}
2026-01-12 17:28:41,335 INFO Params set successfully. GK created: True
2026-01-12 17:28:41,337 INFO Setting params: {'C': 26.826957952797272, 'kernel_params': [{'name': 'propagation', 'with_attributes': True, 't_max': 1}], 'normalize': True}
2026-01-12 17:28:41,337 INFO Params set successfully. GK created: True
2026-01-12 17:28:41,341 INFO Setting params: {'C': 26.826957952797272, 'kernel_params': [{'name': 'propagation', 'with_attributes': True, 't_max': 3}], 'normalize': True}
2026-01-12 17:28:41,341 INFO Params set successfully. GK created: True
2026-01-12 17:28:41,343 INFO Setting params: {'C': 26.826957952797272, 'kernel_params': [{'name': 'propagation', 'with_attributes': True, 't_max': 5}], 'normalize': True}
2026-01-12 17:28:41,343 INFO Params set successfully. GK created: True
2026-01-12 17:28:41,345 INFO Setting params: {'C': 26.826957952797272, 'kernel_params': [{'name': 'propagation', 'with_attributes': True, 't_max': 8}], 'normalize': True}
2026-01-12 17:28:41,345 INFO Params set successfully. GK created: True
2026-01-12 17:28:41,348 INFO Setting params: {'C': 26.826957952797272, 'kernel_params': [{'name': 'propagation', 'with_attributes': True, 't_max': 10}], 'normalize': True}
2026-01-12 17:28:41,348 INFO Params set successfully. GK created: True
2026-01-12 17:28:41,350 INFO Setting params: {'C': 26.826957952797272, 'kernel_params': [{'name': 'propagation', 'with_attributes': True, 't_max': 15}], 'normalize': True}
2026-01-12 17:28:41,350 INFO Params set successfully. GK created: True
2026-01-12 17:28:41,352 INFO Setting params: {'C': 26.826957952797272, 'kernel_params': [{'name': 'propagation', 'with_attributes': True, 't_max': 20}], 'normalize': True}
2026-01-12 17:28:41,352 INFO Params set successfully. GK created: True
2026-01-12 17:28:41,354 INFO Setting params: {'C': 138.9495494373139, 'kernel_params': [{'name': 'propagation', 'with_attributes': True, 't_max': 1}], 'normalize': True}
2026-01-12 17:28:41,354 INFO Params set successfully. GK created: True
2026-01-12 17:28:41,358 INFO Setting params: {'C': 138.9495494373139, 'kernel_params': [{'name': 'propagation', 'with_attributes': True, 't_max': 3}], 'normalize': True}
2026-01-12 17:28:41,358 INFO Params set successfully. GK created: True
2026-01-12 17:28:41,360 INFO Setting params: {'C': 138.9495494373139, 'kernel_params': [{'name': 'propagation', 'with_attributes': True, 't_max': 5}], 'normalize': True}
2026-01-12 17:28:41,360 INFO Params set successfully. GK created: True
2026-01-12 17:28:41,363 INFO Setting params: {'C': 138.9495494373139, 'kernel_params': [{'name': 'propagation', 'with_attributes': True, 't_max': 8}], 'normalize': True}
2026-01-12 17:28:41,363 INFO Params set successfully. GK created: True
2026-01-12 17:28:41,366 INFO Setting params: {'C': 138.9495494373139, 'kernel_params': [{'name': 'propagation', 'with_attributes': True, 't_max': 10}], 'normalize': True}
2026-01-12 17:28:41,366 INFO Params set successfully. GK created: True
2026-01-12 17:28:41,368 INFO Setting params: {'C': 138.9495494373139, 'kernel_params': [{'name': 'propagation', 'with_attributes': True, 't_max': 15}], 'normalize': True}
2026-01-12 17:28:41,368 INFO Params set successfully. GK created: True
2026-01-12 17:28:41,370 INFO Setting params: {'C': 138.9495494373139, 'kernel_params': [{'name': 'propagation', 'with_attributes': True, 't_max': 20}], 'normalize': True}
2026-01-12 17:28:41,370 INFO Params set successfully. GK created: True
2026-01-12 17:28:41,372 INFO Setting params: {'C': 719.6856730011528, 'kernel_params': [{'name': 'propagation', 'with_attributes': True, 't_max': 1}], 'normalize': True}
2026-01-12 17:28:41,373 INFO Params set successfully. GK created: True
2026-01-12 17:28:41,376 INFO Setting params: {'C': 719.6856730011528, 'kernel_params': [{'name': 'propagation', 'with_attributes': True, 't_max': 3}], 'normalize': True}
2026-01-12 17:28:41,376 INFO Params set successfully. GK created: True
2026-01-12 17:28:41,379 INFO Setting params: {'C': 719.6856730011528, 'kernel_params': [{'name': 'propagation', 'with_attributes': True, 't_max': 5}], 'normalize': True}
2026-01-12 17:28:41,379 INFO Params set successfully. GK created: True
2026-01-12 17:28:41,381 INFO Setting params: {'C': 719.6856730011528, 'kernel_params': [{'name': 'propagation', 'with_attributes': True, 't_max': 8}], 'normalize': True}
2026-01-12 17:28:41,382 INFO Params set successfully. GK created: True
2026-01-12 17:28:41,384 INFO Setting params: {'C': 719.6856730011528, 'kernel_params': [{'name': 'propagation', 'with_attributes': True, 't_max': 10}], 'normalize': True}
2026-01-12 17:28:41,384 INFO Params set successfully. GK created: True
2026-01-12 17:28:41,387 INFO Setting params: {'C': 719.6856730011528, 'kernel_params': [{'name': 'propagation', 'with_attributes': True, 't_max': 15}], 'normalize': True}
2026-01-12 17:28:41,387 INFO Params set successfully. GK created: True
2026-01-12 17:28:41,389 INFO Setting params: {'C': 719.6856730011528, 'kernel_params': [{'name': 'propagation', 'with_attributes': True, 't_max': 20}], 'normalize': True}
2026-01-12 17:28:41,389 INFO Params set successfully. GK created: True
2026-01-12 17:28:41,392 INFO Setting params: {'C': 3727.593720314938, 'kernel_params': [{'name': 'propagation', 'with_attributes': True, 't_max': 1}], 'normalize': True}
2026-01-12 17:28:41,392 INFO Params set successfully. GK created: True
2026-01-12 17:28:41,395 INFO Setting params: {'C': 3727.593720314938, 'kernel_params': [{'name': 'propagation', 'with_attributes': True, 't_max': 3}], 'normalize': True}
2026-01-12 17:28:41,395 INFO Params set successfully. GK created: True
2026-01-12 17:28:41,398 INFO Setting params: {'C': 3727.593720314938, 'kernel_params': [{'name': 'propagation', 'with_attributes': True, 't_max': 5}], 'normalize': True}
2026-01-12 17:28:41,398 INFO Params set successfully. GK created: True
2026-01-12 17:28:41,401 INFO Setting params: {'C': 3727.593720314938, 'kernel_params': [{'name': 'propagation', 'with_attributes': True, 't_max': 8}], 'normalize': True}
2026-01-12 17:28:41,401 INFO Params set successfully. GK created: True
2026-01-12 17:28:41,404 INFO Setting params: {'C': 3727.593720314938, 'kernel_params': [{'name': 'propagation', 'with_attributes': True, 't_max': 10}], 'normalize': True}
2026-01-12 17:28:41,404 INFO Params set successfully. GK created: True
2026-01-12 17:28:41,406 INFO Setting params: {'C': 3727.593720314938, 'kernel_params': [{'name': 'propagation', 'with_attributes': True, 't_max': 15}], 'normalize': True}
2026-01-12 17:28:41,406 INFO Params set successfully. GK created: True
2026-01-12 17:28:41,408 INFO Setting params: {'C': 3727.593720314938, 'kernel_params': [{'name': 'propagation', 'with_attributes': True, 't_max': 20}], 'normalize': True}
2026-01-12 17:28:41,409 INFO Params set successfully. GK created: True
2026-01-12 17:28:41,411 INFO Setting params: {'C': 19306.977288832535, 'kernel_params': [{'name': 'propagation', 'with_attributes': True, 't_max': 1}], 'normalize': True}
2026-01-12 17:28:41,411 INFO Params set successfully. GK created: True
2026-01-12 17:28:41,415 INFO Setting params: {'C': 19306.977288832535, 'kernel_params': [{'name': 'propagation', 'with_attributes': True, 't_max': 3}], 'normalize': True}
2026-01-12 17:28:41,415 INFO Params set successfully. GK created: True
2026-01-12 17:28:41,417 INFO Setting params: {'C': 19306.977288832535, 'kernel_params': [{'name': 'propagation', 'with_attributes': True, 't_max': 5}], 'normalize': True}
2026-01-12 17:28:41,418 INFO Params set successfully. GK created: True
2026-01-12 17:28:41,420 INFO Setting params: {'C': 19306.977288832535, 'kernel_params': [{'name': 'propagation', 'with_attributes': True, 't_max': 8}], 'normalize': True}
2026-01-12 17:28:41,420 INFO Params set successfully. GK created: True
2026-01-12 17:28:41,423 INFO Setting params: {'C': 19306.977288832535, 'kernel_params': [{'name': 'propagation', 'with_attributes': True, 't_max': 10}], 'normalize': True}
2026-01-12 17:28:41,423 INFO Params set successfully. GK created: True
2026-01-12 17:28:41,425 INFO Setting params: {'C': 19306.977288832535, 'kernel_params': [{'name': 'propagation', 'with_attributes': True, 't_max': 15}], 'normalize': True}
2026-01-12 17:28:41,425 INFO Params set successfully. GK created: True
2026-01-12 17:28:41,428 INFO Setting params: {'C': 19306.977288832535, 'kernel_params': [{'name': 'propagation', 'with_attributes': True, 't_max': 20}], 'normalize': True}
2026-01-12 17:28:41,428 INFO Params set successfully. GK created: True
2026-01-12 17:28:41,430 INFO Setting params: {'C': 100000.0, 'kernel_params': [{'name': 'propagation', 'with_attributes': True, 't_max': 1}], 'normalize': True}
2026-01-12 17:28:41,430 INFO Params set successfully. GK created: True
2026-01-12 17:28:41,434 INFO Setting params: {'C': 100000.0, 'kernel_params': [{'name': 'propagation', 'with_attributes': True, 't_max': 3}], 'normalize': True}
2026-01-12 17:28:41,434 INFO Params set successfully. GK created: True
2026-01-12 17:28:41,437 INFO Setting params: {'C': 100000.0, 'kernel_params': [{'name': 'propagation', 'with_attributes': True, 't_max': 5}], 'normalize': True}
2026-01-12 17:28:41,437 INFO Params set successfully. GK created: True
2026-01-12 17:28:41,439 INFO Setting params: {'C': 100000.0, 'kernel_params': [{'name': 'propagation', 'with_attributes': True, 't_max': 8}], 'normalize': True}
2026-01-12 17:28:41,439 INFO Params set successfully. GK created: True
2026-01-12 17:28:41,442 INFO Setting params: {'C': 100000.0, 'kernel_params': [{'name': 'propagation', 'with_attributes': True, 't_max': 10}], 'normalize': True}
2026-01-12 17:28:41,442 INFO Params set successfully. GK created: True
2026-01-12 17:28:41,445 INFO Setting params: {'C': 100000.0, 'kernel_params': [{'name': 'propagation', 'with_attributes': True, 't_max': 15}], 'normalize': True}
2026-01-12 17:28:41,445 INFO Params set successfully. GK created: True
2026-01-12 17:28:41,447 INFO Setting params: {'C': 100000.0, 'kernel_params': [{'name': 'propagation', 'with_attributes': True, 't_max': 20}], 'normalize': True}
2026-01-12 17:28:41,447 INFO Params set successfully. GK created: True
2026-01-12 17:28:41,450 INFO Setting params: {'C': 1e-05, 'kernel_params': [{'name': 'propagation', 'with_attributes': True, 't_max': 1}], 'normalize': True}
2026-01-12 17:28:41,450 INFO Params set successfully. GK created: True
2026-01-12 17:28:41,452 INFO Setting params: {'C': 1e-05, 'kernel_params': [{'name': 'propagation', 'with_attributes': True, 't_max': 3}], 'normalize': True}
2026-01-12 17:28:41,452 INFO Params set successfully. GK created: True
2026-01-12 17:28:41,454 INFO Setting params: {'C': 1e-05, 'kernel_params': [{'name': 'propagation', 'with_attributes': True, 't_max': 5}], 'normalize': True}
2026-01-12 17:28:41,454 INFO Params set successfully. GK created: True
2026-01-12 17:28:41,456 INFO Setting params: {'C': 1e-05, 'kernel_params': [{'name': 'propagation', 'with_attributes': True, 't_max': 8}], 'normalize': True}
2026-01-12 17:28:41,456 INFO Params set successfully. GK created: True
2026-01-12 17:28:41,458 INFO Setting params: {'C': 1e-05, 'kernel_params': [{'name': 'propagation', 'with_attributes': True, 't_max': 10}], 'normalize': True}
2026-01-12 17:28:41,458 INFO Params set successfully. GK created: True
2026-01-12 17:28:41,460 INFO Setting params: {'C': 1e-05, 'kernel_params': [{'name': 'propagation', 'with_attributes': True, 't_max': 15}], 'normalize': True}
2026-01-12 17:28:41,460 INFO Params set successfully. GK created: True
2026-01-12 17:28:41,462 INFO Setting params: {'C': 1e-05, 'kernel_params': [{'name': 'propagation', 'with_attributes': True, 't_max': 20}], 'normalize': True}
2026-01-12 17:28:41,462 INFO Params set successfully. GK created: True
2026-01-12 17:28:41,464 INFO Setting params: {'C': 5.1794746792312125e-05, 'kernel_params': [{'name': 'propagation', 'with_attributes': True, 't_max': 1}], 'normalize': True}
2026-01-12 17:28:41,464 INFO Params set successfully. GK created: True
2026-01-12 17:28:41,466 INFO Setting params: {'C': 5.1794746792312125e-05, 'kernel_params': [{'name': 'propagation', 'with_attributes': True, 't_max': 3}], 'normalize': True}
2026-01-12 17:28:41,466 INFO Params set successfully. GK created: True
2026-01-12 17:28:41,468 INFO Setting params: {'C': 5.1794746792312125e-05, 'kernel_params': [{'name': 'propagation', 'with_attributes': True, 't_max': 5}], 'normalize': True}
2026-01-12 17:28:41,468 INFO Params set successfully. GK created: True
2026-01-12 17:28:41,470 INFO Setting params: {'C': 5.1794746792312125e-05, 'kernel_params': [{'name': 'propagation', 'with_attributes': True, 't_max': 8}], 'normalize': True}
2026-01-12 17:28:41,470 INFO Params set successfully. GK created: True
2026-01-12 17:28:41,473 INFO Setting params: {'C': 5.1794746792312125e-05, 'kernel_params': [{'name': 'propagation', 'with_attributes': True, 't_max': 10}], 'normalize': True}
2026-01-12 17:28:41,473 INFO Params set successfully. GK created: True
2026-01-12 17:28:41,475 INFO Setting params: {'C': 5.1794746792312125e-05, 'kernel_params': [{'name': 'propagation', 'with_attributes': True, 't_max': 15}], 'normalize': True}
2026-01-12 17:28:41,475 INFO Params set successfully. GK created: True
2026-01-12 17:28:41,477 INFO Setting params: {'C': 5.1794746792312125e-05, 'kernel_params': [{'name': 'propagation', 'with_attributes': True, 't_max': 20}], 'normalize': True}
2026-01-12 17:28:41,477 INFO Params set successfully. GK created: True
2026-01-12 17:28:41,479 INFO Setting params: {'C': 0.0002682695795279727, 'kernel_params': [{'name': 'propagation', 'with_attributes': True, 't_max': 1}], 'normalize': True}
2026-01-12 17:28:41,479 INFO Params set successfully. GK created: True
2026-01-12 17:28:41,481 INFO Setting params: {'C': 0.0002682695795279727, 'kernel_params': [{'name': 'propagation', 'with_attributes': True, 't_max': 3}], 'normalize': True}
2026-01-12 17:28:41,481 INFO Params set successfully. GK created: True
2026-01-12 17:28:41,483 INFO Setting params: {'C': 0.0002682695795279727, 'kernel_params': [{'name': 'propagation', 'with_attributes': True, 't_max': 5}], 'normalize': True}
2026-01-12 17:28:41,483 INFO Params set successfully. GK created: True
2026-01-12 17:28:41,485 INFO Setting params: {'C': 0.0002682695795279727, 'kernel_params': [{'name': 'propagation', 'with_attributes': True, 't_max': 8}], 'normalize': True}
2026-01-12 17:28:41,485 INFO Params set successfully. GK created: True
2026-01-12 17:28:41,487 INFO Setting params: {'C': 0.0002682695795279727, 'kernel_params': [{'name': 'propagation', 'with_attributes': True, 't_max': 10}], 'normalize': True}
2026-01-12 17:28:41,487 INFO Params set successfully. GK created: True
2026-01-12 17:28:41,489 INFO Setting params: {'C': 0.0002682695795279727, 'kernel_params': [{'name': 'propagation', 'with_attributes': True, 't_max': 15}], 'normalize': True}
2026-01-12 17:28:41,489 INFO Params set successfully. GK created: True
2026-01-12 17:28:41,491 INFO Setting params: {'C': 0.0002682695795279727, 'kernel_params': [{'name': 'propagation', 'with_attributes': True, 't_max': 20}], 'normalize': True}
2026-01-12 17:28:41,491 INFO Params set successfully. GK created: True
2026-01-12 17:28:41,493 INFO Setting params: {'C': 0.0013894954943731374, 'kernel_params': [{'name': 'propagation', 'with_attributes': True, 't_max': 1}], 'normalize': True}
2026-01-12 17:28:41,493 INFO Params set successfully. GK created: True
2026-01-12 17:28:41,495 INFO Setting params: {'C': 0.0013894954943731374, 'kernel_params': [{'name': 'propagation', 'with_attributes': True, 't_max': 3}], 'normalize': True}
2026-01-12 17:28:41,495 INFO Params set successfully. GK created: True
2026-01-12 17:28:41,497 INFO Setting params: {'C': 0.0013894954943731374, 'kernel_params': [{'name': 'propagation', 'with_attributes': True, 't_max': 5}], 'normalize': True}
2026-01-12 17:28:41,497 INFO Params set successfully. GK created: True
2026-01-12 17:28:41,499 INFO Setting params: {'C': 0.0013894954943731374, 'kernel_params': [{'name': 'propagation', 'with_attributes': True, 't_max': 8}], 'normalize': True}
2026-01-12 17:28:41,499 INFO Params set successfully. GK created: True
2026-01-12 17:28:41,501 INFO Setting params: {'C': 0.0013894954943731374, 'kernel_params': [{'name': 'propagation', 'with_attributes': True, 't_max': 10}], 'normalize': True}
2026-01-12 17:28:41,501 INFO Params set successfully. GK created: True
2026-01-12 17:28:41,503 INFO Setting params: {'C': 0.0013894954943731374, 'kernel_params': [{'name': 'propagation', 'with_attributes': True, 't_max': 15}], 'normalize': True}
2026-01-12 17:28:41,503 INFO Params set successfully. GK created: True
2026-01-12 17:28:41,505 INFO Setting params: {'C': 0.0013894954943731374, 'kernel_params': [{'name': 'propagation', 'with_attributes': True, 't_max': 20}], 'normalize': True}
2026-01-12 17:28:41,505 INFO Params set successfully. GK created: True
2026-01-12 17:28:41,507 INFO Setting params: {'C': 0.0071968567300115215, 'kernel_params': [{'name': 'propagation', 'with_attributes': True, 't_max': 1}], 'normalize': True}
2026-01-12 17:28:41,507 INFO Params set successfully. GK created: True
2026-01-12 17:28:41,509 INFO Setting params: {'C': 0.0071968567300115215, 'kernel_params': [{'name': 'propagation', 'with_attributes': True, 't_max': 3}], 'normalize': True}
2026-01-12 17:28:41,509 INFO Params set successfully. GK created: True
2026-01-12 17:28:41,511 INFO Setting params: {'C': 0.0071968567300115215, 'kernel_params': [{'name': 'propagation', 'with_attributes': True, 't_max': 5}], 'normalize': True}
2026-01-12 17:28:41,511 INFO Params set successfully. GK created: True
2026-01-12 17:28:41,513 INFO Setting params: {'C': 0.0071968567300115215, 'kernel_params': [{'name': 'propagation', 'with_attributes': True, 't_max': 8}], 'normalize': True}
2026-01-12 17:28:41,513 INFO Params set successfully. GK created: True
2026-01-12 17:28:41,515 INFO Setting params: {'C': 0.0071968567300115215, 'kernel_params': [{'name': 'propagation', 'with_attributes': True, 't_max': 10}], 'normalize': True}
2026-01-12 17:28:41,515 INFO Params set successfully. GK created: True
2026-01-12 17:28:41,517 INFO Setting params: {'C': 0.0071968567300115215, 'kernel_params': [{'name': 'propagation', 'with_attributes': True, 't_max': 15}], 'normalize': True}
2026-01-12 17:28:41,517 INFO Params set successfully. GK created: True
2026-01-12 17:28:41,519 INFO Setting params: {'C': 0.0071968567300115215, 'kernel_params': [{'name': 'propagation', 'with_attributes': True, 't_max': 20}], 'normalize': True}
2026-01-12 17:28:41,519 INFO Params set successfully. GK created: True
2026-01-12 17:28:41,521 INFO Setting params: {'C': 0.037275937203149416, 'kernel_params': [{'name': 'propagation', 'with_attributes': True, 't_max': 1}], 'normalize': True}
2026-01-12 17:28:41,521 INFO Params set successfully. GK created: True
2026-01-12 17:28:41,524 INFO Setting params: {'C': 0.037275937203149416, 'kernel_params': [{'name': 'propagation', 'with_attributes': True, 't_max': 3}], 'normalize': True}
2026-01-12 17:28:41,524 INFO Params set successfully. GK created: True
2026-01-12 17:28:41,526 INFO Setting params: {'C': 0.037275937203149416, 'kernel_params': [{'name': 'propagation', 'with_attributes': True, 't_max': 5}], 'normalize': True}
2026-01-12 17:28:41,526 INFO Params set successfully. GK created: True
2026-01-12 17:28:41,528 INFO Setting params: {'C': 0.037275937203149416, 'kernel_params': [{'name': 'propagation', 'with_attributes': True, 't_max': 8}], 'normalize': True}
2026-01-12 17:28:41,528 INFO Params set successfully. GK created: True
2026-01-12 17:28:41,530 INFO Setting params: {'C': 0.037275937203149416, 'kernel_params': [{'name': 'propagation', 'with_attributes': True, 't_max': 10}], 'normalize': True}
2026-01-12 17:28:41,530 INFO Params set successfully. GK created: True
2026-01-12 17:28:41,532 INFO Setting params: {'C': 0.037275937203149416, 'kernel_params': [{'name': 'propagation', 'with_attributes': True, 't_max': 15}], 'normalize': True}
2026-01-12 17:28:41,532 INFO Params set successfully. GK created: True
2026-01-12 17:28:41,534 INFO Setting params: {'C': 0.037275937203149416, 'kernel_params': [{'name': 'propagation', 'with_attributes': True, 't_max': 20}], 'normalize': True}
2026-01-12 17:28:41,534 INFO Params set successfully. GK created: True
2026-01-12 17:28:41,536 INFO Setting params: {'C': 0.19306977288832497, 'kernel_params': [{'name': 'propagation', 'with_attributes': True, 't_max': 1}], 'normalize': True}
2026-01-12 17:28:41,536 INFO Params set successfully. GK created: True
2026-01-12 17:28:41,539 INFO Setting params: {'C': 0.19306977288832497, 'kernel_params': [{'name': 'propagation', 'with_attributes': True, 't_max': 3}], 'normalize': True}
2026-01-12 17:28:41,539 INFO Params set successfully. GK created: True
2026-01-12 17:28:41,541 INFO Setting params: {'C': 0.19306977288832497, 'kernel_params': [{'name': 'propagation', 'with_attributes': True, 't_max': 5}], 'normalize': True}
2026-01-12 17:28:41,542 INFO Params set successfully. GK created: True
2026-01-12 17:28:41,544 INFO Setting params: {'C': 0.19306977288832497, 'kernel_params': [{'name': 'propagation', 'with_attributes': True, 't_max': 8}], 'normalize': True}
2026-01-12 17:28:41,544 INFO Params set successfully. GK created: True
2026-01-12 17:28:41,546 INFO Setting params: {'C': 0.19306977288832497, 'kernel_params': [{'name': 'propagation', 'with_attributes': True, 't_max': 10}], 'normalize': True}
2026-01-12 17:28:41,546 INFO Params set successfully. GK created: True
2026-01-12 17:28:41,548 INFO Setting params: {'C': 0.19306977288832497, 'kernel_params': [{'name': 'propagation', 'with_attributes': True, 't_max': 15}], 'normalize': True}
2026-01-12 17:28:41,548 INFO Params set successfully. GK created: True
2026-01-12 17:28:41,550 INFO Setting params: {'C': 0.19306977288832497, 'kernel_params': [{'name': 'propagation', 'with_attributes': True, 't_max': 20}], 'normalize': True}
2026-01-12 17:28:41,550 INFO Params set successfully. GK created: True
2026-01-12 17:28:41,552 INFO Setting params: {'C': 1.0, 'kernel_params': [{'name': 'propagation', 'with_attributes': True, 't_max': 1}], 'normalize': True}
2026-01-12 17:28:41,552 INFO Params set successfully. GK created: True
2026-01-12 17:28:41,555 INFO Setting params: {'C': 1.0, 'kernel_params': [{'name': 'propagation', 'with_attributes': True, 't_max': 3}], 'normalize': True}
2026-01-12 17:28:41,556 INFO Params set successfully. GK created: True
2026-01-12 17:28:41,558 INFO Setting params: {'C': 1.0, 'kernel_params': [{'name': 'propagation', 'with_attributes': True, 't_max': 5}], 'normalize': True}
2026-01-12 17:28:41,558 INFO Params set successfully. GK created: True
2026-01-12 17:28:41,560 INFO Setting params: {'C': 1.0, 'kernel_params': [{'name': 'propagation', 'with_attributes': True, 't_max': 8}], 'normalize': True}
2026-01-12 17:28:41,560 INFO Params set successfully. GK created: True
2026-01-12 17:28:41,562 INFO Setting params: {'C': 1.0, 'kernel_params': [{'name': 'propagation', 'with_attributes': True, 't_max': 10}], 'normalize': True}
2026-01-12 17:28:41,562 INFO Params set successfully. GK created: True
2026-01-12 17:28:41,564 INFO Setting params: {'C': 1.0, 'kernel_params': [{'name': 'propagation', 'with_attributes': True, 't_max': 15}], 'normalize': True}
2026-01-12 17:28:41,564 INFO Params set successfully. GK created: True
2026-01-12 17:28:41,566 INFO Setting params: {'C': 1.0, 'kernel_params': [{'name': 'propagation', 'with_attributes': True, 't_max': 20}], 'normalize': True}
2026-01-12 17:28:41,566 INFO Params set successfully. GK created: True
2026-01-12 17:28:41,568 INFO Setting params: {'C': 5.1794746792312125, 'kernel_params': [{'name': 'propagation', 'with_attributes': True, 't_max': 1}], 'normalize': True}
2026-01-12 17:28:41,569 INFO Params set successfully. GK created: True
2026-01-12 17:28:41,572 INFO Setting params: {'C': 5.1794746792312125, 'kernel_params': [{'name': 'propagation', 'with_attributes': True, 't_max': 3}], 'normalize': True}
2026-01-12 17:28:41,572 INFO Params set successfully. GK created: True
2026-01-12 17:28:41,574 INFO Setting params: {'C': 5.1794746792312125, 'kernel_params': [{'name': 'propagation', 'with_attributes': True, 't_max': 5}], 'normalize': True}
2026-01-12 17:28:41,574 INFO Params set successfully. GK created: True
2026-01-12 17:28:41,577 INFO Setting params: {'C': 5.1794746792312125, 'kernel_params': [{'name': 'propagation', 'with_attributes': True, 't_max': 8}], 'normalize': True}
2026-01-12 17:28:41,577 INFO Params set successfully. GK created: True
2026-01-12 17:28:41,579 INFO Setting params: {'C': 5.1794746792312125, 'kernel_params': [{'name': 'propagation', 'with_attributes': True, 't_max': 10}], 'normalize': True}
2026-01-12 17:28:41,579 INFO Params set successfully. GK created: True
2026-01-12 17:28:41,581 INFO Setting params: {'C': 5.1794746792312125, 'kernel_params': [{'name': 'propagation', 'with_attributes': True, 't_max': 15}], 'normalize': True}
2026-01-12 17:28:41,581 INFO Params set successfully. GK created: True
2026-01-12 17:28:41,583 INFO Setting params: {'C': 5.1794746792312125, 'kernel_params': [{'name': 'propagation', 'with_attributes': True, 't_max': 20}], 'normalize': True}
2026-01-12 17:28:41,583 INFO Params set successfully. GK created: True
2026-01-12 17:28:41,585 INFO Setting params: {'C': 26.826957952797272, 'kernel_params': [{'name': 'propagation', 'with_attributes': True, 't_max': 1}], 'normalize': True}
2026-01-12 17:28:41,585 INFO Params set successfully. GK created: True
2026-01-12 17:28:41,589 INFO Setting params: {'C': 26.826957952797272, 'kernel_params': [{'name': 'propagation', 'with_attributes': True, 't_max': 3}], 'normalize': True}
2026-01-12 17:28:41,589 INFO Params set successfully. GK created: True
2026-01-12 17:28:41,591 INFO Setting params: {'C': 26.826957952797272, 'kernel_params': [{'name': 'propagation', 'with_attributes': True, 't_max': 5}], 'normalize': True}
2026-01-12 17:28:41,591 INFO Params set successfully. GK created: True
2026-01-12 17:28:41,593 INFO Setting params: {'C': 26.826957952797272, 'kernel_params': [{'name': 'propagation', 'with_attributes': True, 't_max': 8}], 'normalize': True}
2026-01-12 17:28:41,594 INFO Params set successfully. GK created: True
2026-01-12 17:28:41,596 INFO Setting params: {'C': 26.826957952797272, 'kernel_params': [{'name': 'propagation', 'with_attributes': True, 't_max': 10}], 'normalize': True}
2026-01-12 17:28:41,596 INFO Params set successfully. GK created: True
2026-01-12 17:28:41,598 INFO Setting params: {'C': 26.826957952797272, 'kernel_params': [{'name': 'propagation', 'with_attributes': True, 't_max': 15}], 'normalize': True}
2026-01-12 17:28:41,598 INFO Params set successfully. GK created: True
2026-01-12 17:28:41,600 INFO Setting params: {'C': 26.826957952797272, 'kernel_params': [{'name': 'propagation', 'with_attributes': True, 't_max': 20}], 'normalize': True}
2026-01-12 17:28:41,600 INFO Params set successfully. GK created: True
2026-01-12 17:28:41,602 INFO Setting params: {'C': 138.9495494373139, 'kernel_params': [{'name': 'propagation', 'with_attributes': True, 't_max': 1}], 'normalize': True}
2026-01-12 17:28:41,603 INFO Params set successfully. GK created: True
2026-01-12 17:28:41,606 INFO Setting params: {'C': 138.9495494373139, 'kernel_params': [{'name': 'propagation', 'with_attributes': True, 't_max': 3}], 'normalize': True}
2026-01-12 17:28:41,606 INFO Params set successfully. GK created: True
2026-01-12 17:28:41,609 INFO Setting params: {'C': 138.9495494373139, 'kernel_params': [{'name': 'propagation', 'with_attributes': True, 't_max': 5}], 'normalize': True}
2026-01-12 17:28:41,609 INFO Params set successfully. GK created: True
2026-01-12 17:28:41,611 INFO Setting params: {'C': 138.9495494373139, 'kernel_params': [{'name': 'propagation', 'with_attributes': True, 't_max': 8}], 'normalize': True}
2026-01-12 17:28:41,611 INFO Params set successfully. GK created: True
2026-01-12 17:28:41,614 INFO Setting params: {'C': 138.9495494373139, 'kernel_params': [{'name': 'propagation', 'with_attributes': True, 't_max': 10}], 'normalize': True}
2026-01-12 17:28:41,614 INFO Params set successfully. GK created: True
2026-01-12 17:28:41,616 INFO Setting params: {'C': 138.9495494373139, 'kernel_params': [{'name': 'propagation', 'with_attributes': True, 't_max': 15}], 'normalize': True}
2026-01-12 17:28:41,616 INFO Params set successfully. GK created: True
2026-01-12 17:28:41,619 INFO Setting params: {'C': 138.9495494373139, 'kernel_params': [{'name': 'propagation', 'with_attributes': True, 't_max': 20}], 'normalize': True}
2026-01-12 17:28:41,619 INFO Params set successfully. GK created: True
2026-01-12 17:28:41,621 INFO Setting params: {'C': 719.6856730011528, 'kernel_params': [{'name': 'propagation', 'with_attributes': True, 't_max': 1}], 'normalize': True}
2026-01-12 17:28:41,621 INFO Params set successfully. GK created: True
2026-01-12 17:28:41,624 INFO Setting params: {'C': 719.6856730011528, 'kernel_params': [{'name': 'propagation', 'with_attributes': True, 't_max': 3}], 'normalize': True}
2026-01-12 17:28:41,625 INFO Params set successfully. GK created: True
2026-01-12 17:28:41,627 INFO Setting params: {'C': 719.6856730011528, 'kernel_params': [{'name': 'propagation', 'with_attributes': True, 't_max': 5}], 'normalize': True}
2026-01-12 17:28:41,627 INFO Params set successfully. GK created: True
2026-01-12 17:28:41,630 INFO Setting params: {'C': 719.6856730011528, 'kernel_params': [{'name': 'propagation', 'with_attributes': True, 't_max': 8}], 'normalize': True}
2026-01-12 17:28:41,630 INFO Params set successfully. GK created: True
2026-01-12 17:28:41,633 INFO Setting params: {'C': 719.6856730011528, 'kernel_params': [{'name': 'propagation', 'with_attributes': True, 't_max': 10}], 'normalize': True}
2026-01-12 17:28:41,633 INFO Params set successfully. GK created: True
2026-01-12 17:28:41,635 INFO Setting params: {'C': 719.6856730011528, 'kernel_params': [{'name': 'propagation', 'with_attributes': True, 't_max': 15}], 'normalize': True}
2026-01-12 17:28:41,635 INFO Params set successfully. GK created: True
2026-01-12 17:28:41,638 INFO Setting params: {'C': 719.6856730011528, 'kernel_params': [{'name': 'propagation', 'with_attributes': True, 't_max': 20}], 'normalize': True}
2026-01-12 17:28:41,638 INFO Params set successfully. GK created: True
2026-01-12 17:28:41,640 INFO Setting params: {'C': 3727.593720314938, 'kernel_params': [{'name': 'propagation', 'with_attributes': True, 't_max': 1}], 'normalize': True}
2026-01-12 17:28:41,640 INFO Params set successfully. GK created: True
2026-01-12 17:28:41,644 INFO Setting params: {'C': 3727.593720314938, 'kernel_params': [{'name': 'propagation', 'with_attributes': True, 't_max': 3}], 'normalize': True}
2026-01-12 17:28:41,644 INFO Params set successfully. GK created: True
2026-01-12 17:28:41,646 INFO Setting params: {'C': 3727.593720314938, 'kernel_params': [{'name': 'propagation', 'with_attributes': True, 't_max': 5}], 'normalize': True}
2026-01-12 17:28:41,647 INFO Params set successfully. GK created: True
2026-01-12 17:28:41,649 INFO Setting params: {'C': 3727.593720314938, 'kernel_params': [{'name': 'propagation', 'with_attributes': True, 't_max': 8}], 'normalize': True}
2026-01-12 17:28:41,649 INFO Params set successfully. GK created: True
2026-01-12 17:28:41,652 INFO Setting params: {'C': 3727.593720314938, 'kernel_params': [{'name': 'propagation', 'with_attributes': True, 't_max': 10}], 'normalize': True}
2026-01-12 17:28:41,652 INFO Params set successfully. GK created: True
2026-01-12 17:28:41,654 INFO Setting params: {'C': 3727.593720314938, 'kernel_params': [{'name': 'propagation', 'with_attributes': True, 't_max': 15}], 'normalize': True}
2026-01-12 17:28:41,654 INFO Params set successfully. GK created: True
2026-01-12 17:28:41,657 INFO Setting params: {'C': 3727.593720314938, 'kernel_params': [{'name': 'propagation', 'with_attributes': True, 't_max': 20}], 'normalize': True}
2026-01-12 17:28:41,657 INFO Params set successfully. GK created: True
2026-01-12 17:28:41,659 INFO Setting params: {'C': 19306.977288832535, 'kernel_params': [{'name': 'propagation', 'with_attributes': True, 't_max': 1}], 'normalize': True}
2026-01-12 17:28:41,659 INFO Params set successfully. GK created: True
2026-01-12 17:28:41,663 INFO Setting params: {'C': 19306.977288832535, 'kernel_params': [{'name': 'propagation', 'with_attributes': True, 't_max': 3}], 'normalize': True}
2026-01-12 17:28:41,663 INFO Params set successfully. GK created: True
2026-01-12 17:28:41,666 INFO Setting params: {'C': 19306.977288832535, 'kernel_params': [{'name': 'propagation', 'with_attributes': True, 't_max': 5}], 'normalize': True}
2026-01-12 17:28:41,666 INFO Params set successfully. GK created: True
2026-01-12 17:28:41,668 INFO Setting params: {'C': 19306.977288832535, 'kernel_params': [{'name': 'propagation', 'with_attributes': True, 't_max': 8}], 'normalize': True}
2026-01-12 17:28:41,668 INFO Params set successfully. GK created: True
2026-01-12 17:28:41,671 INFO Setting params: {'C': 19306.977288832535, 'kernel_params': [{'name': 'propagation', 'with_attributes': True, 't_max': 10}], 'normalize': True}
2026-01-12 17:28:41,671 INFO Params set successfully. GK created: True
2026-01-12 17:28:41,674 INFO Setting params: {'C': 19306.977288832535, 'kernel_params': [{'name': 'propagation', 'with_attributes': True, 't_max': 15}], 'normalize': True}
2026-01-12 17:28:41,674 INFO Params set successfully. GK created: True
2026-01-12 17:28:41,676 INFO Setting params: {'C': 19306.977288832535, 'kernel_params': [{'name': 'propagation', 'with_attributes': True, 't_max': 20}], 'normalize': True}
2026-01-12 17:28:41,676 INFO Params set successfully. GK created: True
2026-01-12 17:28:41,679 INFO Setting params: {'C': 100000.0, 'kernel_params': [{'name': 'propagation', 'with_attributes': True, 't_max': 1}], 'normalize': True}
2026-01-12 17:28:41,679 INFO Params set successfully. GK created: True
2026-01-12 17:28:41,682 INFO Setting params: {'C': 100000.0, 'kernel_params': [{'name': 'propagation', 'with_attributes': True, 't_max': 3}], 'normalize': True}
2026-01-12 17:28:41,682 INFO Params set successfully. GK created: True
2026-01-12 17:28:41,685 INFO Setting params: {'C': 100000.0, 'kernel_params': [{'name': 'propagation', 'with_attributes': True, 't_max': 5}], 'normalize': True}
2026-01-12 17:28:41,685 INFO Params set successfully. GK created: True
2026-01-12 17:28:41,688 INFO Setting params: {'C': 100000.0, 'kernel_params': [{'name': 'propagation', 'with_attributes': True, 't_max': 8}], 'normalize': True}
2026-01-12 17:28:41,688 INFO Params set successfully. GK created: True
2026-01-12 17:28:41,690 INFO Setting params: {'C': 100000.0, 'kernel_params': [{'name': 'propagation', 'with_attributes': True, 't_max': 10}], 'normalize': True}
2026-01-12 17:28:41,690 INFO Params set successfully. GK created: True
2026-01-12 17:28:41,693 INFO Setting params: {'C': 100000.0, 'kernel_params': [{'name': 'propagation', 'with_attributes': True, 't_max': 15}], 'normalize': True}
2026-01-12 17:28:41,693 INFO Params set successfully. GK created: True
2026-01-12 17:28:41,695 INFO Setting params: {'C': 100000.0, 'kernel_params': [{'name': 'propagation', 'with_attributes': True, 't_max': 20}], 'normalize': True}
2026-01-12 17:28:41,695 INFO Params set successfully. GK created: True
2026-01-12 17:28:41,698 INFO Setting params: {'C': 1e-05, 'kernel_params': [{'name': 'propagation', 'with_attributes': True, 't_max': 1}], 'normalize': True}
2026-01-12 17:28:41,698 INFO Params set successfully. GK created: True
2026-01-12 17:28:41,700 INFO Setting params: {'C': 1e-05, 'kernel_params': [{'name': 'propagation', 'with_attributes': True, 't_max': 3}], 'normalize': True}
2026-01-12 17:28:41,700 INFO Params set successfully. GK created: True
2026-01-12 17:28:41,702 INFO Setting params: {'C': 1e-05, 'kernel_params': [{'name': 'propagation', 'with_attributes': True, 't_max': 5}], 'normalize': True}
2026-01-12 17:28:41,702 INFO Params set successfully. GK created: True
2026-01-12 17:28:41,704 INFO Setting params: {'C': 1e-05, 'kernel_params': [{'name': 'propagation', 'with_attributes': True, 't_max': 8}], 'normalize': True}
2026-01-12 17:28:41,704 INFO Params set successfully. GK created: True
2026-01-12 17:28:41,706 INFO Setting params: {'C': 1e-05, 'kernel_params': [{'name': 'propagation', 'with_attributes': True, 't_max': 10}], 'normalize': True}
2026-01-12 17:28:41,706 INFO Params set successfully. GK created: True
2026-01-12 17:28:41,708 INFO Setting params: {'C': 1e-05, 'kernel_params': [{'name': 'propagation', 'with_attributes': True, 't_max': 15}], 'normalize': True}
2026-01-12 17:28:41,708 INFO Params set successfully. GK created: True
2026-01-12 17:28:41,710 INFO Setting params: {'C': 1e-05, 'kernel_params': [{'name': 'propagation', 'with_attributes': True, 't_max': 20}], 'normalize': True}
2026-01-12 17:28:41,710 INFO Params set successfully. GK created: True
2026-01-12 17:28:41,712 INFO Setting params: {'C': 5.1794746792312125e-05, 'kernel_params': [{'name': 'propagation', 'with_attributes': True, 't_max': 1}], 'normalize': True}
2026-01-12 17:28:41,712 INFO Params set successfully. GK created: True
2026-01-12 17:28:41,714 INFO Setting params: {'C': 5.1794746792312125e-05, 'kernel_params': [{'name': 'propagation', 'with_attributes': True, 't_max': 3}], 'normalize': True}
2026-01-12 17:28:41,714 INFO Params set successfully. GK created: True
2026-01-12 17:28:41,716 INFO Setting params: {'C': 5.1794746792312125e-05, 'kernel_params': [{'name': 'propagation', 'with_attributes': True, 't_max': 5}], 'normalize': True}
2026-01-12 17:28:41,716 INFO Params set successfully. GK created: True
2026-01-12 17:28:41,718 INFO Setting params: {'C': 5.1794746792312125e-05, 'kernel_params': [{'name': 'propagation', 'with_attributes': True, 't_max': 8}], 'normalize': True}
2026-01-12 17:28:41,718 INFO Params set successfully. GK created: True
2026-01-12 17:28:41,720 INFO Setting params: {'C': 5.1794746792312125e-05, 'kernel_params': [{'name': 'propagation', 'with_attributes': True, 't_max': 10}], 'normalize': True}
2026-01-12 17:28:41,720 INFO Params set successfully. GK created: True
2026-01-12 17:28:41,722 INFO Setting params: {'C': 5.1794746792312125e-05, 'kernel_params': [{'name': 'propagation', 'with_attributes': True, 't_max': 15}], 'normalize': True}
2026-01-12 17:28:41,722 INFO Params set successfully. GK created: True
2026-01-12 17:28:41,724 INFO Setting params: {'C': 5.1794746792312125e-05, 'kernel_params': [{'name': 'propagation', 'with_attributes': True, 't_max': 20}], 'normalize': True}
2026-01-12 17:28:41,724 INFO Params set successfully. GK created: True
2026-01-12 17:28:41,726 INFO Setting params: {'C': 0.0002682695795279727, 'kernel_params': [{'name': 'propagation', 'with_attributes': True, 't_max': 1}], 'normalize': True}
2026-01-12 17:28:41,726 INFO Params set successfully. GK created: True
2026-01-12 17:28:41,728 INFO Setting params: {'C': 0.0002682695795279727, 'kernel_params': [{'name': 'propagation', 'with_attributes': True, 't_max': 3}], 'normalize': True}
2026-01-12 17:28:41,728 INFO Params set successfully. GK created: True
2026-01-12 17:28:41,730 INFO Setting params: {'C': 0.0002682695795279727, 'kernel_params': [{'name': 'propagation', 'with_attributes': True, 't_max': 5}], 'normalize': True}
2026-01-12 17:28:41,730 INFO Params set successfully. GK created: True
2026-01-12 17:28:41,732 INFO Setting params: {'C': 0.0002682695795279727, 'kernel_params': [{'name': 'propagation', 'with_attributes': True, 't_max': 8}], 'normalize': True}
2026-01-12 17:28:41,732 INFO Params set successfully. GK created: True
2026-01-12 17:28:41,734 INFO Setting params: {'C': 0.0002682695795279727, 'kernel_params': [{'name': 'propagation', 'with_attributes': True, 't_max': 10}], 'normalize': True}
2026-01-12 17:28:41,734 INFO Params set successfully. GK created: True
2026-01-12 17:28:41,736 INFO Setting params: {'C': 0.0002682695795279727, 'kernel_params': [{'name': 'propagation', 'with_attributes': True, 't_max': 15}], 'normalize': True}
2026-01-12 17:28:41,736 INFO Params set successfully. GK created: True
2026-01-12 17:28:41,738 INFO Setting params: {'C': 0.0002682695795279727, 'kernel_params': [{'name': 'propagation', 'with_attributes': True, 't_max': 20}], 'normalize': True}
2026-01-12 17:28:41,738 INFO Params set successfully. GK created: True
2026-01-12 17:28:41,740 INFO Setting params: {'C': 0.0013894954943731374, 'kernel_params': [{'name': 'propagation', 'with_attributes': True, 't_max': 1}], 'normalize': True}
2026-01-12 17:28:41,740 INFO Params set successfully. GK created: True
2026-01-12 17:28:41,743 INFO Setting params: {'C': 0.0013894954943731374, 'kernel_params': [{'name': 'propagation', 'with_attributes': True, 't_max': 3}], 'normalize': True}
2026-01-12 17:28:41,743 INFO Params set successfully. GK created: True
2026-01-12 17:28:41,745 INFO Setting params: {'C': 0.0013894954943731374, 'kernel_params': [{'name': 'propagation', 'with_attributes': True, 't_max': 5}], 'normalize': True}
2026-01-12 17:28:41,745 INFO Params set successfully. GK created: True
2026-01-12 17:28:41,747 INFO Setting params: {'C': 0.0013894954943731374, 'kernel_params': [{'name': 'propagation', 'with_attributes': True, 't_max': 8}], 'normalize': True}
2026-01-12 17:28:41,747 INFO Params set successfully. GK created: True
2026-01-12 17:28:41,749 INFO Setting params: {'C': 0.0013894954943731374, 'kernel_params': [{'name': 'propagation', 'with_attributes': True, 't_max': 10}], 'normalize': True}
2026-01-12 17:28:41,749 INFO Params set successfully. GK created: True
2026-01-12 17:28:41,751 INFO Setting params: {'C': 0.0013894954943731374, 'kernel_params': [{'name': 'propagation', 'with_attributes': True, 't_max': 15}], 'normalize': True}
2026-01-12 17:28:41,751 INFO Params set successfully. GK created: True
2026-01-12 17:28:41,753 INFO Setting params: {'C': 0.0013894954943731374, 'kernel_params': [{'name': 'propagation', 'with_attributes': True, 't_max': 20}], 'normalize': True}
2026-01-12 17:28:41,753 INFO Params set successfully. GK created: True
2026-01-12 17:28:41,755 INFO Setting params: {'C': 0.0071968567300115215, 'kernel_params': [{'name': 'propagation', 'with_attributes': True, 't_max': 1}], 'normalize': True}
2026-01-12 17:28:41,755 INFO Params set successfully. GK created: True
2026-01-12 17:28:41,757 INFO Setting params: {'C': 0.0071968567300115215, 'kernel_params': [{'name': 'propagation', 'with_attributes': True, 't_max': 3}], 'normalize': True}
2026-01-12 17:28:41,757 INFO Params set successfully. GK created: True
2026-01-12 17:28:41,759 INFO Setting params: {'C': 0.0071968567300115215, 'kernel_params': [{'name': 'propagation', 'with_attributes': True, 't_max': 5}], 'normalize': True}
2026-01-12 17:28:41,759 INFO Params set successfully. GK created: True
2026-01-12 17:28:41,761 INFO Setting params: {'C': 0.0071968567300115215, 'kernel_params': [{'name': 'propagation', 'with_attributes': True, 't_max': 8}], 'normalize': True}
2026-01-12 17:28:41,761 INFO Params set successfully. GK created: True
2026-01-12 17:28:41,763 INFO Setting params: {'C': 0.0071968567300115215, 'kernel_params': [{'name': 'propagation', 'with_attributes': True, 't_max': 10}], 'normalize': True}
2026-01-12 17:28:41,763 INFO Params set successfully. GK created: True
2026-01-12 17:28:41,765 INFO Setting params: {'C': 0.0071968567300115215, 'kernel_params': [{'name': 'propagation', 'with_attributes': True, 't_max': 15}], 'normalize': True}
2026-01-12 17:28:41,765 INFO Params set successfully. GK created: True
2026-01-12 17:28:41,767 INFO Setting params: {'C': 0.0071968567300115215, 'kernel_params': [{'name': 'propagation', 'with_attributes': True, 't_max': 20}], 'normalize': True}
2026-01-12 17:28:41,767 INFO Params set successfully. GK created: True
2026-01-12 17:28:41,769 INFO Setting params: {'C': 0.037275937203149416, 'kernel_params': [{'name': 'propagation', 'with_attributes': True, 't_max': 1}], 'normalize': True}
2026-01-12 17:28:41,769 INFO Params set successfully. GK created: True
2026-01-12 17:28:41,772 INFO Setting params: {'C': 0.037275937203149416, 'kernel_params': [{'name': 'propagation', 'with_attributes': True, 't_max': 3}], 'normalize': True}
2026-01-12 17:28:41,772 INFO Params set successfully. GK created: True
2026-01-12 17:28:41,774 INFO Setting params: {'C': 0.037275937203149416, 'kernel_params': [{'name': 'propagation', 'with_attributes': True, 't_max': 5}], 'normalize': True}
2026-01-12 17:28:41,774 INFO Params set successfully. GK created: True
2026-01-12 17:28:41,776 INFO Setting params: {'C': 0.037275937203149416, 'kernel_params': [{'name': 'propagation', 'with_attributes': True, 't_max': 8}], 'normalize': True}
2026-01-12 17:28:41,776 INFO Params set successfully. GK created: True
2026-01-12 17:28:41,778 INFO Setting params: {'C': 0.037275937203149416, 'kernel_params': [{'name': 'propagation', 'with_attributes': True, 't_max': 10}], 'normalize': True}
2026-01-12 17:28:41,778 INFO Params set successfully. GK created: True
2026-01-12 17:28:41,780 INFO Setting params: {'C': 0.037275937203149416, 'kernel_params': [{'name': 'propagation', 'with_attributes': True, 't_max': 15}], 'normalize': True}
2026-01-12 17:28:41,780 INFO Params set successfully. GK created: True
2026-01-12 17:28:41,782 INFO Setting params: {'C': 0.037275937203149416, 'kernel_params': [{'name': 'propagation', 'with_attributes': True, 't_max': 20}], 'normalize': True}
2026-01-12 17:28:41,782 INFO Params set successfully. GK created: True
2026-01-12 17:28:41,784 INFO Setting params: {'C': 0.19306977288832497, 'kernel_params': [{'name': 'propagation', 'with_attributes': True, 't_max': 1}], 'normalize': True}
2026-01-12 17:28:41,784 INFO Params set successfully. GK created: True
2026-01-12 17:28:41,787 INFO Setting params: {'C': 0.19306977288832497, 'kernel_params': [{'name': 'propagation', 'with_attributes': True, 't_max': 3}], 'normalize': True}
2026-01-12 17:28:41,787 INFO Params set successfully. GK created: True
2026-01-12 17:28:41,789 INFO Setting params: {'C': 0.19306977288832497, 'kernel_params': [{'name': 'propagation', 'with_attributes': True, 't_max': 5}], 'normalize': True}
2026-01-12 17:28:41,789 INFO Params set successfully. GK created: True
2026-01-12 17:28:41,791 INFO Setting params: {'C': 0.19306977288832497, 'kernel_params': [{'name': 'propagation', 'with_attributes': True, 't_max': 8}], 'normalize': True}
2026-01-12 17:28:41,791 INFO Params set successfully. GK created: True
2026-01-12 17:28:41,793 INFO Setting params: {'C': 0.19306977288832497, 'kernel_params': [{'name': 'propagation', 'with_attributes': True, 't_max': 10}], 'normalize': True}
2026-01-12 17:28:41,793 INFO Params set successfully. GK created: True
2026-01-12 17:28:41,795 INFO Setting params: {'C': 0.19306977288832497, 'kernel_params': [{'name': 'propagation', 'with_attributes': True, 't_max': 15}], 'normalize': True}
2026-01-12 17:28:41,796 INFO Params set successfully. GK created: True
2026-01-12 17:28:41,798 INFO Setting params: {'C': 0.19306977288832497, 'kernel_params': [{'name': 'propagation', 'with_attributes': True, 't_max': 20}], 'normalize': True}
2026-01-12 17:28:41,798 INFO Params set successfully. GK created: True
2026-01-12 17:28:41,800 INFO Setting params: {'C': 1.0, 'kernel_params': [{'name': 'propagation', 'with_attributes': True, 't_max': 1}], 'normalize': True}
2026-01-12 17:28:41,800 INFO Params set successfully. GK created: True
2026-01-12 17:28:41,803 INFO Setting params: {'C': 1.0, 'kernel_params': [{'name': 'propagation', 'with_attributes': True, 't_max': 3}], 'normalize': True}
2026-01-12 17:28:41,803 INFO Params set successfully. GK created: True
2026-01-12 17:28:41,805 INFO Setting params: {'C': 1.0, 'kernel_params': [{'name': 'propagation', 'with_attributes': True, 't_max': 5}], 'normalize': True}
2026-01-12 17:28:41,805 INFO Params set successfully. GK created: True
2026-01-12 17:28:41,807 INFO Setting params: {'C': 1.0, 'kernel_params': [{'name': 'propagation', 'with_attributes': True, 't_max': 8}], 'normalize': True}
2026-01-12 17:28:41,807 INFO Params set successfully. GK created: True
2026-01-12 17:28:41,810 INFO Setting params: {'C': 1.0, 'kernel_params': [{'name': 'propagation', 'with_attributes': True, 't_max': 10}], 'normalize': True}
2026-01-12 17:28:41,810 INFO Params set successfully. GK created: True
2026-01-12 17:28:41,812 INFO Setting params: {'C': 1.0, 'kernel_params': [{'name': 'propagation', 'with_attributes': True, 't_max': 15}], 'normalize': True}
2026-01-12 17:28:41,812 INFO Params set successfully. GK created: True
2026-01-12 17:28:41,814 INFO Setting params: {'C': 1.0, 'kernel_params': [{'name': 'propagation', 'with_attributes': True, 't_max': 20}], 'normalize': True}
2026-01-12 17:28:41,814 INFO Params set successfully. GK created: True
2026-01-12 17:28:41,816 INFO Setting params: {'C': 5.1794746792312125, 'kernel_params': [{'name': 'propagation', 'with_attributes': True, 't_max': 1}], 'normalize': True}
2026-01-12 17:28:41,816 INFO Params set successfully. GK created: True
2026-01-12 17:28:41,820 INFO Setting params: {'C': 5.1794746792312125, 'kernel_params': [{'name': 'propagation', 'with_attributes': True, 't_max': 3}], 'normalize': True}
2026-01-12 17:28:41,820 INFO Params set successfully. GK created: True
2026-01-12 17:28:41,822 INFO Setting params: {'C': 5.1794746792312125, 'kernel_params': [{'name': 'propagation', 'with_attributes': True, 't_max': 5}], 'normalize': True}
2026-01-12 17:28:41,822 INFO Params set successfully. GK created: True
2026-01-12 17:28:41,824 INFO Setting params: {'C': 5.1794746792312125, 'kernel_params': [{'name': 'propagation', 'with_attributes': True, 't_max': 8}], 'normalize': True}
2026-01-12 17:28:41,824 INFO Params set successfully. GK created: True
2026-01-12 17:28:41,826 INFO Setting params: {'C': 5.1794746792312125, 'kernel_params': [{'name': 'propagation', 'with_attributes': True, 't_max': 10}], 'normalize': True}
2026-01-12 17:28:41,826 INFO Params set successfully. GK created: True
2026-01-12 17:28:41,829 INFO Setting params: {'C': 5.1794746792312125, 'kernel_params': [{'name': 'propagation', 'with_attributes': True, 't_max': 15}], 'normalize': True}
2026-01-12 17:28:41,829 INFO Params set successfully. GK created: True
2026-01-12 17:28:41,831 INFO Setting params: {'C': 5.1794746792312125, 'kernel_params': [{'name': 'propagation', 'with_attributes': True, 't_max': 20}], 'normalize': True}
2026-01-12 17:28:41,831 INFO Params set successfully. GK created: True
2026-01-12 17:28:41,833 INFO Setting params: {'C': 26.826957952797272, 'kernel_params': [{'name': 'propagation', 'with_attributes': True, 't_max': 1}], 'normalize': True}
2026-01-12 17:28:41,833 INFO Params set successfully. GK created: True
2026-01-12 17:28:41,837 INFO Setting params: {'C': 26.826957952797272, 'kernel_params': [{'name': 'propagation', 'with_attributes': True, 't_max': 3}], 'normalize': True}
2026-01-12 17:28:41,837 INFO Params set successfully. GK created: True
2026-01-12 17:28:41,839 INFO Setting params: {'C': 26.826957952797272, 'kernel_params': [{'name': 'propagation', 'with_attributes': True, 't_max': 5}], 'normalize': True}
2026-01-12 17:28:41,839 INFO Params set successfully. GK created: True
2026-01-12 17:28:41,841 INFO Setting params: {'C': 26.826957952797272, 'kernel_params': [{'name': 'propagation', 'with_attributes': True, 't_max': 8}], 'normalize': True}
2026-01-12 17:28:41,841 INFO Params set successfully. GK created: True
2026-01-12 17:28:41,843 INFO Setting params: {'C': 26.826957952797272, 'kernel_params': [{'name': 'propagation', 'with_attributes': True, 't_max': 10}], 'normalize': True}
2026-01-12 17:28:41,844 INFO Params set successfully. GK created: True
2026-01-12 17:28:41,846 INFO Setting params: {'C': 26.826957952797272, 'kernel_params': [{'name': 'propagation', 'with_attributes': True, 't_max': 15}], 'normalize': True}
2026-01-12 17:28:41,846 INFO Params set successfully. GK created: True
2026-01-12 17:28:41,848 INFO Setting params: {'C': 26.826957952797272, 'kernel_params': [{'name': 'propagation', 'with_attributes': True, 't_max': 20}], 'normalize': True}
2026-01-12 17:28:41,848 INFO Params set successfully. GK created: True
2026-01-12 17:28:41,850 INFO Setting params: {'C': 138.9495494373139, 'kernel_params': [{'name': 'propagation', 'with_attributes': True, 't_max': 1}], 'normalize': True}
2026-01-12 17:28:41,850 INFO Params set successfully. GK created: True
2026-01-12 17:28:41,854 INFO Setting params: {'C': 138.9495494373139, 'kernel_params': [{'name': 'propagation', 'with_attributes': True, 't_max': 3}], 'normalize': True}
2026-01-12 17:28:41,854 INFO Params set successfully. GK created: True
2026-01-12 17:28:41,856 INFO Setting params: {'C': 138.9495494373139, 'kernel_params': [{'name': 'propagation', 'with_attributes': True, 't_max': 5}], 'normalize': True}
2026-01-12 17:28:41,856 INFO Params set successfully. GK created: True
2026-01-12 17:28:41,859 INFO Setting params: {'C': 138.9495494373139, 'kernel_params': [{'name': 'propagation', 'with_attributes': True, 't_max': 8}], 'normalize': True}
2026-01-12 17:28:41,859 INFO Params set successfully. GK created: True
2026-01-12 17:28:41,862 INFO Setting params: {'C': 138.9495494373139, 'kernel_params': [{'name': 'propagation', 'with_attributes': True, 't_max': 10}], 'normalize': True}
2026-01-12 17:28:41,862 INFO Params set successfully. GK created: True
2026-01-12 17:28:41,864 INFO Setting params: {'C': 138.9495494373139, 'kernel_params': [{'name': 'propagation', 'with_attributes': True, 't_max': 15}], 'normalize': True}
2026-01-12 17:28:41,864 INFO Params set successfully. GK created: True
2026-01-12 17:28:41,866 INFO Setting params: {'C': 138.9495494373139, 'kernel_params': [{'name': 'propagation', 'with_attributes': True, 't_max': 20}], 'normalize': True}
2026-01-12 17:28:41,866 INFO Params set successfully. GK created: True
2026-01-12 17:28:41,869 INFO Setting params: {'C': 719.6856730011528, 'kernel_params': [{'name': 'propagation', 'with_attributes': True, 't_max': 1}], 'normalize': True}
2026-01-12 17:28:41,869 INFO Params set successfully. GK created: True
2026-01-12 17:28:41,872 INFO Setting params: {'C': 719.6856730011528, 'kernel_params': [{'name': 'propagation', 'with_attributes': True, 't_max': 3}], 'normalize': True}
2026-01-12 17:28:41,872 INFO Params set successfully. GK created: True
2026-01-12 17:28:41,875 INFO Setting params: {'C': 719.6856730011528, 'kernel_params': [{'name': 'propagation', 'with_attributes': True, 't_max': 5}], 'normalize': True}
2026-01-12 17:28:41,875 INFO Params set successfully. GK created: True
2026-01-12 17:28:41,878 INFO Setting params: {'C': 719.6856730011528, 'kernel_params': [{'name': 'propagation', 'with_attributes': True, 't_max': 8}], 'normalize': True}
2026-01-12 17:28:41,878 INFO Params set successfully. GK created: True
2026-01-12 17:28:41,881 INFO Setting params: {'C': 719.6856730011528, 'kernel_params': [{'name': 'propagation', 'with_attributes': True, 't_max': 10}], 'normalize': True}
2026-01-12 17:28:41,881 INFO Params set successfully. GK created: True
2026-01-12 17:28:41,883 INFO Setting params: {'C': 719.6856730011528, 'kernel_params': [{'name': 'propagation', 'with_attributes': True, 't_max': 15}], 'normalize': True}
2026-01-12 17:28:41,883 INFO Params set successfully. GK created: True
2026-01-12 17:28:41,886 INFO Setting params: {'C': 719.6856730011528, 'kernel_params': [{'name': 'propagation', 'with_attributes': True, 't_max': 20}], 'normalize': True}
2026-01-12 17:28:41,886 INFO Params set successfully. GK created: True
2026-01-12 17:28:41,888 INFO Setting params: {'C': 3727.593720314938, 'kernel_params': [{'name': 'propagation', 'with_attributes': True, 't_max': 1}], 'normalize': True}
2026-01-12 17:28:41,888 INFO Params set successfully. GK created: True
2026-01-12 17:28:41,891 INFO Setting params: {'C': 3727.593720314938, 'kernel_params': [{'name': 'propagation', 'with_attributes': True, 't_max': 3}], 'normalize': True}
2026-01-12 17:28:41,892 INFO Params set successfully. GK created: True
2026-01-12 17:28:41,894 INFO Setting params: {'C': 3727.593720314938, 'kernel_params': [{'name': 'propagation', 'with_attributes': True, 't_max': 5}], 'normalize': True}
2026-01-12 17:28:41,894 INFO Params set successfully. GK created: True
2026-01-12 17:28:41,897 INFO Setting params: {'C': 3727.593720314938, 'kernel_params': [{'name': 'propagation', 'with_attributes': True, 't_max': 8}], 'normalize': True}
2026-01-12 17:28:41,897 INFO Params set successfully. GK created: True
2026-01-12 17:28:41,900 INFO Setting params: {'C': 3727.593720314938, 'kernel_params': [{'name': 'propagation', 'with_attributes': True, 't_max': 10}], 'normalize': True}
2026-01-12 17:28:41,900 INFO Params set successfully. GK created: True
2026-01-12 17:28:41,902 INFO Setting params: {'C': 3727.593720314938, 'kernel_params': [{'name': 'propagation', 'with_attributes': True, 't_max': 15}], 'normalize': True}
2026-01-12 17:28:41,902 INFO Params set successfully. GK created: True
2026-01-12 17:28:41,905 INFO Setting params: {'C': 3727.593720314938, 'kernel_params': [{'name': 'propagation', 'with_attributes': True, 't_max': 20}], 'normalize': True}
2026-01-12 17:28:41,905 INFO Params set successfully. GK created: True
2026-01-12 17:28:41,907 INFO Setting params: {'C': 19306.977288832535, 'kernel_params': [{'name': 'propagation', 'with_attributes': True, 't_max': 1}], 'normalize': True}
2026-01-12 17:28:41,907 INFO Params set successfully. GK created: True
2026-01-12 17:28:41,911 INFO Setting params: {'C': 19306.977288832535, 'kernel_params': [{'name': 'propagation', 'with_attributes': True, 't_max': 3}], 'normalize': True}
2026-01-12 17:28:41,911 INFO Params set successfully. GK created: True
2026-01-12 17:28:41,914 INFO Setting params: {'C': 19306.977288832535, 'kernel_params': [{'name': 'propagation', 'with_attributes': True, 't_max': 5}], 'normalize': True}
2026-01-12 17:28:41,914 INFO Params set successfully. GK created: True
2026-01-12 17:28:41,916 INFO Setting params: {'C': 19306.977288832535, 'kernel_params': [{'name': 'propagation', 'with_attributes': True, 't_max': 8}], 'normalize': True}
2026-01-12 17:28:41,916 INFO Params set successfully. GK created: True
2026-01-12 17:28:41,919 INFO Setting params: {'C': 19306.977288832535, 'kernel_params': [{'name': 'propagation', 'with_attributes': True, 't_max': 10}], 'normalize': True}
2026-01-12 17:28:41,919 INFO Params set successfully. GK created: True
2026-01-12 17:28:41,922 INFO Setting params: {'C': 19306.977288832535, 'kernel_params': [{'name': 'propagation', 'with_attributes': True, 't_max': 15}], 'normalize': True}
2026-01-12 17:28:41,922 INFO Params set successfully. GK created: True
2026-01-12 17:28:41,924 INFO Setting params: {'C': 19306.977288832535, 'kernel_params': [{'name': 'propagation', 'with_attributes': True, 't_max': 20}], 'normalize': True}
2026-01-12 17:28:41,924 INFO Params set successfully. GK created: True
2026-01-12 17:28:41,927 INFO Setting params: {'C': 100000.0, 'kernel_params': [{'name': 'propagation', 'with_attributes': True, 't_max': 1}], 'normalize': True}
2026-01-12 17:28:41,927 INFO Params set successfully. GK created: True
2026-01-12 17:28:41,930 INFO Setting params: {'C': 100000.0, 'kernel_params': [{'name': 'propagation', 'with_attributes': True, 't_max': 3}], 'normalize': True}
2026-01-12 17:28:41,930 INFO Params set successfully. GK created: True
2026-01-12 17:28:41,933 INFO Setting params: {'C': 100000.0, 'kernel_params': [{'name': 'propagation', 'with_attributes': True, 't_max': 5}], 'normalize': True}
2026-01-12 17:28:41,933 INFO Params set successfully. GK created: True
2026-01-12 17:28:41,936 INFO Setting params: {'C': 100000.0, 'kernel_params': [{'name': 'propagation', 'with_attributes': True, 't_max': 8}], 'normalize': True}
2026-01-12 17:28:41,936 INFO Params set successfully. GK created: True
2026-01-12 17:28:41,939 INFO Setting params: {'C': 100000.0, 'kernel_params': [{'name': 'propagation', 'with_attributes': True, 't_max': 10}], 'normalize': True}
2026-01-12 17:28:41,939 INFO Params set successfully. GK created: True
2026-01-12 17:28:41,941 INFO Setting params: {'C': 100000.0, 'kernel_params': [{'name': 'propagation', 'with_attributes': True, 't_max': 15}], 'normalize': True}
2026-01-12 17:28:41,941 INFO Params set successfully. GK created: True
2026-01-12 17:28:41,944 INFO Setting params: {'C': 100000.0, 'kernel_params': [{'name': 'propagation', 'with_attributes': True, 't_max': 20}], 'normalize': True}
2026-01-12 17:28:41,944 INFO Params set successfully. GK created: True
2026-01-12 17:28:41,946 INFO ############ All params Done for one inner cut ############
2026-01-12 17:28:41,946 INFO ############ One inner CV Done ############
2026-01-12 17:28:41,947 INFO Best params : {'C': 3727.593720314938, 'kernel_params': [{'name': 'propagation', 'with_attributes': True, 't_max': 10}], 'normalize': True}
2026-01-12 17:28:41,947 INFO Best inner score : 0.9239208049334632
2026-01-12 17:28:41,954 INFO Outer accuracy: 0.9772727272727273
2026-01-12 17:28:41,954 INFO Outer F1 (macro): 0.9835390946502057
2026-01-12 17:28:41,954 INFO Outer F1 (weighted): 0.9781144781144782
2026-01-12 17:28:41,954 INFO By-class accuracies:
2026-01-12 17:28:41,954 INFO   Class A.1: Accuracy=1.0000
2026-01-12 17:28:41,954 INFO   Class B.1: Accuracy=0.9286
2026-01-12 17:28:41,954 INFO   Class B.2: Accuracy=1.0000
2026-01-12 17:28:41,954 INFO   Class C: Accuracy=1.0000
2026-01-12 17:28:41,954 INFO   Class D.1: Accuracy=1.0000
2026-01-12 17:28:41,954 INFO   Class E.1: Accuracy=1.0000
2026-01-12 17:28:41,954 INFO   Class E.2: Accuracy=1.0000
2026-01-12 17:28:41,954 INFO   Class F: Accuracy=1.0000
2026-01-12 17:28:41,954 INFO   Class J.1: Accuracy=1.0000
2026-01-12 17:28:41,954 INFO Classification Report:
2026-01-12 17:28:41,954 INFO {'A.1': {'precision': 1.0, 'recall': 1.0, 'f1-score': 1.0, 'support': 5.0}, 'B.1': {'precision': 1.0, 'recall': 0.9285714285714286, 'f1-score': 0.9629629629629629, 'support': 14.0}, 'B.2': {'precision': 1.0, 'recall': 1.0, 'f1-score': 1.0, 'support': 2.0}, 'C': {'precision': 1.0, 'recall': 1.0, 'f1-score': 1.0, 'support': 5.0}, 'D.1': {'precision': 1.0, 'recall': 1.0, 'f1-score': 1.0, 'support': 4.0}, 'E.1': {'precision': 1.0, 'recall': 1.0, 'f1-score': 1.0, 'support': 7.0}, 'E.2': {'precision': 1.0, 'recall': 1.0, 'f1-score': 1.0, 'support': 1.0}, 'F': {'precision': 1.0, 'recall': 1.0, 'f1-score': 1.0, 'support': 2.0}, 'J.1': {'precision': 0.8, 'recall': 1.0, 'f1-score': 0.8888888888888888, 'support': 4.0}, 'accuracy': 0.9772727272727273, 'macro avg': {'precision': 0.9777777777777779, 'recall': 0.9920634920634921, 'f1-score': 0.9835390946502057, 'support': 44.0}, 'weighted avg': {'precision': 0.9818181818181819, 'recall': 0.9772727272727273, 'f1-score': 0.9781144781144782, 'support': 44.0}}
2026-01-12 17:28:41,954 INFO ############ One outer Done ############
2026-01-12 17:28:41,955 INFO Setting params: {'C': 1e-05, 'kernel_params': [{'name': 'propagation', 'with_attributes': True, 't_max': 1}], 'normalize': True}
2026-01-12 17:28:41,955 INFO Params set successfully. GK created: True
2026-01-12 17:28:41,957 INFO Setting params: {'C': 1e-05, 'kernel_params': [{'name': 'propagation', 'with_attributes': True, 't_max': 3}], 'normalize': True}
2026-01-12 17:28:41,957 INFO Params set successfully. GK created: True
2026-01-12 17:28:41,959 INFO Setting params: {'C': 1e-05, 'kernel_params': [{'name': 'propagation', 'with_attributes': True, 't_max': 5}], 'normalize': True}
2026-01-12 17:28:41,959 INFO Params set successfully. GK created: True
2026-01-12 17:28:41,961 INFO Setting params: {'C': 1e-05, 'kernel_params': [{'name': 'propagation', 'with_attributes': True, 't_max': 8}], 'normalize': True}
2026-01-12 17:28:41,961 INFO Params set successfully. GK created: True
2026-01-12 17:28:41,963 INFO Setting params: {'C': 1e-05, 'kernel_params': [{'name': 'propagation', 'with_attributes': True, 't_max': 10}], 'normalize': True}
2026-01-12 17:28:41,963 INFO Params set successfully. GK created: True
2026-01-12 17:28:41,965 INFO Setting params: {'C': 1e-05, 'kernel_params': [{'name': 'propagation', 'with_attributes': True, 't_max': 15}], 'normalize': True}
2026-01-12 17:28:41,965 INFO Params set successfully. GK created: True
2026-01-12 17:28:41,968 INFO Setting params: {'C': 1e-05, 'kernel_params': [{'name': 'propagation', 'with_attributes': True, 't_max': 20}], 'normalize': True}
2026-01-12 17:28:41,968 INFO Params set successfully. GK created: True
2026-01-12 17:28:41,970 INFO Setting params: {'C': 5.1794746792312125e-05, 'kernel_params': [{'name': 'propagation', 'with_attributes': True, 't_max': 1}], 'normalize': True}
2026-01-12 17:28:41,970 INFO Params set successfully. GK created: True
2026-01-12 17:28:41,972 INFO Setting params: {'C': 5.1794746792312125e-05, 'kernel_params': [{'name': 'propagation', 'with_attributes': True, 't_max': 3}], 'normalize': True}
2026-01-12 17:28:41,972 INFO Params set successfully. GK created: True
2026-01-12 17:28:41,974 INFO Setting params: {'C': 5.1794746792312125e-05, 'kernel_params': [{'name': 'propagation', 'with_attributes': True, 't_max': 5}], 'normalize': True}
2026-01-12 17:28:41,974 INFO Params set successfully. GK created: True
2026-01-12 17:28:41,976 INFO Setting params: {'C': 5.1794746792312125e-05, 'kernel_params': [{'name': 'propagation', 'with_attributes': True, 't_max': 8}], 'normalize': True}
2026-01-12 17:28:41,976 INFO Params set successfully. GK created: True
2026-01-12 17:28:41,978 INFO Setting params: {'C': 5.1794746792312125e-05, 'kernel_params': [{'name': 'propagation', 'with_attributes': True, 't_max': 10}], 'normalize': True}
2026-01-12 17:28:41,978 INFO Params set successfully. GK created: True
2026-01-12 17:28:41,980 INFO Setting params: {'C': 5.1794746792312125e-05, 'kernel_params': [{'name': 'propagation', 'with_attributes': True, 't_max': 15}], 'normalize': True}
2026-01-12 17:28:41,980 INFO Params set successfully. GK created: True
2026-01-12 17:28:41,982 INFO Setting params: {'C': 5.1794746792312125e-05, 'kernel_params': [{'name': 'propagation', 'with_attributes': True, 't_max': 20}], 'normalize': True}
2026-01-12 17:28:41,982 INFO Params set successfully. GK created: True
2026-01-12 17:28:41,984 INFO Setting params: {'C': 0.0002682695795279727, 'kernel_params': [{'name': 'propagation', 'with_attributes': True, 't_max': 1}], 'normalize': True}
2026-01-12 17:28:41,984 INFO Params set successfully. GK created: True
2026-01-12 17:28:41,986 INFO Setting params: {'C': 0.0002682695795279727, 'kernel_params': [{'name': 'propagation', 'with_attributes': True, 't_max': 3}], 'normalize': True}
2026-01-12 17:28:41,986 INFO Params set successfully. GK created: True
2026-01-12 17:28:41,988 INFO Setting params: {'C': 0.0002682695795279727, 'kernel_params': [{'name': 'propagation', 'with_attributes': True, 't_max': 5}], 'normalize': True}
2026-01-12 17:28:41,988 INFO Params set successfully. GK created: True
2026-01-12 17:28:41,990 INFO Setting params: {'C': 0.0002682695795279727, 'kernel_params': [{'name': 'propagation', 'with_attributes': True, 't_max': 8}], 'normalize': True}
2026-01-12 17:28:41,990 INFO Params set successfully. GK created: True
2026-01-12 17:28:41,992 INFO Setting params: {'C': 0.0002682695795279727, 'kernel_params': [{'name': 'propagation', 'with_attributes': True, 't_max': 10}], 'normalize': True}
2026-01-12 17:28:41,992 INFO Params set successfully. GK created: True
2026-01-12 17:28:41,994 INFO Setting params: {'C': 0.0002682695795279727, 'kernel_params': [{'name': 'propagation', 'with_attributes': True, 't_max': 15}], 'normalize': True}
2026-01-12 17:28:41,994 INFO Params set successfully. GK created: True
2026-01-12 17:28:41,996 INFO Setting params: {'C': 0.0002682695795279727, 'kernel_params': [{'name': 'propagation', 'with_attributes': True, 't_max': 20}], 'normalize': True}
2026-01-12 17:28:41,996 INFO Params set successfully. GK created: True
2026-01-12 17:28:41,998 INFO Setting params: {'C': 0.0013894954943731374, 'kernel_params': [{'name': 'propagation', 'with_attributes': True, 't_max': 1}], 'normalize': True}
2026-01-12 17:28:41,998 INFO Params set successfully. GK created: True
2026-01-12 17:28:42,000 INFO Setting params: {'C': 0.0013894954943731374, 'kernel_params': [{'name': 'propagation', 'with_attributes': True, 't_max': 3}], 'normalize': True}
2026-01-12 17:28:42,000 INFO Params set successfully. GK created: True
2026-01-12 17:28:42,002 INFO Setting params: {'C': 0.0013894954943731374, 'kernel_params': [{'name': 'propagation', 'with_attributes': True, 't_max': 5}], 'normalize': True}
2026-01-12 17:28:42,002 INFO Params set successfully. GK created: True
2026-01-12 17:28:42,004 INFO Setting params: {'C': 0.0013894954943731374, 'kernel_params': [{'name': 'propagation', 'with_attributes': True, 't_max': 8}], 'normalize': True}
2026-01-12 17:28:42,004 INFO Params set successfully. GK created: True
2026-01-12 17:28:42,006 INFO Setting params: {'C': 0.0013894954943731374, 'kernel_params': [{'name': 'propagation', 'with_attributes': True, 't_max': 10}], 'normalize': True}
2026-01-12 17:28:42,006 INFO Params set successfully. GK created: True
2026-01-12 17:28:42,008 INFO Setting params: {'C': 0.0013894954943731374, 'kernel_params': [{'name': 'propagation', 'with_attributes': True, 't_max': 15}], 'normalize': True}
2026-01-12 17:28:42,008 INFO Params set successfully. GK created: True
2026-01-12 17:28:42,010 INFO Setting params: {'C': 0.0013894954943731374, 'kernel_params': [{'name': 'propagation', 'with_attributes': True, 't_max': 20}], 'normalize': True}
2026-01-12 17:28:42,010 INFO Params set successfully. GK created: True
2026-01-12 17:28:42,012 INFO Setting params: {'C': 0.0071968567300115215, 'kernel_params': [{'name': 'propagation', 'with_attributes': True, 't_max': 1}], 'normalize': True}
2026-01-12 17:28:42,012 INFO Params set successfully. GK created: True
2026-01-12 17:28:42,015 INFO Setting params: {'C': 0.0071968567300115215, 'kernel_params': [{'name': 'propagation', 'with_attributes': True, 't_max': 3}], 'normalize': True}
2026-01-12 17:28:42,015 INFO Params set successfully. GK created: True
2026-01-12 17:28:42,017 INFO Setting params: {'C': 0.0071968567300115215, 'kernel_params': [{'name': 'propagation', 'with_attributes': True, 't_max': 5}], 'normalize': True}
2026-01-12 17:28:42,017 INFO Params set successfully. GK created: True
2026-01-12 17:28:42,019 INFO Setting params: {'C': 0.0071968567300115215, 'kernel_params': [{'name': 'propagation', 'with_attributes': True, 't_max': 8}], 'normalize': True}
2026-01-12 17:28:42,019 INFO Params set successfully. GK created: True
2026-01-12 17:28:42,021 INFO Setting params: {'C': 0.0071968567300115215, 'kernel_params': [{'name': 'propagation', 'with_attributes': True, 't_max': 10}], 'normalize': True}
2026-01-12 17:28:42,021 INFO Params set successfully. GK created: True
2026-01-12 17:28:42,023 INFO Setting params: {'C': 0.0071968567300115215, 'kernel_params': [{'name': 'propagation', 'with_attributes': True, 't_max': 15}], 'normalize': True}
2026-01-12 17:28:42,023 INFO Params set successfully. GK created: True
2026-01-12 17:28:42,025 INFO Setting params: {'C': 0.0071968567300115215, 'kernel_params': [{'name': 'propagation', 'with_attributes': True, 't_max': 20}], 'normalize': True}
2026-01-12 17:28:42,025 INFO Params set successfully. GK created: True
2026-01-12 17:28:42,027 INFO Setting params: {'C': 0.037275937203149416, 'kernel_params': [{'name': 'propagation', 'with_attributes': True, 't_max': 1}], 'normalize': True}
2026-01-12 17:28:42,027 INFO Params set successfully. GK created: True
2026-01-12 17:28:42,029 INFO Setting params: {'C': 0.037275937203149416, 'kernel_params': [{'name': 'propagation', 'with_attributes': True, 't_max': 3}], 'normalize': True}
2026-01-12 17:28:42,029 INFO Params set successfully. GK created: True
2026-01-12 17:28:42,031 INFO Setting params: {'C': 0.037275937203149416, 'kernel_params': [{'name': 'propagation', 'with_attributes': True, 't_max': 5}], 'normalize': True}
2026-01-12 17:28:42,031 INFO Params set successfully. GK created: True
2026-01-12 17:28:42,033 INFO Setting params: {'C': 0.037275937203149416, 'kernel_params': [{'name': 'propagation', 'with_attributes': True, 't_max': 8}], 'normalize': True}
2026-01-12 17:28:42,033 INFO Params set successfully. GK created: True
2026-01-12 17:28:42,035 INFO Setting params: {'C': 0.037275937203149416, 'kernel_params': [{'name': 'propagation', 'with_attributes': True, 't_max': 10}], 'normalize': True}
2026-01-12 17:28:42,036 INFO Params set successfully. GK created: True
2026-01-12 17:28:42,037 INFO Setting params: {'C': 0.037275937203149416, 'kernel_params': [{'name': 'propagation', 'with_attributes': True, 't_max': 15}], 'normalize': True}
2026-01-12 17:28:42,038 INFO Params set successfully. GK created: True
2026-01-12 17:28:42,039 INFO Setting params: {'C': 0.037275937203149416, 'kernel_params': [{'name': 'propagation', 'with_attributes': True, 't_max': 20}], 'normalize': True}
2026-01-12 17:28:42,040 INFO Params set successfully. GK created: True
2026-01-12 17:28:42,042 INFO Setting params: {'C': 0.19306977288832497, 'kernel_params': [{'name': 'propagation', 'with_attributes': True, 't_max': 1}], 'normalize': True}
2026-01-12 17:28:42,042 INFO Params set successfully. GK created: True
2026-01-12 17:28:42,044 INFO Setting params: {'C': 0.19306977288832497, 'kernel_params': [{'name': 'propagation', 'with_attributes': True, 't_max': 3}], 'normalize': True}
2026-01-12 17:28:42,045 INFO Params set successfully. GK created: True
2026-01-12 17:28:42,047 INFO Setting params: {'C': 0.19306977288832497, 'kernel_params': [{'name': 'propagation', 'with_attributes': True, 't_max': 5}], 'normalize': True}
2026-01-12 17:28:42,047 INFO Params set successfully. GK created: True
2026-01-12 17:28:42,049 INFO Setting params: {'C': 0.19306977288832497, 'kernel_params': [{'name': 'propagation', 'with_attributes': True, 't_max': 8}], 'normalize': True}
2026-01-12 17:28:42,049 INFO Params set successfully. GK created: True
2026-01-12 17:28:42,051 INFO Setting params: {'C': 0.19306977288832497, 'kernel_params': [{'name': 'propagation', 'with_attributes': True, 't_max': 10}], 'normalize': True}
2026-01-12 17:28:42,051 INFO Params set successfully. GK created: True
2026-01-12 17:28:42,053 INFO Setting params: {'C': 0.19306977288832497, 'kernel_params': [{'name': 'propagation', 'with_attributes': True, 't_max': 15}], 'normalize': True}
2026-01-12 17:28:42,053 INFO Params set successfully. GK created: True
2026-01-12 17:28:42,055 INFO Setting params: {'C': 0.19306977288832497, 'kernel_params': [{'name': 'propagation', 'with_attributes': True, 't_max': 20}], 'normalize': True}
2026-01-12 17:28:42,055 INFO Params set successfully. GK created: True
2026-01-12 17:28:42,057 INFO Setting params: {'C': 1.0, 'kernel_params': [{'name': 'propagation', 'with_attributes': True, 't_max': 1}], 'normalize': True}
2026-01-12 17:28:42,057 INFO Params set successfully. GK created: True
2026-01-12 17:28:42,061 INFO Setting params: {'C': 1.0, 'kernel_params': [{'name': 'propagation', 'with_attributes': True, 't_max': 3}], 'normalize': True}
2026-01-12 17:28:42,061 INFO Params set successfully. GK created: True
2026-01-12 17:28:42,063 INFO Setting params: {'C': 1.0, 'kernel_params': [{'name': 'propagation', 'with_attributes': True, 't_max': 5}], 'normalize': True}
2026-01-12 17:28:42,063 INFO Params set successfully. GK created: True
2026-01-12 17:28:42,065 INFO Setting params: {'C': 1.0, 'kernel_params': [{'name': 'propagation', 'with_attributes': True, 't_max': 8}], 'normalize': True}
2026-01-12 17:28:42,065 INFO Params set successfully. GK created: True
2026-01-12 17:28:42,067 INFO Setting params: {'C': 1.0, 'kernel_params': [{'name': 'propagation', 'with_attributes': True, 't_max': 10}], 'normalize': True}
2026-01-12 17:28:42,067 INFO Params set successfully. GK created: True
2026-01-12 17:28:42,069 INFO Setting params: {'C': 1.0, 'kernel_params': [{'name': 'propagation', 'with_attributes': True, 't_max': 15}], 'normalize': True}
2026-01-12 17:28:42,069 INFO Params set successfully. GK created: True
2026-01-12 17:28:42,071 INFO Setting params: {'C': 1.0, 'kernel_params': [{'name': 'propagation', 'with_attributes': True, 't_max': 20}], 'normalize': True}
2026-01-12 17:28:42,072 INFO Params set successfully. GK created: True
2026-01-12 17:28:42,074 INFO Setting params: {'C': 5.1794746792312125, 'kernel_params': [{'name': 'propagation', 'with_attributes': True, 't_max': 1}], 'normalize': True}
2026-01-12 17:28:42,074 INFO Params set successfully. GK created: True
2026-01-12 17:28:42,077 INFO Setting params: {'C': 5.1794746792312125, 'kernel_params': [{'name': 'propagation', 'with_attributes': True, 't_max': 3}], 'normalize': True}
2026-01-12 17:28:42,077 INFO Params set successfully. GK created: True
2026-01-12 17:28:42,079 INFO Setting params: {'C': 5.1794746792312125, 'kernel_params': [{'name': 'propagation', 'with_attributes': True, 't_max': 5}], 'normalize': True}
2026-01-12 17:28:42,079 INFO Params set successfully. GK created: True
2026-01-12 17:28:42,081 INFO Setting params: {'C': 5.1794746792312125, 'kernel_params': [{'name': 'propagation', 'with_attributes': True, 't_max': 8}], 'normalize': True}
2026-01-12 17:28:42,082 INFO Params set successfully. GK created: True
2026-01-12 17:28:42,084 INFO Setting params: {'C': 5.1794746792312125, 'kernel_params': [{'name': 'propagation', 'with_attributes': True, 't_max': 10}], 'normalize': True}
2026-01-12 17:28:42,084 INFO Params set successfully. GK created: True
2026-01-12 17:28:42,086 INFO Setting params: {'C': 5.1794746792312125, 'kernel_params': [{'name': 'propagation', 'with_attributes': True, 't_max': 15}], 'normalize': True}
2026-01-12 17:28:42,086 INFO Params set successfully. GK created: True
2026-01-12 17:28:42,088 INFO Setting params: {'C': 5.1794746792312125, 'kernel_params': [{'name': 'propagation', 'with_attributes': True, 't_max': 20}], 'normalize': True}
2026-01-12 17:28:42,088 INFO Params set successfully. GK created: True
2026-01-12 17:28:42,090 INFO Setting params: {'C': 26.826957952797272, 'kernel_params': [{'name': 'propagation', 'with_attributes': True, 't_max': 1}], 'normalize': True}
2026-01-12 17:28:42,090 INFO Params set successfully. GK created: True
2026-01-12 17:28:42,094 INFO Setting params: {'C': 26.826957952797272, 'kernel_params': [{'name': 'propagation', 'with_attributes': True, 't_max': 3}], 'normalize': True}
2026-01-12 17:28:42,094 INFO Params set successfully. GK created: True
2026-01-12 17:28:42,096 INFO Setting params: {'C': 26.826957952797272, 'kernel_params': [{'name': 'propagation', 'with_attributes': True, 't_max': 5}], 'normalize': True}
2026-01-12 17:28:42,096 INFO Params set successfully. GK created: True
2026-01-12 17:28:42,098 INFO Setting params: {'C': 26.826957952797272, 'kernel_params': [{'name': 'propagation', 'with_attributes': True, 't_max': 8}], 'normalize': True}
2026-01-12 17:28:42,098 INFO Params set successfully. GK created: True
2026-01-12 17:28:42,101 INFO Setting params: {'C': 26.826957952797272, 'kernel_params': [{'name': 'propagation', 'with_attributes': True, 't_max': 10}], 'normalize': True}
2026-01-12 17:28:42,101 INFO Params set successfully. GK created: True
2026-01-12 17:28:42,103 INFO Setting params: {'C': 26.826957952797272, 'kernel_params': [{'name': 'propagation', 'with_attributes': True, 't_max': 15}], 'normalize': True}
2026-01-12 17:28:42,103 INFO Params set successfully. GK created: True
2026-01-12 17:28:42,105 INFO Setting params: {'C': 26.826957952797272, 'kernel_params': [{'name': 'propagation', 'with_attributes': True, 't_max': 20}], 'normalize': True}
2026-01-12 17:28:42,105 INFO Params set successfully. GK created: True
2026-01-12 17:28:42,107 INFO Setting params: {'C': 138.9495494373139, 'kernel_params': [{'name': 'propagation', 'with_attributes': True, 't_max': 1}], 'normalize': True}
2026-01-12 17:28:42,107 INFO Params set successfully. GK created: True
2026-01-12 17:28:42,111 INFO Setting params: {'C': 138.9495494373139, 'kernel_params': [{'name': 'propagation', 'with_attributes': True, 't_max': 3}], 'normalize': True}
2026-01-12 17:28:42,111 INFO Params set successfully. GK created: True
2026-01-12 17:28:42,113 INFO Setting params: {'C': 138.9495494373139, 'kernel_params': [{'name': 'propagation', 'with_attributes': True, 't_max': 5}], 'normalize': True}
2026-01-12 17:28:42,114 INFO Params set successfully. GK created: True
2026-01-12 17:28:42,116 INFO Setting params: {'C': 138.9495494373139, 'kernel_params': [{'name': 'propagation', 'with_attributes': True, 't_max': 8}], 'normalize': True}
2026-01-12 17:28:42,116 INFO Params set successfully. GK created: True
2026-01-12 17:28:42,119 INFO Setting params: {'C': 138.9495494373139, 'kernel_params': [{'name': 'propagation', 'with_attributes': True, 't_max': 10}], 'normalize': True}
2026-01-12 17:28:42,119 INFO Params set successfully. GK created: True
2026-01-12 17:28:42,121 INFO Setting params: {'C': 138.9495494373139, 'kernel_params': [{'name': 'propagation', 'with_attributes': True, 't_max': 15}], 'normalize': True}
2026-01-12 17:28:42,121 INFO Params set successfully. GK created: True
2026-01-12 17:28:42,124 INFO Setting params: {'C': 138.9495494373139, 'kernel_params': [{'name': 'propagation', 'with_attributes': True, 't_max': 20}], 'normalize': True}
2026-01-12 17:28:42,124 INFO Params set successfully. GK created: True
2026-01-12 17:28:42,126 INFO Setting params: {'C': 719.6856730011528, 'kernel_params': [{'name': 'propagation', 'with_attributes': True, 't_max': 1}], 'normalize': True}
2026-01-12 17:28:42,126 INFO Params set successfully. GK created: True
2026-01-12 17:28:42,129 INFO Setting params: {'C': 719.6856730011528, 'kernel_params': [{'name': 'propagation', 'with_attributes': True, 't_max': 3}], 'normalize': True}
2026-01-12 17:28:42,129 INFO Params set successfully. GK created: True
2026-01-12 17:28:42,132 INFO Setting params: {'C': 719.6856730011528, 'kernel_params': [{'name': 'propagation', 'with_attributes': True, 't_max': 5}], 'normalize': True}
2026-01-12 17:28:42,132 INFO Params set successfully. GK created: True
2026-01-12 17:28:42,135 INFO Setting params: {'C': 719.6856730011528, 'kernel_params': [{'name': 'propagation', 'with_attributes': True, 't_max': 8}], 'normalize': True}
2026-01-12 17:28:42,135 INFO Params set successfully. GK created: True
2026-01-12 17:28:42,137 INFO Setting params: {'C': 719.6856730011528, 'kernel_params': [{'name': 'propagation', 'with_attributes': True, 't_max': 10}], 'normalize': True}
2026-01-12 17:28:42,137 INFO Params set successfully. GK created: True
2026-01-12 17:28:42,140 INFO Setting params: {'C': 719.6856730011528, 'kernel_params': [{'name': 'propagation', 'with_attributes': True, 't_max': 15}], 'normalize': True}
2026-01-12 17:28:42,140 INFO Params set successfully. GK created: True
2026-01-12 17:28:42,142 INFO Setting params: {'C': 719.6856730011528, 'kernel_params': [{'name': 'propagation', 'with_attributes': True, 't_max': 20}], 'normalize': True}
2026-01-12 17:28:42,142 INFO Params set successfully. GK created: True
2026-01-12 17:28:42,145 INFO Setting params: {'C': 3727.593720314938, 'kernel_params': [{'name': 'propagation', 'with_attributes': True, 't_max': 1}], 'normalize': True}
2026-01-12 17:28:42,145 INFO Params set successfully. GK created: True
2026-01-12 17:28:42,148 INFO Setting params: {'C': 3727.593720314938, 'kernel_params': [{'name': 'propagation', 'with_attributes': True, 't_max': 3}], 'normalize': True}
2026-01-12 17:28:42,148 INFO Params set successfully. GK created: True
2026-01-12 17:28:42,151 INFO Setting params: {'C': 3727.593720314938, 'kernel_params': [{'name': 'propagation', 'with_attributes': True, 't_max': 5}], 'normalize': True}
2026-01-12 17:28:42,151 INFO Params set successfully. GK created: True
2026-01-12 17:28:42,154 INFO Setting params: {'C': 3727.593720314938, 'kernel_params': [{'name': 'propagation', 'with_attributes': True, 't_max': 8}], 'normalize': True}
2026-01-12 17:28:42,154 INFO Params set successfully. GK created: True
2026-01-12 17:28:42,156 INFO Setting params: {'C': 3727.593720314938, 'kernel_params': [{'name': 'propagation', 'with_attributes': True, 't_max': 10}], 'normalize': True}
2026-01-12 17:28:42,156 INFO Params set successfully. GK created: True
2026-01-12 17:28:42,159 INFO Setting params: {'C': 3727.593720314938, 'kernel_params': [{'name': 'propagation', 'with_attributes': True, 't_max': 15}], 'normalize': True}
2026-01-12 17:28:42,159 INFO Params set successfully. GK created: True
2026-01-12 17:28:42,162 INFO Setting params: {'C': 3727.593720314938, 'kernel_params': [{'name': 'propagation', 'with_attributes': True, 't_max': 20}], 'normalize': True}
2026-01-12 17:28:42,162 INFO Params set successfully. GK created: True
2026-01-12 17:28:42,164 INFO Setting params: {'C': 19306.977288832535, 'kernel_params': [{'name': 'propagation', 'with_attributes': True, 't_max': 1}], 'normalize': True}
2026-01-12 17:28:42,164 INFO Params set successfully. GK created: True
2026-01-12 17:28:42,168 INFO Setting params: {'C': 19306.977288832535, 'kernel_params': [{'name': 'propagation', 'with_attributes': True, 't_max': 3}], 'normalize': True}
2026-01-12 17:28:42,168 INFO Params set successfully. GK created: True
2026-01-12 17:28:42,171 INFO Setting params: {'C': 19306.977288832535, 'kernel_params': [{'name': 'propagation', 'with_attributes': True, 't_max': 5}], 'normalize': True}
2026-01-12 17:28:42,171 INFO Params set successfully. GK created: True
2026-01-12 17:28:42,173 INFO Setting params: {'C': 19306.977288832535, 'kernel_params': [{'name': 'propagation', 'with_attributes': True, 't_max': 8}], 'normalize': True}
2026-01-12 17:28:42,173 INFO Params set successfully. GK created: True
2026-01-12 17:28:42,176 INFO Setting params: {'C': 19306.977288832535, 'kernel_params': [{'name': 'propagation', 'with_attributes': True, 't_max': 10}], 'normalize': True}
2026-01-12 17:28:42,176 INFO Params set successfully. GK created: True
2026-01-12 17:28:42,179 INFO Setting params: {'C': 19306.977288832535, 'kernel_params': [{'name': 'propagation', 'with_attributes': True, 't_max': 15}], 'normalize': True}
2026-01-12 17:28:42,179 INFO Params set successfully. GK created: True
2026-01-12 17:28:42,181 INFO Setting params: {'C': 19306.977288832535, 'kernel_params': [{'name': 'propagation', 'with_attributes': True, 't_max': 20}], 'normalize': True}
2026-01-12 17:28:42,181 INFO Params set successfully. GK created: True
2026-01-12 17:28:42,184 INFO Setting params: {'C': 100000.0, 'kernel_params': [{'name': 'propagation', 'with_attributes': True, 't_max': 1}], 'normalize': True}
2026-01-12 17:28:42,184 INFO Params set successfully. GK created: True
2026-01-12 17:28:42,187 INFO Setting params: {'C': 100000.0, 'kernel_params': [{'name': 'propagation', 'with_attributes': True, 't_max': 3}], 'normalize': True}
2026-01-12 17:28:42,188 INFO Params set successfully. GK created: True
2026-01-12 17:28:42,190 INFO Setting params: {'C': 100000.0, 'kernel_params': [{'name': 'propagation', 'with_attributes': True, 't_max': 5}], 'normalize': True}
2026-01-12 17:28:42,190 INFO Params set successfully. GK created: True
2026-01-12 17:28:42,193 INFO Setting params: {'C': 100000.0, 'kernel_params': [{'name': 'propagation', 'with_attributes': True, 't_max': 8}], 'normalize': True}
2026-01-12 17:28:42,193 INFO Params set successfully. GK created: True
2026-01-12 17:28:42,196 INFO Setting params: {'C': 100000.0, 'kernel_params': [{'name': 'propagation', 'with_attributes': True, 't_max': 10}], 'normalize': True}
2026-01-12 17:28:42,196 INFO Params set successfully. GK created: True
2026-01-12 17:28:42,198 INFO Setting params: {'C': 100000.0, 'kernel_params': [{'name': 'propagation', 'with_attributes': True, 't_max': 15}], 'normalize': True}
2026-01-12 17:28:42,198 INFO Params set successfully. GK created: True
2026-01-12 17:28:42,201 INFO Setting params: {'C': 100000.0, 'kernel_params': [{'name': 'propagation', 'with_attributes': True, 't_max': 20}], 'normalize': True}
2026-01-12 17:28:42,201 INFO Params set successfully. GK created: True
2026-01-12 17:28:42,203 INFO Setting params: {'C': 1e-05, 'kernel_params': [{'name': 'propagation', 'with_attributes': True, 't_max': 1}], 'normalize': True}
2026-01-12 17:28:42,203 INFO Params set successfully. GK created: True
2026-01-12 17:28:42,205 INFO Setting params: {'C': 1e-05, 'kernel_params': [{'name': 'propagation', 'with_attributes': True, 't_max': 3}], 'normalize': True}
2026-01-12 17:28:42,205 INFO Params set successfully. GK created: True
2026-01-12 17:28:42,207 INFO Setting params: {'C': 1e-05, 'kernel_params': [{'name': 'propagation', 'with_attributes': True, 't_max': 5}], 'normalize': True}
2026-01-12 17:28:42,207 INFO Params set successfully. GK created: True
2026-01-12 17:28:42,209 INFO Setting params: {'C': 1e-05, 'kernel_params': [{'name': 'propagation', 'with_attributes': True, 't_max': 8}], 'normalize': True}
2026-01-12 17:28:42,209 INFO Params set successfully. GK created: True
2026-01-12 17:28:42,211 INFO Setting params: {'C': 1e-05, 'kernel_params': [{'name': 'propagation', 'with_attributes': True, 't_max': 10}], 'normalize': True}
2026-01-12 17:28:42,211 INFO Params set successfully. GK created: True
2026-01-12 17:28:42,213 INFO Setting params: {'C': 1e-05, 'kernel_params': [{'name': 'propagation', 'with_attributes': True, 't_max': 15}], 'normalize': True}
2026-01-12 17:28:42,213 INFO Params set successfully. GK created: True
2026-01-12 17:28:42,215 INFO Setting params: {'C': 1e-05, 'kernel_params': [{'name': 'propagation', 'with_attributes': True, 't_max': 20}], 'normalize': True}
2026-01-12 17:28:42,216 INFO Params set successfully. GK created: True
2026-01-12 17:28:42,217 INFO Setting params: {'C': 5.1794746792312125e-05, 'kernel_params': [{'name': 'propagation', 'with_attributes': True, 't_max': 1}], 'normalize': True}
2026-01-12 17:28:42,218 INFO Params set successfully. GK created: True
2026-01-12 17:28:42,219 INFO Setting params: {'C': 5.1794746792312125e-05, 'kernel_params': [{'name': 'propagation', 'with_attributes': True, 't_max': 3}], 'normalize': True}
2026-01-12 17:28:42,220 INFO Params set successfully. GK created: True
2026-01-12 17:28:42,222 INFO Setting params: {'C': 5.1794746792312125e-05, 'kernel_params': [{'name': 'propagation', 'with_attributes': True, 't_max': 5}], 'normalize': True}
2026-01-12 17:28:42,222 INFO Params set successfully. GK created: True
2026-01-12 17:28:42,224 INFO Setting params: {'C': 5.1794746792312125e-05, 'kernel_params': [{'name': 'propagation', 'with_attributes': True, 't_max': 8}], 'normalize': True}
2026-01-12 17:28:42,224 INFO Params set successfully. GK created: True
2026-01-12 17:28:42,226 INFO Setting params: {'C': 5.1794746792312125e-05, 'kernel_params': [{'name': 'propagation', 'with_attributes': True, 't_max': 10}], 'normalize': True}
2026-01-12 17:28:42,226 INFO Params set successfully. GK created: True
2026-01-12 17:28:42,228 INFO Setting params: {'C': 5.1794746792312125e-05, 'kernel_params': [{'name': 'propagation', 'with_attributes': True, 't_max': 15}], 'normalize': True}
2026-01-12 17:28:42,228 INFO Params set successfully. GK created: True
2026-01-12 17:28:42,230 INFO Setting params: {'C': 5.1794746792312125e-05, 'kernel_params': [{'name': 'propagation', 'with_attributes': True, 't_max': 20}], 'normalize': True}
2026-01-12 17:28:42,230 INFO Params set successfully. GK created: True
2026-01-12 17:28:42,232 INFO Setting params: {'C': 0.0002682695795279727, 'kernel_params': [{'name': 'propagation', 'with_attributes': True, 't_max': 1}], 'normalize': True}
2026-01-12 17:28:42,232 INFO Params set successfully. GK created: True
2026-01-12 17:28:42,234 INFO Setting params: {'C': 0.0002682695795279727, 'kernel_params': [{'name': 'propagation', 'with_attributes': True, 't_max': 3}], 'normalize': True}
2026-01-12 17:28:42,234 INFO Params set successfully. GK created: True
2026-01-12 17:28:42,236 INFO Setting params: {'C': 0.0002682695795279727, 'kernel_params': [{'name': 'propagation', 'with_attributes': True, 't_max': 5}], 'normalize': True}
2026-01-12 17:28:42,236 INFO Params set successfully. GK created: True
2026-01-12 17:28:42,238 INFO Setting params: {'C': 0.0002682695795279727, 'kernel_params': [{'name': 'propagation', 'with_attributes': True, 't_max': 8}], 'normalize': True}
2026-01-12 17:28:42,238 INFO Params set successfully. GK created: True
2026-01-12 17:28:42,240 INFO Setting params: {'C': 0.0002682695795279727, 'kernel_params': [{'name': 'propagation', 'with_attributes': True, 't_max': 10}], 'normalize': True}
2026-01-12 17:28:42,240 INFO Params set successfully. GK created: True
2026-01-12 17:28:42,242 INFO Setting params: {'C': 0.0002682695795279727, 'kernel_params': [{'name': 'propagation', 'with_attributes': True, 't_max': 15}], 'normalize': True}
2026-01-12 17:28:42,242 INFO Params set successfully. GK created: True
2026-01-12 17:28:42,244 INFO Setting params: {'C': 0.0002682695795279727, 'kernel_params': [{'name': 'propagation', 'with_attributes': True, 't_max': 20}], 'normalize': True}
2026-01-12 17:28:42,244 INFO Params set successfully. GK created: True
2026-01-12 17:28:42,246 INFO Setting params: {'C': 0.0013894954943731374, 'kernel_params': [{'name': 'propagation', 'with_attributes': True, 't_max': 1}], 'normalize': True}
2026-01-12 17:28:42,246 INFO Params set successfully. GK created: True
2026-01-12 17:28:42,248 INFO Setting params: {'C': 0.0013894954943731374, 'kernel_params': [{'name': 'propagation', 'with_attributes': True, 't_max': 3}], 'normalize': True}
2026-01-12 17:28:42,248 INFO Params set successfully. GK created: True
2026-01-12 17:28:42,250 INFO Setting params: {'C': 0.0013894954943731374, 'kernel_params': [{'name': 'propagation', 'with_attributes': True, 't_max': 5}], 'normalize': True}
2026-01-12 17:28:42,250 INFO Params set successfully. GK created: True
2026-01-12 17:28:42,252 INFO Setting params: {'C': 0.0013894954943731374, 'kernel_params': [{'name': 'propagation', 'with_attributes': True, 't_max': 8}], 'normalize': True}
2026-01-12 17:28:42,252 INFO Params set successfully. GK created: True
2026-01-12 17:28:42,254 INFO Setting params: {'C': 0.0013894954943731374, 'kernel_params': [{'name': 'propagation', 'with_attributes': True, 't_max': 10}], 'normalize': True}
2026-01-12 17:28:42,254 INFO Params set successfully. GK created: True
2026-01-12 17:28:42,256 INFO Setting params: {'C': 0.0013894954943731374, 'kernel_params': [{'name': 'propagation', 'with_attributes': True, 't_max': 15}], 'normalize': True}
2026-01-12 17:28:42,256 INFO Params set successfully. GK created: True
2026-01-12 17:28:42,258 INFO Setting params: {'C': 0.0013894954943731374, 'kernel_params': [{'name': 'propagation', 'with_attributes': True, 't_max': 20}], 'normalize': True}
2026-01-12 17:28:42,258 INFO Params set successfully. GK created: True
2026-01-12 17:28:42,260 INFO Setting params: {'C': 0.0071968567300115215, 'kernel_params': [{'name': 'propagation', 'with_attributes': True, 't_max': 1}], 'normalize': True}
2026-01-12 17:28:42,260 INFO Params set successfully. GK created: True
2026-01-12 17:28:42,263 INFO Setting params: {'C': 0.0071968567300115215, 'kernel_params': [{'name': 'propagation', 'with_attributes': True, 't_max': 3}], 'normalize': True}
2026-01-12 17:28:42,263 INFO Params set successfully. GK created: True
2026-01-12 17:28:42,265 INFO Setting params: {'C': 0.0071968567300115215, 'kernel_params': [{'name': 'propagation', 'with_attributes': True, 't_max': 5}], 'normalize': True}
2026-01-12 17:28:42,265 INFO Params set successfully. GK created: True
2026-01-12 17:28:42,267 INFO Setting params: {'C': 0.0071968567300115215, 'kernel_params': [{'name': 'propagation', 'with_attributes': True, 't_max': 8}], 'normalize': True}
2026-01-12 17:28:42,267 INFO Params set successfully. GK created: True
2026-01-12 17:28:42,269 INFO Setting params: {'C': 0.0071968567300115215, 'kernel_params': [{'name': 'propagation', 'with_attributes': True, 't_max': 10}], 'normalize': True}
2026-01-12 17:28:42,269 INFO Params set successfully. GK created: True
2026-01-12 17:28:42,271 INFO Setting params: {'C': 0.0071968567300115215, 'kernel_params': [{'name': 'propagation', 'with_attributes': True, 't_max': 15}], 'normalize': True}
2026-01-12 17:28:42,271 INFO Params set successfully. GK created: True
2026-01-12 17:28:42,273 INFO Setting params: {'C': 0.0071968567300115215, 'kernel_params': [{'name': 'propagation', 'with_attributes': True, 't_max': 20}], 'normalize': True}
2026-01-12 17:28:42,273 INFO Params set successfully. GK created: True
2026-01-12 17:28:42,275 INFO Setting params: {'C': 0.037275937203149416, 'kernel_params': [{'name': 'propagation', 'with_attributes': True, 't_max': 1}], 'normalize': True}
2026-01-12 17:28:42,275 INFO Params set successfully. GK created: True
2026-01-12 17:28:42,277 INFO Setting params: {'C': 0.037275937203149416, 'kernel_params': [{'name': 'propagation', 'with_attributes': True, 't_max': 3}], 'normalize': True}
2026-01-12 17:28:42,278 INFO Params set successfully. GK created: True
2026-01-12 17:28:42,280 INFO Setting params: {'C': 0.037275937203149416, 'kernel_params': [{'name': 'propagation', 'with_attributes': True, 't_max': 5}], 'normalize': True}
2026-01-12 17:28:42,280 INFO Params set successfully. GK created: True
2026-01-12 17:28:42,282 INFO Setting params: {'C': 0.037275937203149416, 'kernel_params': [{'name': 'propagation', 'with_attributes': True, 't_max': 8}], 'normalize': True}
2026-01-12 17:28:42,282 INFO Params set successfully. GK created: True
2026-01-12 17:28:42,284 INFO Setting params: {'C': 0.037275937203149416, 'kernel_params': [{'name': 'propagation', 'with_attributes': True, 't_max': 10}], 'normalize': True}
2026-01-12 17:28:42,284 INFO Params set successfully. GK created: True
2026-01-12 17:28:42,286 INFO Setting params: {'C': 0.037275937203149416, 'kernel_params': [{'name': 'propagation', 'with_attributes': True, 't_max': 15}], 'normalize': True}
2026-01-12 17:28:42,286 INFO Params set successfully. GK created: True
2026-01-12 17:28:42,288 INFO Setting params: {'C': 0.037275937203149416, 'kernel_params': [{'name': 'propagation', 'with_attributes': True, 't_max': 20}], 'normalize': True}
2026-01-12 17:28:42,288 INFO Params set successfully. GK created: True
2026-01-12 17:28:42,290 INFO Setting params: {'C': 0.19306977288832497, 'kernel_params': [{'name': 'propagation', 'with_attributes': True, 't_max': 1}], 'normalize': True}
2026-01-12 17:28:42,290 INFO Params set successfully. GK created: True
2026-01-12 17:28:42,293 INFO Setting params: {'C': 0.19306977288832497, 'kernel_params': [{'name': 'propagation', 'with_attributes': True, 't_max': 3}], 'normalize': True}
2026-01-12 17:28:42,293 INFO Params set successfully. GK created: True
2026-01-12 17:28:42,295 INFO Setting params: {'C': 0.19306977288832497, 'kernel_params': [{'name': 'propagation', 'with_attributes': True, 't_max': 5}], 'normalize': True}
2026-01-12 17:28:42,295 INFO Params set successfully. GK created: True
2026-01-12 17:28:42,297 INFO Setting params: {'C': 0.19306977288832497, 'kernel_params': [{'name': 'propagation', 'with_attributes': True, 't_max': 8}], 'normalize': True}
2026-01-12 17:28:42,297 INFO Params set successfully. GK created: True
2026-01-12 17:28:42,299 INFO Setting params: {'C': 0.19306977288832497, 'kernel_params': [{'name': 'propagation', 'with_attributes': True, 't_max': 10}], 'normalize': True}
2026-01-12 17:28:42,299 INFO Params set successfully. GK created: True
2026-01-12 17:28:42,301 INFO Setting params: {'C': 0.19306977288832497, 'kernel_params': [{'name': 'propagation', 'with_attributes': True, 't_max': 15}], 'normalize': True}
2026-01-12 17:28:42,301 INFO Params set successfully. GK created: True
2026-01-12 17:28:42,303 INFO Setting params: {'C': 0.19306977288832497, 'kernel_params': [{'name': 'propagation', 'with_attributes': True, 't_max': 20}], 'normalize': True}
2026-01-12 17:28:42,303 INFO Params set successfully. GK created: True
2026-01-12 17:28:42,305 INFO Setting params: {'C': 1.0, 'kernel_params': [{'name': 'propagation', 'with_attributes': True, 't_max': 1}], 'normalize': True}
2026-01-12 17:28:42,305 INFO Params set successfully. GK created: True
2026-01-12 17:28:42,309 INFO Setting params: {'C': 1.0, 'kernel_params': [{'name': 'propagation', 'with_attributes': True, 't_max': 3}], 'normalize': True}
2026-01-12 17:28:42,309 INFO Params set successfully. GK created: True
2026-01-12 17:28:42,311 INFO Setting params: {'C': 1.0, 'kernel_params': [{'name': 'propagation', 'with_attributes': True, 't_max': 5}], 'normalize': True}
2026-01-12 17:28:42,311 INFO Params set successfully. GK created: True
2026-01-12 17:28:42,313 INFO Setting params: {'C': 1.0, 'kernel_params': [{'name': 'propagation', 'with_attributes': True, 't_max': 8}], 'normalize': True}
2026-01-12 17:28:42,313 INFO Params set successfully. GK created: True
2026-01-12 17:28:42,315 INFO Setting params: {'C': 1.0, 'kernel_params': [{'name': 'propagation', 'with_attributes': True, 't_max': 10}], 'normalize': True}
2026-01-12 17:28:42,315 INFO Params set successfully. GK created: True
2026-01-12 17:28:42,318 INFO Setting params: {'C': 1.0, 'kernel_params': [{'name': 'propagation', 'with_attributes': True, 't_max': 15}], 'normalize': True}
2026-01-12 17:28:42,318 INFO Params set successfully. GK created: True
2026-01-12 17:28:42,320 INFO Setting params: {'C': 1.0, 'kernel_params': [{'name': 'propagation', 'with_attributes': True, 't_max': 20}], 'normalize': True}
2026-01-12 17:28:42,320 INFO Params set successfully. GK created: True
2026-01-12 17:28:42,322 INFO Setting params: {'C': 5.1794746792312125, 'kernel_params': [{'name': 'propagation', 'with_attributes': True, 't_max': 1}], 'normalize': True}
2026-01-12 17:28:42,322 INFO Params set successfully. GK created: True
2026-01-12 17:28:42,325 INFO Setting params: {'C': 5.1794746792312125, 'kernel_params': [{'name': 'propagation', 'with_attributes': True, 't_max': 3}], 'normalize': True}
2026-01-12 17:28:42,326 INFO Params set successfully. GK created: True
2026-01-12 17:28:42,328 INFO Setting params: {'C': 5.1794746792312125, 'kernel_params': [{'name': 'propagation', 'with_attributes': True, 't_max': 5}], 'normalize': True}
2026-01-12 17:28:42,328 INFO Params set successfully. GK created: True
2026-01-12 17:28:42,330 INFO Setting params: {'C': 5.1794746792312125, 'kernel_params': [{'name': 'propagation', 'with_attributes': True, 't_max': 8}], 'normalize': True}
2026-01-12 17:28:42,330 INFO Params set successfully. GK created: True
2026-01-12 17:28:42,332 INFO Setting params: {'C': 5.1794746792312125, 'kernel_params': [{'name': 'propagation', 'with_attributes': True, 't_max': 10}], 'normalize': True}
2026-01-12 17:28:42,332 INFO Params set successfully. GK created: True
2026-01-12 17:28:42,334 INFO Setting params: {'C': 5.1794746792312125, 'kernel_params': [{'name': 'propagation', 'with_attributes': True, 't_max': 15}], 'normalize': True}
2026-01-12 17:28:42,334 INFO Params set successfully. GK created: True
2026-01-12 17:28:42,337 INFO Setting params: {'C': 5.1794746792312125, 'kernel_params': [{'name': 'propagation', 'with_attributes': True, 't_max': 20}], 'normalize': True}
2026-01-12 17:28:42,337 INFO Params set successfully. GK created: True
2026-01-12 17:28:42,339 INFO Setting params: {'C': 26.826957952797272, 'kernel_params': [{'name': 'propagation', 'with_attributes': True, 't_max': 1}], 'normalize': True}
2026-01-12 17:28:42,339 INFO Params set successfully. GK created: True
2026-01-12 17:28:42,342 INFO Setting params: {'C': 26.826957952797272, 'kernel_params': [{'name': 'propagation', 'with_attributes': True, 't_max': 3}], 'normalize': True}
2026-01-12 17:28:42,342 INFO Params set successfully. GK created: True
2026-01-12 17:28:42,345 INFO Setting params: {'C': 26.826957952797272, 'kernel_params': [{'name': 'propagation', 'with_attributes': True, 't_max': 5}], 'normalize': True}
2026-01-12 17:28:42,345 INFO Params set successfully. GK created: True
2026-01-12 17:28:42,347 INFO Setting params: {'C': 26.826957952797272, 'kernel_params': [{'name': 'propagation', 'with_attributes': True, 't_max': 8}], 'normalize': True}
2026-01-12 17:28:42,347 INFO Params set successfully. GK created: True
2026-01-12 17:28:42,349 INFO Setting params: {'C': 26.826957952797272, 'kernel_params': [{'name': 'propagation', 'with_attributes': True, 't_max': 10}], 'normalize': True}
2026-01-12 17:28:42,349 INFO Params set successfully. GK created: True
2026-01-12 17:28:42,351 INFO Setting params: {'C': 26.826957952797272, 'kernel_params': [{'name': 'propagation', 'with_attributes': True, 't_max': 15}], 'normalize': True}
2026-01-12 17:28:42,351 INFO Params set successfully. GK created: True
2026-01-12 17:28:42,354 INFO Setting params: {'C': 26.826957952797272, 'kernel_params': [{'name': 'propagation', 'with_attributes': True, 't_max': 20}], 'normalize': True}
2026-01-12 17:28:42,354 INFO Params set successfully. GK created: True
2026-01-12 17:28:42,356 INFO Setting params: {'C': 138.9495494373139, 'kernel_params': [{'name': 'propagation', 'with_attributes': True, 't_max': 1}], 'normalize': True}
2026-01-12 17:28:42,356 INFO Params set successfully. GK created: True
2026-01-12 17:28:42,359 INFO Setting params: {'C': 138.9495494373139, 'kernel_params': [{'name': 'propagation', 'with_attributes': True, 't_max': 3}], 'normalize': True}
2026-01-12 17:28:42,359 INFO Params set successfully. GK created: True
2026-01-12 17:28:42,362 INFO Setting params: {'C': 138.9495494373139, 'kernel_params': [{'name': 'propagation', 'with_attributes': True, 't_max': 5}], 'normalize': True}
2026-01-12 17:28:42,362 INFO Params set successfully. GK created: True
2026-01-12 17:28:42,364 INFO Setting params: {'C': 138.9495494373139, 'kernel_params': [{'name': 'propagation', 'with_attributes': True, 't_max': 8}], 'normalize': True}
2026-01-12 17:28:42,364 INFO Params set successfully. GK created: True
2026-01-12 17:28:42,367 INFO Setting params: {'C': 138.9495494373139, 'kernel_params': [{'name': 'propagation', 'with_attributes': True, 't_max': 10}], 'normalize': True}
2026-01-12 17:28:42,367 INFO Params set successfully. GK created: True
2026-01-12 17:28:42,370 INFO Setting params: {'C': 138.9495494373139, 'kernel_params': [{'name': 'propagation', 'with_attributes': True, 't_max': 15}], 'normalize': True}
2026-01-12 17:28:42,370 INFO Params set successfully. GK created: True
2026-01-12 17:28:42,372 INFO Setting params: {'C': 138.9495494373139, 'kernel_params': [{'name': 'propagation', 'with_attributes': True, 't_max': 20}], 'normalize': True}
2026-01-12 17:28:42,372 INFO Params set successfully. GK created: True
2026-01-12 17:28:42,374 INFO Setting params: {'C': 719.6856730011528, 'kernel_params': [{'name': 'propagation', 'with_attributes': True, 't_max': 1}], 'normalize': True}
2026-01-12 17:28:42,374 INFO Params set successfully. GK created: True
2026-01-12 17:28:42,378 INFO Setting params: {'C': 719.6856730011528, 'kernel_params': [{'name': 'propagation', 'with_attributes': True, 't_max': 3}], 'normalize': True}
2026-01-12 17:28:42,378 INFO Params set successfully. GK created: True
2026-01-12 17:28:42,380 INFO Setting params: {'C': 719.6856730011528, 'kernel_params': [{'name': 'propagation', 'with_attributes': True, 't_max': 5}], 'normalize': True}
2026-01-12 17:28:42,380 INFO Params set successfully. GK created: True
2026-01-12 17:28:42,383 INFO Setting params: {'C': 719.6856730011528, 'kernel_params': [{'name': 'propagation', 'with_attributes': True, 't_max': 8}], 'normalize': True}
2026-01-12 17:28:42,383 INFO Params set successfully. GK created: True
2026-01-12 17:28:42,386 INFO Setting params: {'C': 719.6856730011528, 'kernel_params': [{'name': 'propagation', 'with_attributes': True, 't_max': 10}], 'normalize': True}
2026-01-12 17:28:42,386 INFO Params set successfully. GK created: True
2026-01-12 17:28:42,388 INFO Setting params: {'C': 719.6856730011528, 'kernel_params': [{'name': 'propagation', 'with_attributes': True, 't_max': 15}], 'normalize': True}
2026-01-12 17:28:42,388 INFO Params set successfully. GK created: True
2026-01-12 17:28:42,391 INFO Setting params: {'C': 719.6856730011528, 'kernel_params': [{'name': 'propagation', 'with_attributes': True, 't_max': 20}], 'normalize': True}
2026-01-12 17:28:42,391 INFO Params set successfully. GK created: True
2026-01-12 17:28:42,393 INFO Setting params: {'C': 3727.593720314938, 'kernel_params': [{'name': 'propagation', 'with_attributes': True, 't_max': 1}], 'normalize': True}
2026-01-12 17:28:42,393 INFO Params set successfully. GK created: True
2026-01-12 17:28:42,397 INFO Setting params: {'C': 3727.593720314938, 'kernel_params': [{'name': 'propagation', 'with_attributes': True, 't_max': 3}], 'normalize': True}
2026-01-12 17:28:42,397 INFO Params set successfully. GK created: True
2026-01-12 17:28:42,399 INFO Setting params: {'C': 3727.593720314938, 'kernel_params': [{'name': 'propagation', 'with_attributes': True, 't_max': 5}], 'normalize': True}
2026-01-12 17:28:42,400 INFO Params set successfully. GK created: True
2026-01-12 17:28:42,402 INFO Setting params: {'C': 3727.593720314938, 'kernel_params': [{'name': 'propagation', 'with_attributes': True, 't_max': 8}], 'normalize': True}
2026-01-12 17:28:42,402 INFO Params set successfully. GK created: True
2026-01-12 17:28:42,405 INFO Setting params: {'C': 3727.593720314938, 'kernel_params': [{'name': 'propagation', 'with_attributes': True, 't_max': 10}], 'normalize': True}
2026-01-12 17:28:42,405 INFO Params set successfully. GK created: True
2026-01-12 17:28:42,407 INFO Setting params: {'C': 3727.593720314938, 'kernel_params': [{'name': 'propagation', 'with_attributes': True, 't_max': 15}], 'normalize': True}
2026-01-12 17:28:42,407 INFO Params set successfully. GK created: True
2026-01-12 17:28:42,410 INFO Setting params: {'C': 3727.593720314938, 'kernel_params': [{'name': 'propagation', 'with_attributes': True, 't_max': 20}], 'normalize': True}
2026-01-12 17:28:42,410 INFO Params set successfully. GK created: True
2026-01-12 17:28:42,412 INFO Setting params: {'C': 19306.977288832535, 'kernel_params': [{'name': 'propagation', 'with_attributes': True, 't_max': 1}], 'normalize': True}
2026-01-12 17:28:42,412 INFO Params set successfully. GK created: True
2026-01-12 17:28:42,416 INFO Setting params: {'C': 19306.977288832535, 'kernel_params': [{'name': 'propagation', 'with_attributes': True, 't_max': 3}], 'normalize': True}
2026-01-12 17:28:42,416 INFO Params set successfully. GK created: True
2026-01-12 17:28:42,418 INFO Setting params: {'C': 19306.977288832535, 'kernel_params': [{'name': 'propagation', 'with_attributes': True, 't_max': 5}], 'normalize': True}
2026-01-12 17:28:42,419 INFO Params set successfully. GK created: True
2026-01-12 17:28:42,421 INFO Setting params: {'C': 19306.977288832535, 'kernel_params': [{'name': 'propagation', 'with_attributes': True, 't_max': 8}], 'normalize': True}
2026-01-12 17:28:42,421 INFO Params set successfully. GK created: True
2026-01-12 17:28:42,424 INFO Setting params: {'C': 19306.977288832535, 'kernel_params': [{'name': 'propagation', 'with_attributes': True, 't_max': 10}], 'normalize': True}
2026-01-12 17:28:42,424 INFO Params set successfully. GK created: True
2026-01-12 17:28:42,426 INFO Setting params: {'C': 19306.977288832535, 'kernel_params': [{'name': 'propagation', 'with_attributes': True, 't_max': 15}], 'normalize': True}
2026-01-12 17:28:42,426 INFO Params set successfully. GK created: True
2026-01-12 17:28:42,429 INFO Setting params: {'C': 19306.977288832535, 'kernel_params': [{'name': 'propagation', 'with_attributes': True, 't_max': 20}], 'normalize': True}
2026-01-12 17:28:42,429 INFO Params set successfully. GK created: True
2026-01-12 17:28:42,431 INFO Setting params: {'C': 100000.0, 'kernel_params': [{'name': 'propagation', 'with_attributes': True, 't_max': 1}], 'normalize': True}
2026-01-12 17:28:42,431 INFO Params set successfully. GK created: True
2026-01-12 17:28:42,435 INFO Setting params: {'C': 100000.0, 'kernel_params': [{'name': 'propagation', 'with_attributes': True, 't_max': 3}], 'normalize': True}
2026-01-12 17:28:42,435 INFO Params set successfully. GK created: True
2026-01-12 17:28:42,438 INFO Setting params: {'C': 100000.0, 'kernel_params': [{'name': 'propagation', 'with_attributes': True, 't_max': 5}], 'normalize': True}
2026-01-12 17:28:42,438 INFO Params set successfully. GK created: True
2026-01-12 17:28:42,440 INFO Setting params: {'C': 100000.0, 'kernel_params': [{'name': 'propagation', 'with_attributes': True, 't_max': 8}], 'normalize': True}
2026-01-12 17:28:42,440 INFO Params set successfully. GK created: True
2026-01-12 17:28:42,443 INFO Setting params: {'C': 100000.0, 'kernel_params': [{'name': 'propagation', 'with_attributes': True, 't_max': 10}], 'normalize': True}
2026-01-12 17:28:42,443 INFO Params set successfully. GK created: True
2026-01-12 17:28:42,445 INFO Setting params: {'C': 100000.0, 'kernel_params': [{'name': 'propagation', 'with_attributes': True, 't_max': 15}], 'normalize': True}
2026-01-12 17:28:42,445 INFO Params set successfully. GK created: True
2026-01-12 17:28:42,448 INFO Setting params: {'C': 100000.0, 'kernel_params': [{'name': 'propagation', 'with_attributes': True, 't_max': 20}], 'normalize': True}
2026-01-12 17:28:42,448 INFO Params set successfully. GK created: True
2026-01-12 17:28:42,450 INFO Setting params: {'C': 1e-05, 'kernel_params': [{'name': 'propagation', 'with_attributes': True, 't_max': 1}], 'normalize': True}
2026-01-12 17:28:42,450 INFO Params set successfully. GK created: True
2026-01-12 17:28:42,452 INFO Setting params: {'C': 1e-05, 'kernel_params': [{'name': 'propagation', 'with_attributes': True, 't_max': 3}], 'normalize': True}
2026-01-12 17:28:42,452 INFO Params set successfully. GK created: True
2026-01-12 17:28:42,454 INFO Setting params: {'C': 1e-05, 'kernel_params': [{'name': 'propagation', 'with_attributes': True, 't_max': 5}], 'normalize': True}
2026-01-12 17:28:42,454 INFO Params set successfully. GK created: True
2026-01-12 17:28:42,456 INFO Setting params: {'C': 1e-05, 'kernel_params': [{'name': 'propagation', 'with_attributes': True, 't_max': 8}], 'normalize': True}
2026-01-12 17:28:42,456 INFO Params set successfully. GK created: True
2026-01-12 17:28:42,458 INFO Setting params: {'C': 1e-05, 'kernel_params': [{'name': 'propagation', 'with_attributes': True, 't_max': 10}], 'normalize': True}
2026-01-12 17:28:42,458 INFO Params set successfully. GK created: True
2026-01-12 17:28:42,460 INFO Setting params: {'C': 1e-05, 'kernel_params': [{'name': 'propagation', 'with_attributes': True, 't_max': 15}], 'normalize': True}
2026-01-12 17:28:42,460 INFO Params set successfully. GK created: True
2026-01-12 17:28:42,462 INFO Setting params: {'C': 1e-05, 'kernel_params': [{'name': 'propagation', 'with_attributes': True, 't_max': 20}], 'normalize': True}
2026-01-12 17:28:42,462 INFO Params set successfully. GK created: True
2026-01-12 17:28:42,464 INFO Setting params: {'C': 5.1794746792312125e-05, 'kernel_params': [{'name': 'propagation', 'with_attributes': True, 't_max': 1}], 'normalize': True}
2026-01-12 17:28:42,464 INFO Params set successfully. GK created: True
2026-01-12 17:28:42,466 INFO Setting params: {'C': 5.1794746792312125e-05, 'kernel_params': [{'name': 'propagation', 'with_attributes': True, 't_max': 3}], 'normalize': True}
2026-01-12 17:28:42,466 INFO Params set successfully. GK created: True
2026-01-12 17:28:42,468 INFO Setting params: {'C': 5.1794746792312125e-05, 'kernel_params': [{'name': 'propagation', 'with_attributes': True, 't_max': 5}], 'normalize': True}
2026-01-12 17:28:42,468 INFO Params set successfully. GK created: True
2026-01-12 17:28:42,470 INFO Setting params: {'C': 5.1794746792312125e-05, 'kernel_params': [{'name': 'propagation', 'with_attributes': True, 't_max': 8}], 'normalize': True}
2026-01-12 17:28:42,471 INFO Params set successfully. GK created: True
2026-01-12 17:28:42,472 INFO Setting params: {'C': 5.1794746792312125e-05, 'kernel_params': [{'name': 'propagation', 'with_attributes': True, 't_max': 10}], 'normalize': True}
2026-01-12 17:28:42,473 INFO Params set successfully. GK created: True
2026-01-12 17:28:42,474 INFO Setting params: {'C': 5.1794746792312125e-05, 'kernel_params': [{'name': 'propagation', 'with_attributes': True, 't_max': 15}], 'normalize': True}
2026-01-12 17:28:42,475 INFO Params set successfully. GK created: True
2026-01-12 17:28:42,476 INFO Setting params: {'C': 5.1794746792312125e-05, 'kernel_params': [{'name': 'propagation', 'with_attributes': True, 't_max': 20}], 'normalize': True}
2026-01-12 17:28:42,477 INFO Params set successfully. GK created: True
2026-01-12 17:28:42,478 INFO Setting params: {'C': 0.0002682695795279727, 'kernel_params': [{'name': 'propagation', 'with_attributes': True, 't_max': 1}], 'normalize': True}
2026-01-12 17:28:42,479 INFO Params set successfully. GK created: True
2026-01-12 17:28:42,481 INFO Setting params: {'C': 0.0002682695795279727, 'kernel_params': [{'name': 'propagation', 'with_attributes': True, 't_max': 3}], 'normalize': True}
2026-01-12 17:28:42,481 INFO Params set successfully. GK created: True
2026-01-12 17:28:42,483 INFO Setting params: {'C': 0.0002682695795279727, 'kernel_params': [{'name': 'propagation', 'with_attributes': True, 't_max': 5}], 'normalize': True}
2026-01-12 17:28:42,483 INFO Params set successfully. GK created: True
2026-01-12 17:28:42,485 INFO Setting params: {'C': 0.0002682695795279727, 'kernel_params': [{'name': 'propagation', 'with_attributes': True, 't_max': 8}], 'normalize': True}
2026-01-12 17:28:42,485 INFO Params set successfully. GK created: True
2026-01-12 17:28:42,487 INFO Setting params: {'C': 0.0002682695795279727, 'kernel_params': [{'name': 'propagation', 'with_attributes': True, 't_max': 10}], 'normalize': True}
2026-01-12 17:28:42,487 INFO Params set successfully. GK created: True
2026-01-12 17:28:42,489 INFO Setting params: {'C': 0.0002682695795279727, 'kernel_params': [{'name': 'propagation', 'with_attributes': True, 't_max': 15}], 'normalize': True}
2026-01-12 17:28:42,489 INFO Params set successfully. GK created: True
2026-01-12 17:28:42,491 INFO Setting params: {'C': 0.0002682695795279727, 'kernel_params': [{'name': 'propagation', 'with_attributes': True, 't_max': 20}], 'normalize': True}
2026-01-12 17:28:42,491 INFO Params set successfully. GK created: True
2026-01-12 17:28:42,493 INFO Setting params: {'C': 0.0013894954943731374, 'kernel_params': [{'name': 'propagation', 'with_attributes': True, 't_max': 1}], 'normalize': True}
2026-01-12 17:28:42,493 INFO Params set successfully. GK created: True
2026-01-12 17:28:42,495 INFO Setting params: {'C': 0.0013894954943731374, 'kernel_params': [{'name': 'propagation', 'with_attributes': True, 't_max': 3}], 'normalize': True}
2026-01-12 17:28:42,495 INFO Params set successfully. GK created: True
2026-01-12 17:28:42,497 INFO Setting params: {'C': 0.0013894954943731374, 'kernel_params': [{'name': 'propagation', 'with_attributes': True, 't_max': 5}], 'normalize': True}
2026-01-12 17:28:42,497 INFO Params set successfully. GK created: True
2026-01-12 17:28:42,499 INFO Setting params: {'C': 0.0013894954943731374, 'kernel_params': [{'name': 'propagation', 'with_attributes': True, 't_max': 8}], 'normalize': True}
2026-01-12 17:28:42,499 INFO Params set successfully. GK created: True
2026-01-12 17:28:42,501 INFO Setting params: {'C': 0.0013894954943731374, 'kernel_params': [{'name': 'propagation', 'with_attributes': True, 't_max': 10}], 'normalize': True}
2026-01-12 17:28:42,501 INFO Params set successfully. GK created: True
2026-01-12 17:28:42,503 INFO Setting params: {'C': 0.0013894954943731374, 'kernel_params': [{'name': 'propagation', 'with_attributes': True, 't_max': 15}], 'normalize': True}
2026-01-12 17:28:42,503 INFO Params set successfully. GK created: True
2026-01-12 17:28:42,505 INFO Setting params: {'C': 0.0013894954943731374, 'kernel_params': [{'name': 'propagation', 'with_attributes': True, 't_max': 20}], 'normalize': True}
2026-01-12 17:28:42,505 INFO Params set successfully. GK created: True
2026-01-12 17:28:42,507 INFO Setting params: {'C': 0.0071968567300115215, 'kernel_params': [{'name': 'propagation', 'with_attributes': True, 't_max': 1}], 'normalize': True}
2026-01-12 17:28:42,507 INFO Params set successfully. GK created: True
2026-01-12 17:28:42,509 INFO Setting params: {'C': 0.0071968567300115215, 'kernel_params': [{'name': 'propagation', 'with_attributes': True, 't_max': 3}], 'normalize': True}
2026-01-12 17:28:42,509 INFO Params set successfully. GK created: True
2026-01-12 17:28:42,511 INFO Setting params: {'C': 0.0071968567300115215, 'kernel_params': [{'name': 'propagation', 'with_attributes': True, 't_max': 5}], 'normalize': True}
2026-01-12 17:28:42,511 INFO Params set successfully. GK created: True
2026-01-12 17:28:42,513 INFO Setting params: {'C': 0.0071968567300115215, 'kernel_params': [{'name': 'propagation', 'with_attributes': True, 't_max': 8}], 'normalize': True}
2026-01-12 17:28:42,513 INFO Params set successfully. GK created: True
2026-01-12 17:28:42,515 INFO Setting params: {'C': 0.0071968567300115215, 'kernel_params': [{'name': 'propagation', 'with_attributes': True, 't_max': 10}], 'normalize': True}
2026-01-12 17:28:42,515 INFO Params set successfully. GK created: True
2026-01-12 17:28:42,517 INFO Setting params: {'C': 0.0071968567300115215, 'kernel_params': [{'name': 'propagation', 'with_attributes': True, 't_max': 15}], 'normalize': True}
2026-01-12 17:28:42,518 INFO Params set successfully. GK created: True
2026-01-12 17:28:42,519 INFO Setting params: {'C': 0.0071968567300115215, 'kernel_params': [{'name': 'propagation', 'with_attributes': True, 't_max': 20}], 'normalize': True}
2026-01-12 17:28:42,520 INFO Params set successfully. GK created: True
2026-01-12 17:28:42,521 INFO Setting params: {'C': 0.037275937203149416, 'kernel_params': [{'name': 'propagation', 'with_attributes': True, 't_max': 1}], 'normalize': True}
2026-01-12 17:28:42,522 INFO Params set successfully. GK created: True
2026-01-12 17:28:42,524 INFO Setting params: {'C': 0.037275937203149416, 'kernel_params': [{'name': 'propagation', 'with_attributes': True, 't_max': 3}], 'normalize': True}
2026-01-12 17:28:42,524 INFO Params set successfully. GK created: True
2026-01-12 17:28:42,526 INFO Setting params: {'C': 0.037275937203149416, 'kernel_params': [{'name': 'propagation', 'with_attributes': True, 't_max': 5}], 'normalize': True}
2026-01-12 17:28:42,526 INFO Params set successfully. GK created: True
2026-01-12 17:28:42,528 INFO Setting params: {'C': 0.037275937203149416, 'kernel_params': [{'name': 'propagation', 'with_attributes': True, 't_max': 8}], 'normalize': True}
2026-01-12 17:28:42,528 INFO Params set successfully. GK created: True
2026-01-12 17:28:42,530 INFO Setting params: {'C': 0.037275937203149416, 'kernel_params': [{'name': 'propagation', 'with_attributes': True, 't_max': 10}], 'normalize': True}
2026-01-12 17:28:42,530 INFO Params set successfully. GK created: True
2026-01-12 17:28:42,532 INFO Setting params: {'C': 0.037275937203149416, 'kernel_params': [{'name': 'propagation', 'with_attributes': True, 't_max': 15}], 'normalize': True}
2026-01-12 17:28:42,532 INFO Params set successfully. GK created: True
2026-01-12 17:28:42,534 INFO Setting params: {'C': 0.037275937203149416, 'kernel_params': [{'name': 'propagation', 'with_attributes': True, 't_max': 20}], 'normalize': True}
2026-01-12 17:28:42,534 INFO Params set successfully. GK created: True
2026-01-12 17:28:42,536 INFO Setting params: {'C': 0.19306977288832497, 'kernel_params': [{'name': 'propagation', 'with_attributes': True, 't_max': 1}], 'normalize': True}
2026-01-12 17:28:42,536 INFO Params set successfully. GK created: True
2026-01-12 17:28:42,539 INFO Setting params: {'C': 0.19306977288832497, 'kernel_params': [{'name': 'propagation', 'with_attributes': True, 't_max': 3}], 'normalize': True}
2026-01-12 17:28:42,539 INFO Params set successfully. GK created: True
2026-01-12 17:28:42,541 INFO Setting params: {'C': 0.19306977288832497, 'kernel_params': [{'name': 'propagation', 'with_attributes': True, 't_max': 5}], 'normalize': True}
2026-01-12 17:28:42,541 INFO Params set successfully. GK created: True
2026-01-12 17:28:42,544 INFO Setting params: {'C': 0.19306977288832497, 'kernel_params': [{'name': 'propagation', 'with_attributes': True, 't_max': 8}], 'normalize': True}
2026-01-12 17:28:42,544 INFO Params set successfully. GK created: True
2026-01-12 17:28:42,546 INFO Setting params: {'C': 0.19306977288832497, 'kernel_params': [{'name': 'propagation', 'with_attributes': True, 't_max': 10}], 'normalize': True}
2026-01-12 17:28:42,546 INFO Params set successfully. GK created: True
2026-01-12 17:28:42,548 INFO Setting params: {'C': 0.19306977288832497, 'kernel_params': [{'name': 'propagation', 'with_attributes': True, 't_max': 15}], 'normalize': True}
2026-01-12 17:28:42,548 INFO Params set successfully. GK created: True
2026-01-12 17:28:42,550 INFO Setting params: {'C': 0.19306977288832497, 'kernel_params': [{'name': 'propagation', 'with_attributes': True, 't_max': 20}], 'normalize': True}
2026-01-12 17:28:42,550 INFO Params set successfully. GK created: True
2026-01-12 17:28:42,552 INFO Setting params: {'C': 1.0, 'kernel_params': [{'name': 'propagation', 'with_attributes': True, 't_max': 1}], 'normalize': True}
2026-01-12 17:28:42,552 INFO Params set successfully. GK created: True
2026-01-12 17:28:42,555 INFO Setting params: {'C': 1.0, 'kernel_params': [{'name': 'propagation', 'with_attributes': True, 't_max': 3}], 'normalize': True}
2026-01-12 17:28:42,555 INFO Params set successfully. GK created: True
2026-01-12 17:28:42,558 INFO Setting params: {'C': 1.0, 'kernel_params': [{'name': 'propagation', 'with_attributes': True, 't_max': 5}], 'normalize': True}
2026-01-12 17:28:42,558 INFO Params set successfully. GK created: True
2026-01-12 17:28:42,560 INFO Setting params: {'C': 1.0, 'kernel_params': [{'name': 'propagation', 'with_attributes': True, 't_max': 8}], 'normalize': True}
2026-01-12 17:28:42,560 INFO Params set successfully. GK created: True
2026-01-12 17:28:42,562 INFO Setting params: {'C': 1.0, 'kernel_params': [{'name': 'propagation', 'with_attributes': True, 't_max': 10}], 'normalize': True}
2026-01-12 17:28:42,562 INFO Params set successfully. GK created: True
2026-01-12 17:28:42,564 INFO Setting params: {'C': 1.0, 'kernel_params': [{'name': 'propagation', 'with_attributes': True, 't_max': 15}], 'normalize': True}
2026-01-12 17:28:42,564 INFO Params set successfully. GK created: True
2026-01-12 17:28:42,566 INFO Setting params: {'C': 1.0, 'kernel_params': [{'name': 'propagation', 'with_attributes': True, 't_max': 20}], 'normalize': True}
2026-01-12 17:28:42,566 INFO Params set successfully. GK created: True
2026-01-12 17:28:42,568 INFO Setting params: {'C': 5.1794746792312125, 'kernel_params': [{'name': 'propagation', 'with_attributes': True, 't_max': 1}], 'normalize': True}
2026-01-12 17:28:42,568 INFO Params set successfully. GK created: True
2026-01-12 17:28:42,572 INFO Setting params: {'C': 5.1794746792312125, 'kernel_params': [{'name': 'propagation', 'with_attributes': True, 't_max': 3}], 'normalize': True}
2026-01-12 17:28:42,572 INFO Params set successfully. GK created: True
2026-01-12 17:28:42,574 INFO Setting params: {'C': 5.1794746792312125, 'kernel_params': [{'name': 'propagation', 'with_attributes': True, 't_max': 5}], 'normalize': True}
2026-01-12 17:28:42,574 INFO Params set successfully. GK created: True
2026-01-12 17:28:42,576 INFO Setting params: {'C': 5.1794746792312125, 'kernel_params': [{'name': 'propagation', 'with_attributes': True, 't_max': 8}], 'normalize': True}
2026-01-12 17:28:42,576 INFO Params set successfully. GK created: True
2026-01-12 17:28:42,579 INFO Setting params: {'C': 5.1794746792312125, 'kernel_params': [{'name': 'propagation', 'with_attributes': True, 't_max': 10}], 'normalize': True}
2026-01-12 17:28:42,579 INFO Params set successfully. GK created: True
2026-01-12 17:28:42,581 INFO Setting params: {'C': 5.1794746792312125, 'kernel_params': [{'name': 'propagation', 'with_attributes': True, 't_max': 15}], 'normalize': True}
2026-01-12 17:28:42,581 INFO Params set successfully. GK created: True
2026-01-12 17:28:42,583 INFO Setting params: {'C': 5.1794746792312125, 'kernel_params': [{'name': 'propagation', 'with_attributes': True, 't_max': 20}], 'normalize': True}
2026-01-12 17:28:42,583 INFO Params set successfully. GK created: True
2026-01-12 17:28:42,585 INFO Setting params: {'C': 26.826957952797272, 'kernel_params': [{'name': 'propagation', 'with_attributes': True, 't_max': 1}], 'normalize': True}
2026-01-12 17:28:42,585 INFO Params set successfully. GK created: True
2026-01-12 17:28:42,589 INFO Setting params: {'C': 26.826957952797272, 'kernel_params': [{'name': 'propagation', 'with_attributes': True, 't_max': 3}], 'normalize': True}
2026-01-12 17:28:42,589 INFO Params set successfully. GK created: True
2026-01-12 17:28:42,591 INFO Setting params: {'C': 26.826957952797272, 'kernel_params': [{'name': 'propagation', 'with_attributes': True, 't_max': 5}], 'normalize': True}
2026-01-12 17:28:42,591 INFO Params set successfully. GK created: True
2026-01-12 17:28:42,593 INFO Setting params: {'C': 26.826957952797272, 'kernel_params': [{'name': 'propagation', 'with_attributes': True, 't_max': 8}], 'normalize': True}
2026-01-12 17:28:42,593 INFO Params set successfully. GK created: True
2026-01-12 17:28:42,596 INFO Setting params: {'C': 26.826957952797272, 'kernel_params': [{'name': 'propagation', 'with_attributes': True, 't_max': 10}], 'normalize': True}
2026-01-12 17:28:42,596 INFO Params set successfully. GK created: True
2026-01-12 17:28:42,598 INFO Setting params: {'C': 26.826957952797272, 'kernel_params': [{'name': 'propagation', 'with_attributes': True, 't_max': 15}], 'normalize': True}
2026-01-12 17:28:42,598 INFO Params set successfully. GK created: True
2026-01-12 17:28:42,600 INFO Setting params: {'C': 26.826957952797272, 'kernel_params': [{'name': 'propagation', 'with_attributes': True, 't_max': 20}], 'normalize': True}
2026-01-12 17:28:42,600 INFO Params set successfully. GK created: True
2026-01-12 17:28:42,602 INFO Setting params: {'C': 138.9495494373139, 'kernel_params': [{'name': 'propagation', 'with_attributes': True, 't_max': 1}], 'normalize': True}
2026-01-12 17:28:42,602 INFO Params set successfully. GK created: True
2026-01-12 17:28:42,606 INFO Setting params: {'C': 138.9495494373139, 'kernel_params': [{'name': 'propagation', 'with_attributes': True, 't_max': 3}], 'normalize': True}
2026-01-12 17:28:42,606 INFO Params set successfully. GK created: True
2026-01-12 17:28:42,608 INFO Setting params: {'C': 138.9495494373139, 'kernel_params': [{'name': 'propagation', 'with_attributes': True, 't_max': 5}], 'normalize': True}
2026-01-12 17:28:42,608 INFO Params set successfully. GK created: True
2026-01-12 17:28:42,611 INFO Setting params: {'C': 138.9495494373139, 'kernel_params': [{'name': 'propagation', 'with_attributes': True, 't_max': 8}], 'normalize': True}
2026-01-12 17:28:42,611 INFO Params set successfully. GK created: True
2026-01-12 17:28:42,614 INFO Setting params: {'C': 138.9495494373139, 'kernel_params': [{'name': 'propagation', 'with_attributes': True, 't_max': 10}], 'normalize': True}
2026-01-12 17:28:42,614 INFO Params set successfully. GK created: True
2026-01-12 17:28:42,616 INFO Setting params: {'C': 138.9495494373139, 'kernel_params': [{'name': 'propagation', 'with_attributes': True, 't_max': 15}], 'normalize': True}
2026-01-12 17:28:42,616 INFO Params set successfully. GK created: True
2026-01-12 17:28:42,618 INFO Setting params: {'C': 138.9495494373139, 'kernel_params': [{'name': 'propagation', 'with_attributes': True, 't_max': 20}], 'normalize': True}
2026-01-12 17:28:42,618 INFO Params set successfully. GK created: True
2026-01-12 17:28:42,621 INFO Setting params: {'C': 719.6856730011528, 'kernel_params': [{'name': 'propagation', 'with_attributes': True, 't_max': 1}], 'normalize': True}
2026-01-12 17:28:42,621 INFO Params set successfully. GK created: True
2026-01-12 17:28:42,624 INFO Setting params: {'C': 719.6856730011528, 'kernel_params': [{'name': 'propagation', 'with_attributes': True, 't_max': 3}], 'normalize': True}
2026-01-12 17:28:42,624 INFO Params set successfully. GK created: True
2026-01-12 17:28:42,627 INFO Setting params: {'C': 719.6856730011528, 'kernel_params': [{'name': 'propagation', 'with_attributes': True, 't_max': 5}], 'normalize': True}
2026-01-12 17:28:42,627 INFO Params set successfully. GK created: True
2026-01-12 17:28:42,629 INFO Setting params: {'C': 719.6856730011528, 'kernel_params': [{'name': 'propagation', 'with_attributes': True, 't_max': 8}], 'normalize': True}
2026-01-12 17:28:42,630 INFO Params set successfully. GK created: True
2026-01-12 17:28:42,632 INFO Setting params: {'C': 719.6856730011528, 'kernel_params': [{'name': 'propagation', 'with_attributes': True, 't_max': 10}], 'normalize': True}
2026-01-12 17:28:42,632 INFO Params set successfully. GK created: True
2026-01-12 17:28:42,635 INFO Setting params: {'C': 719.6856730011528, 'kernel_params': [{'name': 'propagation', 'with_attributes': True, 't_max': 15}], 'normalize': True}
2026-01-12 17:28:42,635 INFO Params set successfully. GK created: True
2026-01-12 17:28:42,637 INFO Setting params: {'C': 719.6856730011528, 'kernel_params': [{'name': 'propagation', 'with_attributes': True, 't_max': 20}], 'normalize': True}
2026-01-12 17:28:42,637 INFO Params set successfully. GK created: True
2026-01-12 17:28:42,640 INFO Setting params: {'C': 3727.593720314938, 'kernel_params': [{'name': 'propagation', 'with_attributes': True, 't_max': 1}], 'normalize': True}
2026-01-12 17:28:42,640 INFO Params set successfully. GK created: True
2026-01-12 17:28:42,643 INFO Setting params: {'C': 3727.593720314938, 'kernel_params': [{'name': 'propagation', 'with_attributes': True, 't_max': 3}], 'normalize': True}
2026-01-12 17:28:42,643 INFO Params set successfully. GK created: True
2026-01-12 17:28:42,646 INFO Setting params: {'C': 3727.593720314938, 'kernel_params': [{'name': 'propagation', 'with_attributes': True, 't_max': 5}], 'normalize': True}
2026-01-12 17:28:42,646 INFO Params set successfully. GK created: True
2026-01-12 17:28:42,648 INFO Setting params: {'C': 3727.593720314938, 'kernel_params': [{'name': 'propagation', 'with_attributes': True, 't_max': 8}], 'normalize': True}
2026-01-12 17:28:42,649 INFO Params set successfully. GK created: True
2026-01-12 17:28:42,651 INFO Setting params: {'C': 3727.593720314938, 'kernel_params': [{'name': 'propagation', 'with_attributes': True, 't_max': 10}], 'normalize': True}
2026-01-12 17:28:42,651 INFO Params set successfully. GK created: True
2026-01-12 17:28:42,654 INFO Setting params: {'C': 3727.593720314938, 'kernel_params': [{'name': 'propagation', 'with_attributes': True, 't_max': 15}], 'normalize': True}
2026-01-12 17:28:42,654 INFO Params set successfully. GK created: True
2026-01-12 17:28:42,656 INFO Setting params: {'C': 3727.593720314938, 'kernel_params': [{'name': 'propagation', 'with_attributes': True, 't_max': 20}], 'normalize': True}
2026-01-12 17:28:42,656 INFO Params set successfully. GK created: True
2026-01-12 17:28:42,659 INFO Setting params: {'C': 19306.977288832535, 'kernel_params': [{'name': 'propagation', 'with_attributes': True, 't_max': 1}], 'normalize': True}
2026-01-12 17:28:42,659 INFO Params set successfully. GK created: True
2026-01-12 17:28:42,662 INFO Setting params: {'C': 19306.977288832535, 'kernel_params': [{'name': 'propagation', 'with_attributes': True, 't_max': 3}], 'normalize': True}
2026-01-12 17:28:42,662 INFO Params set successfully. GK created: True
2026-01-12 17:28:42,665 INFO Setting params: {'C': 19306.977288832535, 'kernel_params': [{'name': 'propagation', 'with_attributes': True, 't_max': 5}], 'normalize': True}
2026-01-12 17:28:42,665 INFO Params set successfully. GK created: True
2026-01-12 17:28:42,668 INFO Setting params: {'C': 19306.977288832535, 'kernel_params': [{'name': 'propagation', 'with_attributes': True, 't_max': 8}], 'normalize': True}
2026-01-12 17:28:42,668 INFO Params set successfully. GK created: True
2026-01-12 17:28:42,670 INFO Setting params: {'C': 19306.977288832535, 'kernel_params': [{'name': 'propagation', 'with_attributes': True, 't_max': 10}], 'normalize': True}
2026-01-12 17:28:42,671 INFO Params set successfully. GK created: True
2026-01-12 17:28:42,673 INFO Setting params: {'C': 19306.977288832535, 'kernel_params': [{'name': 'propagation', 'with_attributes': True, 't_max': 15}], 'normalize': True}
2026-01-12 17:28:42,673 INFO Params set successfully. GK created: True
2026-01-12 17:28:42,675 INFO Setting params: {'C': 19306.977288832535, 'kernel_params': [{'name': 'propagation', 'with_attributes': True, 't_max': 20}], 'normalize': True}
2026-01-12 17:28:42,675 INFO Params set successfully. GK created: True
2026-01-12 17:28:42,678 INFO Setting params: {'C': 100000.0, 'kernel_params': [{'name': 'propagation', 'with_attributes': True, 't_max': 1}], 'normalize': True}
2026-01-12 17:28:42,678 INFO Params set successfully. GK created: True
2026-01-12 17:28:42,681 INFO Setting params: {'C': 100000.0, 'kernel_params': [{'name': 'propagation', 'with_attributes': True, 't_max': 3}], 'normalize': True}
2026-01-12 17:28:42,681 INFO Params set successfully. GK created: True
2026-01-12 17:28:42,684 INFO Setting params: {'C': 100000.0, 'kernel_params': [{'name': 'propagation', 'with_attributes': True, 't_max': 5}], 'normalize': True}
2026-01-12 17:28:42,684 INFO Params set successfully. GK created: True
2026-01-12 17:28:42,687 INFO Setting params: {'C': 100000.0, 'kernel_params': [{'name': 'propagation', 'with_attributes': True, 't_max': 8}], 'normalize': True}
2026-01-12 17:28:42,687 INFO Params set successfully. GK created: True
2026-01-12 17:28:42,690 INFO Setting params: {'C': 100000.0, 'kernel_params': [{'name': 'propagation', 'with_attributes': True, 't_max': 10}], 'normalize': True}
2026-01-12 17:28:42,690 INFO Params set successfully. GK created: True
2026-01-12 17:28:42,692 INFO Setting params: {'C': 100000.0, 'kernel_params': [{'name': 'propagation', 'with_attributes': True, 't_max': 15}], 'normalize': True}
2026-01-12 17:28:42,692 INFO Params set successfully. GK created: True
2026-01-12 17:28:42,694 INFO Setting params: {'C': 100000.0, 'kernel_params': [{'name': 'propagation', 'with_attributes': True, 't_max': 20}], 'normalize': True}
2026-01-12 17:28:42,695 INFO Params set successfully. GK created: True
2026-01-12 17:28:42,697 INFO Setting params: {'C': 1e-05, 'kernel_params': [{'name': 'propagation', 'with_attributes': True, 't_max': 1}], 'normalize': True}
2026-01-12 17:28:42,697 INFO Params set successfully. GK created: True
2026-01-12 17:28:42,699 INFO Setting params: {'C': 1e-05, 'kernel_params': [{'name': 'propagation', 'with_attributes': True, 't_max': 3}], 'normalize': True}
2026-01-12 17:28:42,699 INFO Params set successfully. GK created: True
2026-01-12 17:28:42,701 INFO Setting params: {'C': 1e-05, 'kernel_params': [{'name': 'propagation', 'with_attributes': True, 't_max': 5}], 'normalize': True}
2026-01-12 17:28:42,701 INFO Params set successfully. GK created: True
2026-01-12 17:28:42,703 INFO Setting params: {'C': 1e-05, 'kernel_params': [{'name': 'propagation', 'with_attributes': True, 't_max': 8}], 'normalize': True}
2026-01-12 17:28:42,703 INFO Params set successfully. GK created: True
2026-01-12 17:28:42,705 INFO Setting params: {'C': 1e-05, 'kernel_params': [{'name': 'propagation', 'with_attributes': True, 't_max': 10}], 'normalize': True}
2026-01-12 17:28:42,705 INFO Params set successfully. GK created: True
2026-01-12 17:28:42,707 INFO Setting params: {'C': 1e-05, 'kernel_params': [{'name': 'propagation', 'with_attributes': True, 't_max': 15}], 'normalize': True}
2026-01-12 17:28:42,707 INFO Params set successfully. GK created: True
2026-01-12 17:28:42,709 INFO Setting params: {'C': 1e-05, 'kernel_params': [{'name': 'propagation', 'with_attributes': True, 't_max': 20}], 'normalize': True}
2026-01-12 17:28:42,709 INFO Params set successfully. GK created: True
2026-01-12 17:28:42,711 INFO Setting params: {'C': 5.1794746792312125e-05, 'kernel_params': [{'name': 'propagation', 'with_attributes': True, 't_max': 1}], 'normalize': True}
2026-01-12 17:28:42,711 INFO Params set successfully. GK created: True
2026-01-12 17:28:42,713 INFO Setting params: {'C': 5.1794746792312125e-05, 'kernel_params': [{'name': 'propagation', 'with_attributes': True, 't_max': 3}], 'normalize': True}
2026-01-12 17:28:42,713 INFO Params set successfully. GK created: True
2026-01-12 17:28:42,715 INFO Setting params: {'C': 5.1794746792312125e-05, 'kernel_params': [{'name': 'propagation', 'with_attributes': True, 't_max': 5}], 'normalize': True}
2026-01-12 17:28:42,715 INFO Params set successfully. GK created: True
2026-01-12 17:28:42,717 INFO Setting params: {'C': 5.1794746792312125e-05, 'kernel_params': [{'name': 'propagation', 'with_attributes': True, 't_max': 8}], 'normalize': True}
2026-01-12 17:28:42,717 INFO Params set successfully. GK created: True
2026-01-12 17:28:42,719 INFO Setting params: {'C': 5.1794746792312125e-05, 'kernel_params': [{'name': 'propagation', 'with_attributes': True, 't_max': 10}], 'normalize': True}
2026-01-12 17:28:42,719 INFO Params set successfully. GK created: True
2026-01-12 17:28:42,721 INFO Setting params: {'C': 5.1794746792312125e-05, 'kernel_params': [{'name': 'propagation', 'with_attributes': True, 't_max': 15}], 'normalize': True}
2026-01-12 17:28:42,721 INFO Params set successfully. GK created: True
2026-01-12 17:28:42,723 INFO Setting params: {'C': 5.1794746792312125e-05, 'kernel_params': [{'name': 'propagation', 'with_attributes': True, 't_max': 20}], 'normalize': True}
2026-01-12 17:28:42,723 INFO Params set successfully. GK created: True
2026-01-12 17:28:42,725 INFO Setting params: {'C': 0.0002682695795279727, 'kernel_params': [{'name': 'propagation', 'with_attributes': True, 't_max': 1}], 'normalize': True}
2026-01-12 17:28:42,725 INFO Params set successfully. GK created: True
2026-01-12 17:28:42,727 INFO Setting params: {'C': 0.0002682695795279727, 'kernel_params': [{'name': 'propagation', 'with_attributes': True, 't_max': 3}], 'normalize': True}
2026-01-12 17:28:42,727 INFO Params set successfully. GK created: True
2026-01-12 17:28:42,729 INFO Setting params: {'C': 0.0002682695795279727, 'kernel_params': [{'name': 'propagation', 'with_attributes': True, 't_max': 5}], 'normalize': True}
2026-01-12 17:28:42,729 INFO Params set successfully. GK created: True
2026-01-12 17:28:42,731 INFO Setting params: {'C': 0.0002682695795279727, 'kernel_params': [{'name': 'propagation', 'with_attributes': True, 't_max': 8}], 'normalize': True}
2026-01-12 17:28:42,731 INFO Params set successfully. GK created: True
2026-01-12 17:28:42,733 INFO Setting params: {'C': 0.0002682695795279727, 'kernel_params': [{'name': 'propagation', 'with_attributes': True, 't_max': 10}], 'normalize': True}
2026-01-12 17:28:42,733 INFO Params set successfully. GK created: True
2026-01-12 17:28:42,735 INFO Setting params: {'C': 0.0002682695795279727, 'kernel_params': [{'name': 'propagation', 'with_attributes': True, 't_max': 15}], 'normalize': True}
2026-01-12 17:28:42,735 INFO Params set successfully. GK created: True
2026-01-12 17:28:42,737 INFO Setting params: {'C': 0.0002682695795279727, 'kernel_params': [{'name': 'propagation', 'with_attributes': True, 't_max': 20}], 'normalize': True}
2026-01-12 17:28:42,737 INFO Params set successfully. GK created: True
2026-01-12 17:28:42,739 INFO Setting params: {'C': 0.0013894954943731374, 'kernel_params': [{'name': 'propagation', 'with_attributes': True, 't_max': 1}], 'normalize': True}
2026-01-12 17:28:42,739 INFO Params set successfully. GK created: True
2026-01-12 17:28:42,741 INFO Setting params: {'C': 0.0013894954943731374, 'kernel_params': [{'name': 'propagation', 'with_attributes': True, 't_max': 3}], 'normalize': True}
2026-01-12 17:28:42,741 INFO Params set successfully. GK created: True
2026-01-12 17:28:42,743 INFO Setting params: {'C': 0.0013894954943731374, 'kernel_params': [{'name': 'propagation', 'with_attributes': True, 't_max': 5}], 'normalize': True}
2026-01-12 17:28:42,743 INFO Params set successfully. GK created: True
2026-01-12 17:28:42,745 INFO Setting params: {'C': 0.0013894954943731374, 'kernel_params': [{'name': 'propagation', 'with_attributes': True, 't_max': 8}], 'normalize': True}
2026-01-12 17:28:42,745 INFO Params set successfully. GK created: True
2026-01-12 17:28:42,747 INFO Setting params: {'C': 0.0013894954943731374, 'kernel_params': [{'name': 'propagation', 'with_attributes': True, 't_max': 10}], 'normalize': True}
2026-01-12 17:28:42,747 INFO Params set successfully. GK created: True
2026-01-12 17:28:42,749 INFO Setting params: {'C': 0.0013894954943731374, 'kernel_params': [{'name': 'propagation', 'with_attributes': True, 't_max': 15}], 'normalize': True}
2026-01-12 17:28:42,749 INFO Params set successfully. GK created: True
2026-01-12 17:28:42,751 INFO Setting params: {'C': 0.0013894954943731374, 'kernel_params': [{'name': 'propagation', 'with_attributes': True, 't_max': 20}], 'normalize': True}
2026-01-12 17:28:42,751 INFO Params set successfully. GK created: True
2026-01-12 17:28:42,753 INFO Setting params: {'C': 0.0071968567300115215, 'kernel_params': [{'name': 'propagation', 'with_attributes': True, 't_max': 1}], 'normalize': True}
2026-01-12 17:28:42,753 INFO Params set successfully. GK created: True
2026-01-12 17:28:42,756 INFO Setting params: {'C': 0.0071968567300115215, 'kernel_params': [{'name': 'propagation', 'with_attributes': True, 't_max': 3}], 'normalize': True}
2026-01-12 17:28:42,756 INFO Params set successfully. GK created: True
2026-01-12 17:28:42,758 INFO Setting params: {'C': 0.0071968567300115215, 'kernel_params': [{'name': 'propagation', 'with_attributes': True, 't_max': 5}], 'normalize': True}
2026-01-12 17:28:42,758 INFO Params set successfully. GK created: True
2026-01-12 17:28:42,760 INFO Setting params: {'C': 0.0071968567300115215, 'kernel_params': [{'name': 'propagation', 'with_attributes': True, 't_max': 8}], 'normalize': True}
2026-01-12 17:28:42,760 INFO Params set successfully. GK created: True
2026-01-12 17:28:42,762 INFO Setting params: {'C': 0.0071968567300115215, 'kernel_params': [{'name': 'propagation', 'with_attributes': True, 't_max': 10}], 'normalize': True}
2026-01-12 17:28:42,762 INFO Params set successfully. GK created: True
2026-01-12 17:28:42,764 INFO Setting params: {'C': 0.0071968567300115215, 'kernel_params': [{'name': 'propagation', 'with_attributes': True, 't_max': 15}], 'normalize': True}
2026-01-12 17:28:42,764 INFO Params set successfully. GK created: True
2026-01-12 17:28:42,766 INFO Setting params: {'C': 0.0071968567300115215, 'kernel_params': [{'name': 'propagation', 'with_attributes': True, 't_max': 20}], 'normalize': True}
2026-01-12 17:28:42,766 INFO Params set successfully. GK created: True
2026-01-12 17:28:42,768 INFO Setting params: {'C': 0.037275937203149416, 'kernel_params': [{'name': 'propagation', 'with_attributes': True, 't_max': 1}], 'normalize': True}
2026-01-12 17:28:42,768 INFO Params set successfully. GK created: True
2026-01-12 17:28:42,771 INFO Setting params: {'C': 0.037275937203149416, 'kernel_params': [{'name': 'propagation', 'with_attributes': True, 't_max': 3}], 'normalize': True}
2026-01-12 17:28:42,771 INFO Params set successfully. GK created: True
2026-01-12 17:28:42,773 INFO Setting params: {'C': 0.037275937203149416, 'kernel_params': [{'name': 'propagation', 'with_attributes': True, 't_max': 5}], 'normalize': True}
2026-01-12 17:28:42,773 INFO Params set successfully. GK created: True
2026-01-12 17:28:42,775 INFO Setting params: {'C': 0.037275937203149416, 'kernel_params': [{'name': 'propagation', 'with_attributes': True, 't_max': 8}], 'normalize': True}
2026-01-12 17:28:42,775 INFO Params set successfully. GK created: True
2026-01-12 17:28:42,777 INFO Setting params: {'C': 0.037275937203149416, 'kernel_params': [{'name': 'propagation', 'with_attributes': True, 't_max': 10}], 'normalize': True}
2026-01-12 17:28:42,777 INFO Params set successfully. GK created: True
2026-01-12 17:28:42,779 INFO Setting params: {'C': 0.037275937203149416, 'kernel_params': [{'name': 'propagation', 'with_attributes': True, 't_max': 15}], 'normalize': True}
2026-01-12 17:28:42,779 INFO Params set successfully. GK created: True
2026-01-12 17:28:42,781 INFO Setting params: {'C': 0.037275937203149416, 'kernel_params': [{'name': 'propagation', 'with_attributes': True, 't_max': 20}], 'normalize': True}
2026-01-12 17:28:42,781 INFO Params set successfully. GK created: True
2026-01-12 17:28:42,783 INFO Setting params: {'C': 0.19306977288832497, 'kernel_params': [{'name': 'propagation', 'with_attributes': True, 't_max': 1}], 'normalize': True}
2026-01-12 17:28:42,783 INFO Params set successfully. GK created: True
2026-01-12 17:28:42,786 INFO Setting params: {'C': 0.19306977288832497, 'kernel_params': [{'name': 'propagation', 'with_attributes': True, 't_max': 3}], 'normalize': True}
2026-01-12 17:28:42,786 INFO Params set successfully. GK created: True
2026-01-12 17:28:42,788 INFO Setting params: {'C': 0.19306977288832497, 'kernel_params': [{'name': 'propagation', 'with_attributes': True, 't_max': 5}], 'normalize': True}
2026-01-12 17:28:42,788 INFO Params set successfully. GK created: True
2026-01-12 17:28:42,790 INFO Setting params: {'C': 0.19306977288832497, 'kernel_params': [{'name': 'propagation', 'with_attributes': True, 't_max': 8}], 'normalize': True}
2026-01-12 17:28:42,790 INFO Params set successfully. GK created: True
2026-01-12 17:28:42,792 INFO Setting params: {'C': 0.19306977288832497, 'kernel_params': [{'name': 'propagation', 'with_attributes': True, 't_max': 10}], 'normalize': True}
2026-01-12 17:28:42,792 INFO Params set successfully. GK created: True
2026-01-12 17:28:42,794 INFO Setting params: {'C': 0.19306977288832497, 'kernel_params': [{'name': 'propagation', 'with_attributes': True, 't_max': 15}], 'normalize': True}
2026-01-12 17:28:42,794 INFO Params set successfully. GK created: True
2026-01-12 17:28:42,796 INFO Setting params: {'C': 0.19306977288832497, 'kernel_params': [{'name': 'propagation', 'with_attributes': True, 't_max': 20}], 'normalize': True}
2026-01-12 17:28:42,796 INFO Params set successfully. GK created: True
2026-01-12 17:28:42,798 INFO Setting params: {'C': 1.0, 'kernel_params': [{'name': 'propagation', 'with_attributes': True, 't_max': 1}], 'normalize': True}
2026-01-12 17:28:42,798 INFO Params set successfully. GK created: True
2026-01-12 17:28:42,802 INFO Setting params: {'C': 1.0, 'kernel_params': [{'name': 'propagation', 'with_attributes': True, 't_max': 3}], 'normalize': True}
2026-01-12 17:28:42,802 INFO Params set successfully. GK created: True
2026-01-12 17:28:42,804 INFO Setting params: {'C': 1.0, 'kernel_params': [{'name': 'propagation', 'with_attributes': True, 't_max': 5}], 'normalize': True}
2026-01-12 17:28:42,804 INFO Params set successfully. GK created: True
2026-01-12 17:28:42,806 INFO Setting params: {'C': 1.0, 'kernel_params': [{'name': 'propagation', 'with_attributes': True, 't_max': 8}], 'normalize': True}
2026-01-12 17:28:42,806 INFO Params set successfully. GK created: True
2026-01-12 17:28:42,808 INFO Setting params: {'C': 1.0, 'kernel_params': [{'name': 'propagation', 'with_attributes': True, 't_max': 10}], 'normalize': True}
2026-01-12 17:28:42,808 INFO Params set successfully. GK created: True
2026-01-12 17:28:42,810 INFO Setting params: {'C': 1.0, 'kernel_params': [{'name': 'propagation', 'with_attributes': True, 't_max': 15}], 'normalize': True}
2026-01-12 17:28:42,811 INFO Params set successfully. GK created: True
2026-01-12 17:28:42,813 INFO Setting params: {'C': 1.0, 'kernel_params': [{'name': 'propagation', 'with_attributes': True, 't_max': 20}], 'normalize': True}
2026-01-12 17:28:42,813 INFO Params set successfully. GK created: True
2026-01-12 17:28:42,815 INFO Setting params: {'C': 5.1794746792312125, 'kernel_params': [{'name': 'propagation', 'with_attributes': True, 't_max': 1}], 'normalize': True}
2026-01-12 17:28:42,815 INFO Params set successfully. GK created: True
2026-01-12 17:28:42,818 INFO Setting params: {'C': 5.1794746792312125, 'kernel_params': [{'name': 'propagation', 'with_attributes': True, 't_max': 3}], 'normalize': True}
2026-01-12 17:28:42,818 INFO Params set successfully. GK created: True
2026-01-12 17:28:42,820 INFO Setting params: {'C': 5.1794746792312125, 'kernel_params': [{'name': 'propagation', 'with_attributes': True, 't_max': 5}], 'normalize': True}
2026-01-12 17:28:42,820 INFO Params set successfully. GK created: True
2026-01-12 17:28:42,823 INFO Setting params: {'C': 5.1794746792312125, 'kernel_params': [{'name': 'propagation', 'with_attributes': True, 't_max': 8}], 'normalize': True}
2026-01-12 17:28:42,823 INFO Params set successfully. GK created: True
2026-01-12 17:28:42,825 INFO Setting params: {'C': 5.1794746792312125, 'kernel_params': [{'name': 'propagation', 'with_attributes': True, 't_max': 10}], 'normalize': True}
2026-01-12 17:28:42,825 INFO Params set successfully. GK created: True
2026-01-12 17:28:42,827 INFO Setting params: {'C': 5.1794746792312125, 'kernel_params': [{'name': 'propagation', 'with_attributes': True, 't_max': 15}], 'normalize': True}
2026-01-12 17:28:42,827 INFO Params set successfully. GK created: True
2026-01-12 17:28:42,829 INFO Setting params: {'C': 5.1794746792312125, 'kernel_params': [{'name': 'propagation', 'with_attributes': True, 't_max': 20}], 'normalize': True}
2026-01-12 17:28:42,829 INFO Params set successfully. GK created: True
2026-01-12 17:28:42,831 INFO Setting params: {'C': 26.826957952797272, 'kernel_params': [{'name': 'propagation', 'with_attributes': True, 't_max': 1}], 'normalize': True}
2026-01-12 17:28:42,832 INFO Params set successfully. GK created: True
2026-01-12 17:28:42,835 INFO Setting params: {'C': 26.826957952797272, 'kernel_params': [{'name': 'propagation', 'with_attributes': True, 't_max': 3}], 'normalize': True}
2026-01-12 17:28:42,835 INFO Params set successfully. GK created: True
2026-01-12 17:28:42,837 INFO Setting params: {'C': 26.826957952797272, 'kernel_params': [{'name': 'propagation', 'with_attributes': True, 't_max': 5}], 'normalize': True}
2026-01-12 17:28:42,837 INFO Params set successfully. GK created: True
2026-01-12 17:28:42,840 INFO Setting params: {'C': 26.826957952797272, 'kernel_params': [{'name': 'propagation', 'with_attributes': True, 't_max': 8}], 'normalize': True}
2026-01-12 17:28:42,840 INFO Params set successfully. GK created: True
2026-01-12 17:28:42,842 INFO Setting params: {'C': 26.826957952797272, 'kernel_params': [{'name': 'propagation', 'with_attributes': True, 't_max': 10}], 'normalize': True}
2026-01-12 17:28:42,842 INFO Params set successfully. GK created: True
2026-01-12 17:28:42,844 INFO Setting params: {'C': 26.826957952797272, 'kernel_params': [{'name': 'propagation', 'with_attributes': True, 't_max': 15}], 'normalize': True}
2026-01-12 17:28:42,844 INFO Params set successfully. GK created: True
2026-01-12 17:28:42,846 INFO Setting params: {'C': 26.826957952797272, 'kernel_params': [{'name': 'propagation', 'with_attributes': True, 't_max': 20}], 'normalize': True}
2026-01-12 17:28:42,846 INFO Params set successfully. GK created: True
2026-01-12 17:28:42,849 INFO Setting params: {'C': 138.9495494373139, 'kernel_params': [{'name': 'propagation', 'with_attributes': True, 't_max': 1}], 'normalize': True}
2026-01-12 17:28:42,849 INFO Params set successfully. GK created: True
2026-01-12 17:28:42,852 INFO Setting params: {'C': 138.9495494373139, 'kernel_params': [{'name': 'propagation', 'with_attributes': True, 't_max': 3}], 'normalize': True}
2026-01-12 17:28:42,852 INFO Params set successfully. GK created: True
2026-01-12 17:28:42,855 INFO Setting params: {'C': 138.9495494373139, 'kernel_params': [{'name': 'propagation', 'with_attributes': True, 't_max': 5}], 'normalize': True}
2026-01-12 17:28:42,855 INFO Params set successfully. GK created: True
2026-01-12 17:28:42,857 INFO Setting params: {'C': 138.9495494373139, 'kernel_params': [{'name': 'propagation', 'with_attributes': True, 't_max': 8}], 'normalize': True}
2026-01-12 17:28:42,857 INFO Params set successfully. GK created: True
2026-01-12 17:28:42,860 INFO Setting params: {'C': 138.9495494373139, 'kernel_params': [{'name': 'propagation', 'with_attributes': True, 't_max': 10}], 'normalize': True}
2026-01-12 17:28:42,860 INFO Params set successfully. GK created: True
2026-01-12 17:28:42,863 INFO Setting params: {'C': 138.9495494373139, 'kernel_params': [{'name': 'propagation', 'with_attributes': True, 't_max': 15}], 'normalize': True}
2026-01-12 17:28:42,863 INFO Params set successfully. GK created: True
2026-01-12 17:28:42,865 INFO Setting params: {'C': 138.9495494373139, 'kernel_params': [{'name': 'propagation', 'with_attributes': True, 't_max': 20}], 'normalize': True}
2026-01-12 17:28:42,865 INFO Params set successfully. GK created: True
2026-01-12 17:28:42,867 INFO Setting params: {'C': 719.6856730011528, 'kernel_params': [{'name': 'propagation', 'with_attributes': True, 't_max': 1}], 'normalize': True}
2026-01-12 17:28:42,867 INFO Params set successfully. GK created: True
2026-01-12 17:28:42,871 INFO Setting params: {'C': 719.6856730011528, 'kernel_params': [{'name': 'propagation', 'with_attributes': True, 't_max': 3}], 'normalize': True}
2026-01-12 17:28:42,871 INFO Params set successfully. GK created: True
2026-01-12 17:28:42,873 INFO Setting params: {'C': 719.6856730011528, 'kernel_params': [{'name': 'propagation', 'with_attributes': True, 't_max': 5}], 'normalize': True}
2026-01-12 17:28:42,873 INFO Params set successfully. GK created: True
2026-01-12 17:28:42,876 INFO Setting params: {'C': 719.6856730011528, 'kernel_params': [{'name': 'propagation', 'with_attributes': True, 't_max': 8}], 'normalize': True}
2026-01-12 17:28:42,876 INFO Params set successfully. GK created: True
2026-01-12 17:28:42,879 INFO Setting params: {'C': 719.6856730011528, 'kernel_params': [{'name': 'propagation', 'with_attributes': True, 't_max': 10}], 'normalize': True}
2026-01-12 17:28:42,879 INFO Params set successfully. GK created: True
2026-01-12 17:28:42,881 INFO Setting params: {'C': 719.6856730011528, 'kernel_params': [{'name': 'propagation', 'with_attributes': True, 't_max': 15}], 'normalize': True}
2026-01-12 17:28:42,882 INFO Params set successfully. GK created: True
2026-01-12 17:28:42,884 INFO Setting params: {'C': 719.6856730011528, 'kernel_params': [{'name': 'propagation', 'with_attributes': True, 't_max': 20}], 'normalize': True}
2026-01-12 17:28:42,884 INFO Params set successfully. GK created: True
2026-01-12 17:28:42,886 INFO Setting params: {'C': 3727.593720314938, 'kernel_params': [{'name': 'propagation', 'with_attributes': True, 't_max': 1}], 'normalize': True}
2026-01-12 17:28:42,886 INFO Params set successfully. GK created: True
2026-01-12 17:28:42,890 INFO Setting params: {'C': 3727.593720314938, 'kernel_params': [{'name': 'propagation', 'with_attributes': True, 't_max': 3}], 'normalize': True}
2026-01-12 17:28:42,890 INFO Params set successfully. GK created: True
2026-01-12 17:28:42,893 INFO Setting params: {'C': 3727.593720314938, 'kernel_params': [{'name': 'propagation', 'with_attributes': True, 't_max': 5}], 'normalize': True}
2026-01-12 17:28:42,893 INFO Params set successfully. GK created: True
2026-01-12 17:28:42,895 INFO Setting params: {'C': 3727.593720314938, 'kernel_params': [{'name': 'propagation', 'with_attributes': True, 't_max': 8}], 'normalize': True}
2026-01-12 17:28:42,895 INFO Params set successfully. GK created: True
2026-01-12 17:28:42,898 INFO Setting params: {'C': 3727.593720314938, 'kernel_params': [{'name': 'propagation', 'with_attributes': True, 't_max': 10}], 'normalize': True}
2026-01-12 17:28:42,898 INFO Params set successfully. GK created: True
2026-01-12 17:28:42,901 INFO Setting params: {'C': 3727.593720314938, 'kernel_params': [{'name': 'propagation', 'with_attributes': True, 't_max': 15}], 'normalize': True}
2026-01-12 17:28:42,901 INFO Params set successfully. GK created: True
2026-01-12 17:28:42,903 INFO Setting params: {'C': 3727.593720314938, 'kernel_params': [{'name': 'propagation', 'with_attributes': True, 't_max': 20}], 'normalize': True}
2026-01-12 17:28:42,903 INFO Params set successfully. GK created: True
2026-01-12 17:28:42,905 INFO Setting params: {'C': 19306.977288832535, 'kernel_params': [{'name': 'propagation', 'with_attributes': True, 't_max': 1}], 'normalize': True}
2026-01-12 17:28:42,906 INFO Params set successfully. GK created: True
2026-01-12 17:28:42,909 INFO Setting params: {'C': 19306.977288832535, 'kernel_params': [{'name': 'propagation', 'with_attributes': True, 't_max': 3}], 'normalize': True}
2026-01-12 17:28:42,909 INFO Params set successfully. GK created: True
2026-01-12 17:28:42,912 INFO Setting params: {'C': 19306.977288832535, 'kernel_params': [{'name': 'propagation', 'with_attributes': True, 't_max': 5}], 'normalize': True}
2026-01-12 17:28:42,912 INFO Params set successfully. GK created: True
2026-01-12 17:28:42,914 INFO Setting params: {'C': 19306.977288832535, 'kernel_params': [{'name': 'propagation', 'with_attributes': True, 't_max': 8}], 'normalize': True}
2026-01-12 17:28:42,914 INFO Params set successfully. GK created: True
2026-01-12 17:28:42,917 INFO Setting params: {'C': 19306.977288832535, 'kernel_params': [{'name': 'propagation', 'with_attributes': True, 't_max': 10}], 'normalize': True}
2026-01-12 17:28:42,917 INFO Params set successfully. GK created: True
2026-01-12 17:28:42,920 INFO Setting params: {'C': 19306.977288832535, 'kernel_params': [{'name': 'propagation', 'with_attributes': True, 't_max': 15}], 'normalize': True}
2026-01-12 17:28:42,920 INFO Params set successfully. GK created: True
2026-01-12 17:28:42,922 INFO Setting params: {'C': 19306.977288832535, 'kernel_params': [{'name': 'propagation', 'with_attributes': True, 't_max': 20}], 'normalize': True}
2026-01-12 17:28:42,922 INFO Params set successfully. GK created: True
2026-01-12 17:28:42,925 INFO Setting params: {'C': 100000.0, 'kernel_params': [{'name': 'propagation', 'with_attributes': True, 't_max': 1}], 'normalize': True}
2026-01-12 17:28:42,925 INFO Params set successfully. GK created: True
2026-01-12 17:28:42,928 INFO Setting params: {'C': 100000.0, 'kernel_params': [{'name': 'propagation', 'with_attributes': True, 't_max': 3}], 'normalize': True}
2026-01-12 17:28:42,928 INFO Params set successfully. GK created: True
2026-01-12 17:28:42,931 INFO Setting params: {'C': 100000.0, 'kernel_params': [{'name': 'propagation', 'with_attributes': True, 't_max': 5}], 'normalize': True}
2026-01-12 17:28:42,931 INFO Params set successfully. GK created: True
2026-01-12 17:28:42,934 INFO Setting params: {'C': 100000.0, 'kernel_params': [{'name': 'propagation', 'with_attributes': True, 't_max': 8}], 'normalize': True}
2026-01-12 17:28:42,934 INFO Params set successfully. GK created: True
2026-01-12 17:28:42,937 INFO Setting params: {'C': 100000.0, 'kernel_params': [{'name': 'propagation', 'with_attributes': True, 't_max': 10}], 'normalize': True}
2026-01-12 17:28:42,937 INFO Params set successfully. GK created: True
2026-01-12 17:28:42,939 INFO Setting params: {'C': 100000.0, 'kernel_params': [{'name': 'propagation', 'with_attributes': True, 't_max': 15}], 'normalize': True}
2026-01-12 17:28:42,939 INFO Params set successfully. GK created: True
2026-01-12 17:28:42,942 INFO Setting params: {'C': 100000.0, 'kernel_params': [{'name': 'propagation', 'with_attributes': True, 't_max': 20}], 'normalize': True}
2026-01-12 17:28:42,942 INFO Params set successfully. GK created: True
2026-01-12 17:28:42,944 INFO Setting params: {'C': 1e-05, 'kernel_params': [{'name': 'propagation', 'with_attributes': True, 't_max': 1}], 'normalize': True}
2026-01-12 17:28:42,944 INFO Params set successfully. GK created: True
2026-01-12 17:28:42,946 INFO Setting params: {'C': 1e-05, 'kernel_params': [{'name': 'propagation', 'with_attributes': True, 't_max': 3}], 'normalize': True}
2026-01-12 17:28:42,946 INFO Params set successfully. GK created: True
2026-01-12 17:28:42,948 INFO Setting params: {'C': 1e-05, 'kernel_params': [{'name': 'propagation', 'with_attributes': True, 't_max': 5}], 'normalize': True}
2026-01-12 17:28:42,948 INFO Params set successfully. GK created: True
2026-01-12 17:28:42,950 INFO Setting params: {'C': 1e-05, 'kernel_params': [{'name': 'propagation', 'with_attributes': True, 't_max': 8}], 'normalize': True}
2026-01-12 17:28:42,950 INFO Params set successfully. GK created: True
2026-01-12 17:28:42,952 INFO Setting params: {'C': 1e-05, 'kernel_params': [{'name': 'propagation', 'with_attributes': True, 't_max': 10}], 'normalize': True}
2026-01-12 17:28:42,952 INFO Params set successfully. GK created: True
2026-01-12 17:28:42,954 INFO Setting params: {'C': 1e-05, 'kernel_params': [{'name': 'propagation', 'with_attributes': True, 't_max': 15}], 'normalize': True}
2026-01-12 17:28:42,954 INFO Params set successfully. GK created: True
2026-01-12 17:28:42,956 INFO Setting params: {'C': 1e-05, 'kernel_params': [{'name': 'propagation', 'with_attributes': True, 't_max': 20}], 'normalize': True}
2026-01-12 17:28:42,956 INFO Params set successfully. GK created: True
2026-01-12 17:28:42,958 INFO Setting params: {'C': 5.1794746792312125e-05, 'kernel_params': [{'name': 'propagation', 'with_attributes': True, 't_max': 1}], 'normalize': True}
2026-01-12 17:28:42,958 INFO Params set successfully. GK created: True
2026-01-12 17:28:42,960 INFO Setting params: {'C': 5.1794746792312125e-05, 'kernel_params': [{'name': 'propagation', 'with_attributes': True, 't_max': 3}], 'normalize': True}
2026-01-12 17:28:42,960 INFO Params set successfully. GK created: True
2026-01-12 17:28:42,962 INFO Setting params: {'C': 5.1794746792312125e-05, 'kernel_params': [{'name': 'propagation', 'with_attributes': True, 't_max': 5}], 'normalize': True}
2026-01-12 17:28:42,962 INFO Params set successfully. GK created: True
2026-01-12 17:28:42,964 INFO Setting params: {'C': 5.1794746792312125e-05, 'kernel_params': [{'name': 'propagation', 'with_attributes': True, 't_max': 8}], 'normalize': True}
2026-01-12 17:28:42,964 INFO Params set successfully. GK created: True
2026-01-12 17:28:42,966 INFO Setting params: {'C': 5.1794746792312125e-05, 'kernel_params': [{'name': 'propagation', 'with_attributes': True, 't_max': 10}], 'normalize': True}
2026-01-12 17:28:42,966 INFO Params set successfully. GK created: True
2026-01-12 17:28:42,968 INFO Setting params: {'C': 5.1794746792312125e-05, 'kernel_params': [{'name': 'propagation', 'with_attributes': True, 't_max': 15}], 'normalize': True}
2026-01-12 17:28:42,968 INFO Params set successfully. GK created: True
2026-01-12 17:28:42,970 INFO Setting params: {'C': 5.1794746792312125e-05, 'kernel_params': [{'name': 'propagation', 'with_attributes': True, 't_max': 20}], 'normalize': True}
2026-01-12 17:28:42,970 INFO Params set successfully. GK created: True
2026-01-12 17:28:42,972 INFO Setting params: {'C': 0.0002682695795279727, 'kernel_params': [{'name': 'propagation', 'with_attributes': True, 't_max': 1}], 'normalize': True}
2026-01-12 17:28:42,972 INFO Params set successfully. GK created: True
2026-01-12 17:28:42,974 INFO Setting params: {'C': 0.0002682695795279727, 'kernel_params': [{'name': 'propagation', 'with_attributes': True, 't_max': 3}], 'normalize': True}
2026-01-12 17:28:42,974 INFO Params set successfully. GK created: True
2026-01-12 17:28:42,976 INFO Setting params: {'C': 0.0002682695795279727, 'kernel_params': [{'name': 'propagation', 'with_attributes': True, 't_max': 5}], 'normalize': True}
2026-01-12 17:28:42,976 INFO Params set successfully. GK created: True
2026-01-12 17:28:42,978 INFO Setting params: {'C': 0.0002682695795279727, 'kernel_params': [{'name': 'propagation', 'with_attributes': True, 't_max': 8}], 'normalize': True}
2026-01-12 17:28:42,978 INFO Params set successfully. GK created: True
2026-01-12 17:28:42,980 INFO Setting params: {'C': 0.0002682695795279727, 'kernel_params': [{'name': 'propagation', 'with_attributes': True, 't_max': 10}], 'normalize': True}
2026-01-12 17:28:42,980 INFO Params set successfully. GK created: True
2026-01-12 17:28:42,982 INFO Setting params: {'C': 0.0002682695795279727, 'kernel_params': [{'name': 'propagation', 'with_attributes': True, 't_max': 15}], 'normalize': True}
2026-01-12 17:28:42,982 INFO Params set successfully. GK created: True
2026-01-12 17:28:42,984 INFO Setting params: {'C': 0.0002682695795279727, 'kernel_params': [{'name': 'propagation', 'with_attributes': True, 't_max': 20}], 'normalize': True}
2026-01-12 17:28:42,984 INFO Params set successfully. GK created: True
2026-01-12 17:28:42,986 INFO Setting params: {'C': 0.0013894954943731374, 'kernel_params': [{'name': 'propagation', 'with_attributes': True, 't_max': 1}], 'normalize': True}
2026-01-12 17:28:42,986 INFO Params set successfully. GK created: True
2026-01-12 17:28:42,989 INFO Setting params: {'C': 0.0013894954943731374, 'kernel_params': [{'name': 'propagation', 'with_attributes': True, 't_max': 3}], 'normalize': True}
2026-01-12 17:28:42,989 INFO Params set successfully. GK created: True
2026-01-12 17:28:42,991 INFO Setting params: {'C': 0.0013894954943731374, 'kernel_params': [{'name': 'propagation', 'with_attributes': True, 't_max': 5}], 'normalize': True}
2026-01-12 17:28:42,991 INFO Params set successfully. GK created: True
2026-01-12 17:28:42,993 INFO Setting params: {'C': 0.0013894954943731374, 'kernel_params': [{'name': 'propagation', 'with_attributes': True, 't_max': 8}], 'normalize': True}
2026-01-12 17:28:42,993 INFO Params set successfully. GK created: True
2026-01-12 17:28:42,995 INFO Setting params: {'C': 0.0013894954943731374, 'kernel_params': [{'name': 'propagation', 'with_attributes': True, 't_max': 10}], 'normalize': True}
2026-01-12 17:28:42,995 INFO Params set successfully. GK created: True
2026-01-12 17:28:42,997 INFO Setting params: {'C': 0.0013894954943731374, 'kernel_params': [{'name': 'propagation', 'with_attributes': True, 't_max': 15}], 'normalize': True}
2026-01-12 17:28:42,997 INFO Params set successfully. GK created: True
2026-01-12 17:28:42,999 INFO Setting params: {'C': 0.0013894954943731374, 'kernel_params': [{'name': 'propagation', 'with_attributes': True, 't_max': 20}], 'normalize': True}
2026-01-12 17:28:42,999 INFO Params set successfully. GK created: True
2026-01-12 17:28:43,001 INFO Setting params: {'C': 0.0071968567300115215, 'kernel_params': [{'name': 'propagation', 'with_attributes': True, 't_max': 1}], 'normalize': True}
2026-01-12 17:28:43,001 INFO Params set successfully. GK created: True
2026-01-12 17:28:43,003 INFO Setting params: {'C': 0.0071968567300115215, 'kernel_params': [{'name': 'propagation', 'with_attributes': True, 't_max': 3}], 'normalize': True}
2026-01-12 17:28:43,003 INFO Params set successfully. GK created: True
2026-01-12 17:28:43,005 INFO Setting params: {'C': 0.0071968567300115215, 'kernel_params': [{'name': 'propagation', 'with_attributes': True, 't_max': 5}], 'normalize': True}
2026-01-12 17:28:43,005 INFO Params set successfully. GK created: True
2026-01-12 17:28:43,007 INFO Setting params: {'C': 0.0071968567300115215, 'kernel_params': [{'name': 'propagation', 'with_attributes': True, 't_max': 8}], 'normalize': True}
2026-01-12 17:28:43,007 INFO Params set successfully. GK created: True
2026-01-12 17:28:43,009 INFO Setting params: {'C': 0.0071968567300115215, 'kernel_params': [{'name': 'propagation', 'with_attributes': True, 't_max': 10}], 'normalize': True}
2026-01-12 17:28:43,009 INFO Params set successfully. GK created: True
2026-01-12 17:28:43,011 INFO Setting params: {'C': 0.0071968567300115215, 'kernel_params': [{'name': 'propagation', 'with_attributes': True, 't_max': 15}], 'normalize': True}
2026-01-12 17:28:43,011 INFO Params set successfully. GK created: True
2026-01-12 17:28:43,013 INFO Setting params: {'C': 0.0071968567300115215, 'kernel_params': [{'name': 'propagation', 'with_attributes': True, 't_max': 20}], 'normalize': True}
2026-01-12 17:28:43,013 INFO Params set successfully. GK created: True
2026-01-12 17:28:43,015 INFO Setting params: {'C': 0.037275937203149416, 'kernel_params': [{'name': 'propagation', 'with_attributes': True, 't_max': 1}], 'normalize': True}
2026-01-12 17:28:43,015 INFO Params set successfully. GK created: True
2026-01-12 17:28:43,018 INFO Setting params: {'C': 0.037275937203149416, 'kernel_params': [{'name': 'propagation', 'with_attributes': True, 't_max': 3}], 'normalize': True}
2026-01-12 17:28:43,018 INFO Params set successfully. GK created: True
2026-01-12 17:28:43,020 INFO Setting params: {'C': 0.037275937203149416, 'kernel_params': [{'name': 'propagation', 'with_attributes': True, 't_max': 5}], 'normalize': True}
2026-01-12 17:28:43,020 INFO Params set successfully. GK created: True
2026-01-12 17:28:43,022 INFO Setting params: {'C': 0.037275937203149416, 'kernel_params': [{'name': 'propagation', 'with_attributes': True, 't_max': 8}], 'normalize': True}
2026-01-12 17:28:43,022 INFO Params set successfully. GK created: True
2026-01-12 17:28:43,024 INFO Setting params: {'C': 0.037275937203149416, 'kernel_params': [{'name': 'propagation', 'with_attributes': True, 't_max': 10}], 'normalize': True}
2026-01-12 17:28:43,024 INFO Params set successfully. GK created: True
2026-01-12 17:28:43,026 INFO Setting params: {'C': 0.037275937203149416, 'kernel_params': [{'name': 'propagation', 'with_attributes': True, 't_max': 15}], 'normalize': True}
2026-01-12 17:28:43,026 INFO Params set successfully. GK created: True
2026-01-12 17:28:43,028 INFO Setting params: {'C': 0.037275937203149416, 'kernel_params': [{'name': 'propagation', 'with_attributes': True, 't_max': 20}], 'normalize': True}
2026-01-12 17:28:43,028 INFO Params set successfully. GK created: True
2026-01-12 17:28:43,030 INFO Setting params: {'C': 0.19306977288832497, 'kernel_params': [{'name': 'propagation', 'with_attributes': True, 't_max': 1}], 'normalize': True}
2026-01-12 17:28:43,030 INFO Params set successfully. GK created: True
2026-01-12 17:28:43,033 INFO Setting params: {'C': 0.19306977288832497, 'kernel_params': [{'name': 'propagation', 'with_attributes': True, 't_max': 3}], 'normalize': True}
2026-01-12 17:28:43,033 INFO Params set successfully. GK created: True
2026-01-12 17:28:43,035 INFO Setting params: {'C': 0.19306977288832497, 'kernel_params': [{'name': 'propagation', 'with_attributes': True, 't_max': 5}], 'normalize': True}
2026-01-12 17:28:43,035 INFO Params set successfully. GK created: True
2026-01-12 17:28:43,037 INFO Setting params: {'C': 0.19306977288832497, 'kernel_params': [{'name': 'propagation', 'with_attributes': True, 't_max': 8}], 'normalize': True}
2026-01-12 17:28:43,037 INFO Params set successfully. GK created: True
2026-01-12 17:28:43,039 INFO Setting params: {'C': 0.19306977288832497, 'kernel_params': [{'name': 'propagation', 'with_attributes': True, 't_max': 10}], 'normalize': True}
2026-01-12 17:28:43,039 INFO Params set successfully. GK created: True
2026-01-12 17:28:43,041 INFO Setting params: {'C': 0.19306977288832497, 'kernel_params': [{'name': 'propagation', 'with_attributes': True, 't_max': 15}], 'normalize': True}
2026-01-12 17:28:43,041 INFO Params set successfully. GK created: True
2026-01-12 17:28:43,043 INFO Setting params: {'C': 0.19306977288832497, 'kernel_params': [{'name': 'propagation', 'with_attributes': True, 't_max': 20}], 'normalize': True}
2026-01-12 17:28:43,043 INFO Params set successfully. GK created: True
2026-01-12 17:28:43,045 INFO Setting params: {'C': 1.0, 'kernel_params': [{'name': 'propagation', 'with_attributes': True, 't_max': 1}], 'normalize': True}
2026-01-12 17:28:43,045 INFO Params set successfully. GK created: True
2026-01-12 17:28:43,049 INFO Setting params: {'C': 1.0, 'kernel_params': [{'name': 'propagation', 'with_attributes': True, 't_max': 3}], 'normalize': True}
2026-01-12 17:28:43,049 INFO Params set successfully. GK created: True
2026-01-12 17:28:43,051 INFO Setting params: {'C': 1.0, 'kernel_params': [{'name': 'propagation', 'with_attributes': True, 't_max': 5}], 'normalize': True}
2026-01-12 17:28:43,051 INFO Params set successfully. GK created: True
2026-01-12 17:28:43,053 INFO Setting params: {'C': 1.0, 'kernel_params': [{'name': 'propagation', 'with_attributes': True, 't_max': 8}], 'normalize': True}
2026-01-12 17:28:43,053 INFO Params set successfully. GK created: True
2026-01-12 17:28:43,056 INFO Setting params: {'C': 1.0, 'kernel_params': [{'name': 'propagation', 'with_attributes': True, 't_max': 10}], 'normalize': True}
2026-01-12 17:28:43,056 INFO Params set successfully. GK created: True
2026-01-12 17:28:43,058 INFO Setting params: {'C': 1.0, 'kernel_params': [{'name': 'propagation', 'with_attributes': True, 't_max': 15}], 'normalize': True}
2026-01-12 17:28:43,058 INFO Params set successfully. GK created: True
2026-01-12 17:28:43,060 INFO Setting params: {'C': 1.0, 'kernel_params': [{'name': 'propagation', 'with_attributes': True, 't_max': 20}], 'normalize': True}
2026-01-12 17:28:43,060 INFO Params set successfully. GK created: True
2026-01-12 17:28:43,062 INFO Setting params: {'C': 5.1794746792312125, 'kernel_params': [{'name': 'propagation', 'with_attributes': True, 't_max': 1}], 'normalize': True}
2026-01-12 17:28:43,062 INFO Params set successfully. GK created: True
2026-01-12 17:28:43,066 INFO Setting params: {'C': 5.1794746792312125, 'kernel_params': [{'name': 'propagation', 'with_attributes': True, 't_max': 3}], 'normalize': True}
2026-01-12 17:28:43,066 INFO Params set successfully. GK created: True
2026-01-12 17:28:43,068 INFO Setting params: {'C': 5.1794746792312125, 'kernel_params': [{'name': 'propagation', 'with_attributes': True, 't_max': 5}], 'normalize': True}
2026-01-12 17:28:43,068 INFO Params set successfully. GK created: True
2026-01-12 17:28:43,070 INFO Setting params: {'C': 5.1794746792312125, 'kernel_params': [{'name': 'propagation', 'with_attributes': True, 't_max': 8}], 'normalize': True}
2026-01-12 17:28:43,070 INFO Params set successfully. GK created: True
2026-01-12 17:28:43,072 INFO Setting params: {'C': 5.1794746792312125, 'kernel_params': [{'name': 'propagation', 'with_attributes': True, 't_max': 10}], 'normalize': True}
2026-01-12 17:28:43,072 INFO Params set successfully. GK created: True
2026-01-12 17:28:43,074 INFO Setting params: {'C': 5.1794746792312125, 'kernel_params': [{'name': 'propagation', 'with_attributes': True, 't_max': 15}], 'normalize': True}
2026-01-12 17:28:43,074 INFO Params set successfully. GK created: True
2026-01-12 17:28:43,077 INFO Setting params: {'C': 5.1794746792312125, 'kernel_params': [{'name': 'propagation', 'with_attributes': True, 't_max': 20}], 'normalize': True}
2026-01-12 17:28:43,077 INFO Params set successfully. GK created: True
2026-01-12 17:28:43,079 INFO Setting params: {'C': 26.826957952797272, 'kernel_params': [{'name': 'propagation', 'with_attributes': True, 't_max': 1}], 'normalize': True}
2026-01-12 17:28:43,079 INFO Params set successfully. GK created: True
2026-01-12 17:28:43,082 INFO Setting params: {'C': 26.826957952797272, 'kernel_params': [{'name': 'propagation', 'with_attributes': True, 't_max': 3}], 'normalize': True}
2026-01-12 17:28:43,082 INFO Params set successfully. GK created: True
2026-01-12 17:28:43,085 INFO Setting params: {'C': 26.826957952797272, 'kernel_params': [{'name': 'propagation', 'with_attributes': True, 't_max': 5}], 'normalize': True}
2026-01-12 17:28:43,085 INFO Params set successfully. GK created: True
2026-01-12 17:28:43,087 INFO Setting params: {'C': 26.826957952797272, 'kernel_params': [{'name': 'propagation', 'with_attributes': True, 't_max': 8}], 'normalize': True}
2026-01-12 17:28:43,087 INFO Params set successfully. GK created: True
2026-01-12 17:28:43,089 INFO Setting params: {'C': 26.826957952797272, 'kernel_params': [{'name': 'propagation', 'with_attributes': True, 't_max': 10}], 'normalize': True}
2026-01-12 17:28:43,089 INFO Params set successfully. GK created: True
2026-01-12 17:28:43,091 INFO Setting params: {'C': 26.826957952797272, 'kernel_params': [{'name': 'propagation', 'with_attributes': True, 't_max': 15}], 'normalize': True}
2026-01-12 17:28:43,091 INFO Params set successfully. GK created: True
2026-01-12 17:28:43,094 INFO Setting params: {'C': 26.826957952797272, 'kernel_params': [{'name': 'propagation', 'with_attributes': True, 't_max': 20}], 'normalize': True}
2026-01-12 17:28:43,094 INFO Params set successfully. GK created: True
2026-01-12 17:28:43,096 INFO Setting params: {'C': 138.9495494373139, 'kernel_params': [{'name': 'propagation', 'with_attributes': True, 't_max': 1}], 'normalize': True}
2026-01-12 17:28:43,096 INFO Params set successfully. GK created: True
2026-01-12 17:28:43,099 INFO Setting params: {'C': 138.9495494373139, 'kernel_params': [{'name': 'propagation', 'with_attributes': True, 't_max': 3}], 'normalize': True}
2026-01-12 17:28:43,099 INFO Params set successfully. GK created: True
2026-01-12 17:28:43,102 INFO Setting params: {'C': 138.9495494373139, 'kernel_params': [{'name': 'propagation', 'with_attributes': True, 't_max': 5}], 'normalize': True}
2026-01-12 17:28:43,102 INFO Params set successfully. GK created: True
2026-01-12 17:28:43,104 INFO Setting params: {'C': 138.9495494373139, 'kernel_params': [{'name': 'propagation', 'with_attributes': True, 't_max': 8}], 'normalize': True}
2026-01-12 17:28:43,104 INFO Params set successfully. GK created: True
2026-01-12 17:28:43,107 INFO Setting params: {'C': 138.9495494373139, 'kernel_params': [{'name': 'propagation', 'with_attributes': True, 't_max': 10}], 'normalize': True}
2026-01-12 17:28:43,107 INFO Params set successfully. GK created: True
2026-01-12 17:28:43,110 INFO Setting params: {'C': 138.9495494373139, 'kernel_params': [{'name': 'propagation', 'with_attributes': True, 't_max': 15}], 'normalize': True}
2026-01-12 17:28:43,110 INFO Params set successfully. GK created: True
2026-01-12 17:28:43,112 INFO Setting params: {'C': 138.9495494373139, 'kernel_params': [{'name': 'propagation', 'with_attributes': True, 't_max': 20}], 'normalize': True}
2026-01-12 17:28:43,112 INFO Params set successfully. GK created: True
2026-01-12 17:28:43,114 INFO Setting params: {'C': 719.6856730011528, 'kernel_params': [{'name': 'propagation', 'with_attributes': True, 't_max': 1}], 'normalize': True}
2026-01-12 17:28:43,114 INFO Params set successfully. GK created: True
2026-01-12 17:28:43,118 INFO Setting params: {'C': 719.6856730011528, 'kernel_params': [{'name': 'propagation', 'with_attributes': True, 't_max': 3}], 'normalize': True}
2026-01-12 17:28:43,118 INFO Params set successfully. GK created: True
2026-01-12 17:28:43,120 INFO Setting params: {'C': 719.6856730011528, 'kernel_params': [{'name': 'propagation', 'with_attributes': True, 't_max': 5}], 'normalize': True}
2026-01-12 17:28:43,121 INFO Params set successfully. GK created: True
2026-01-12 17:28:43,123 INFO Setting params: {'C': 719.6856730011528, 'kernel_params': [{'name': 'propagation', 'with_attributes': True, 't_max': 8}], 'normalize': True}
2026-01-12 17:28:43,123 INFO Params set successfully. GK created: True
2026-01-12 17:28:43,126 INFO Setting params: {'C': 719.6856730011528, 'kernel_params': [{'name': 'propagation', 'with_attributes': True, 't_max': 10}], 'normalize': True}
2026-01-12 17:28:43,126 INFO Params set successfully. GK created: True
2026-01-12 17:28:43,129 INFO Setting params: {'C': 719.6856730011528, 'kernel_params': [{'name': 'propagation', 'with_attributes': True, 't_max': 15}], 'normalize': True}
2026-01-12 17:28:43,129 INFO Params set successfully. GK created: True
2026-01-12 17:28:43,131 INFO Setting params: {'C': 719.6856730011528, 'kernel_params': [{'name': 'propagation', 'with_attributes': True, 't_max': 20}], 'normalize': True}
2026-01-12 17:28:43,131 INFO Params set successfully. GK created: True
2026-01-12 17:28:43,133 INFO Setting params: {'C': 3727.593720314938, 'kernel_params': [{'name': 'propagation', 'with_attributes': True, 't_max': 1}], 'normalize': True}
2026-01-12 17:28:43,133 INFO Params set successfully. GK created: True
2026-01-12 17:28:43,137 INFO Setting params: {'C': 3727.593720314938, 'kernel_params': [{'name': 'propagation', 'with_attributes': True, 't_max': 3}], 'normalize': True}
2026-01-12 17:28:43,137 INFO Params set successfully. GK created: True
2026-01-12 17:28:43,140 INFO Setting params: {'C': 3727.593720314938, 'kernel_params': [{'name': 'propagation', 'with_attributes': True, 't_max': 5}], 'normalize': True}
2026-01-12 17:28:43,140 INFO Params set successfully. GK created: True
2026-01-12 17:28:43,142 INFO Setting params: {'C': 3727.593720314938, 'kernel_params': [{'name': 'propagation', 'with_attributes': True, 't_max': 8}], 'normalize': True}
2026-01-12 17:28:43,142 INFO Params set successfully. GK created: True
2026-01-12 17:28:43,145 INFO Setting params: {'C': 3727.593720314938, 'kernel_params': [{'name': 'propagation', 'with_attributes': True, 't_max': 10}], 'normalize': True}
2026-01-12 17:28:43,145 INFO Params set successfully. GK created: True
2026-01-12 17:28:43,148 INFO Setting params: {'C': 3727.593720314938, 'kernel_params': [{'name': 'propagation', 'with_attributes': True, 't_max': 15}], 'normalize': True}
2026-01-12 17:28:43,148 INFO Params set successfully. GK created: True
2026-01-12 17:28:43,150 INFO Setting params: {'C': 3727.593720314938, 'kernel_params': [{'name': 'propagation', 'with_attributes': True, 't_max': 20}], 'normalize': True}
2026-01-12 17:28:43,150 INFO Params set successfully. GK created: True
2026-01-12 17:28:43,153 INFO Setting params: {'C': 19306.977288832535, 'kernel_params': [{'name': 'propagation', 'with_attributes': True, 't_max': 1}], 'normalize': True}
2026-01-12 17:28:43,153 INFO Params set successfully. GK created: True
2026-01-12 17:28:43,156 INFO Setting params: {'C': 19306.977288832535, 'kernel_params': [{'name': 'propagation', 'with_attributes': True, 't_max': 3}], 'normalize': True}
2026-01-12 17:28:43,156 INFO Params set successfully. GK created: True
2026-01-12 17:28:43,159 INFO Setting params: {'C': 19306.977288832535, 'kernel_params': [{'name': 'propagation', 'with_attributes': True, 't_max': 5}], 'normalize': True}
2026-01-12 17:28:43,159 INFO Params set successfully. GK created: True
2026-01-12 17:28:43,161 INFO Setting params: {'C': 19306.977288832535, 'kernel_params': [{'name': 'propagation', 'with_attributes': True, 't_max': 8}], 'normalize': True}
2026-01-12 17:28:43,162 INFO Params set successfully. GK created: True
2026-01-12 17:28:43,164 INFO Setting params: {'C': 19306.977288832535, 'kernel_params': [{'name': 'propagation', 'with_attributes': True, 't_max': 10}], 'normalize': True}
2026-01-12 17:28:43,165 INFO Params set successfully. GK created: True
2026-01-12 17:28:43,167 INFO Setting params: {'C': 19306.977288832535, 'kernel_params': [{'name': 'propagation', 'with_attributes': True, 't_max': 15}], 'normalize': True}
2026-01-12 17:28:43,167 INFO Params set successfully. GK created: True
2026-01-12 17:28:43,169 INFO Setting params: {'C': 19306.977288832535, 'kernel_params': [{'name': 'propagation', 'with_attributes': True, 't_max': 20}], 'normalize': True}
2026-01-12 17:28:43,169 INFO Params set successfully. GK created: True
2026-01-12 17:28:43,172 INFO Setting params: {'C': 100000.0, 'kernel_params': [{'name': 'propagation', 'with_attributes': True, 't_max': 1}], 'normalize': True}
2026-01-12 17:28:43,172 INFO Params set successfully. GK created: True
2026-01-12 17:28:43,175 INFO Setting params: {'C': 100000.0, 'kernel_params': [{'name': 'propagation', 'with_attributes': True, 't_max': 3}], 'normalize': True}
2026-01-12 17:28:43,176 INFO Params set successfully. GK created: True
2026-01-12 17:28:43,178 INFO Setting params: {'C': 100000.0, 'kernel_params': [{'name': 'propagation', 'with_attributes': True, 't_max': 5}], 'normalize': True}
2026-01-12 17:28:43,178 INFO Params set successfully. GK created: True
2026-01-12 17:28:43,181 INFO Setting params: {'C': 100000.0, 'kernel_params': [{'name': 'propagation', 'with_attributes': True, 't_max': 8}], 'normalize': True}
2026-01-12 17:28:43,181 INFO Params set successfully. GK created: True
2026-01-12 17:28:43,184 INFO Setting params: {'C': 100000.0, 'kernel_params': [{'name': 'propagation', 'with_attributes': True, 't_max': 10}], 'normalize': True}
2026-01-12 17:28:43,184 INFO Params set successfully. GK created: True
2026-01-12 17:28:43,186 INFO Setting params: {'C': 100000.0, 'kernel_params': [{'name': 'propagation', 'with_attributes': True, 't_max': 15}], 'normalize': True}
2026-01-12 17:28:43,186 INFO Params set successfully. GK created: True
2026-01-12 17:28:43,189 INFO Setting params: {'C': 100000.0, 'kernel_params': [{'name': 'propagation', 'with_attributes': True, 't_max': 20}], 'normalize': True}
2026-01-12 17:28:43,189 INFO Params set successfully. GK created: True
2026-01-12 17:28:43,191 INFO ############ All params Done for one inner cut ############
2026-01-12 17:28:43,191 INFO ############ One inner CV Done ############
2026-01-12 17:28:43,191 INFO Best params : {'C': 3727.593720314938, 'kernel_params': [{'name': 'propagation', 'with_attributes': True, 't_max': 15}], 'normalize': True}
2026-01-12 17:28:43,192 INFO Best inner score : 0.949269717624148
2026-01-12 17:28:43,199 INFO Outer accuracy: 0.9090909090909091
2026-01-12 17:28:43,199 INFO Outer F1 (macro): 0.8356060606060606
2026-01-12 17:28:43,199 INFO Outer F1 (weighted): 0.8933712121212122
2026-01-12 17:28:43,199 INFO By-class accuracies:
2026-01-12 17:28:43,199 INFO   Class A.1: Accuracy=1.0000
2026-01-12 17:28:43,199 INFO   Class B.1: Accuracy=1.0000
2026-01-12 17:28:43,199 INFO   Class B.2: Accuracy=1.0000
2026-01-12 17:28:43,199 INFO   Class B.4: Accuracy=0.5000
2026-01-12 17:28:43,199 INFO   Class C: Accuracy=1.0000
2026-01-12 17:28:43,199 INFO   Class D.1: Accuracy=1.0000
2026-01-12 17:28:43,199 INFO   Class E.1: Accuracy=1.0000
2026-01-12 17:28:43,199 INFO   Class E.2: Accuracy=0.0000
2026-01-12 17:28:43,199 INFO   Class F: Accuracy=1.0000
2026-01-12 17:28:43,199 INFO   Class J.1: Accuracy=0.6000
2026-01-12 17:28:43,199 INFO   Class K: Accuracy=1.0000
2026-01-12 17:28:43,199 INFO Classification Report:
2026-01-12 17:28:43,199 INFO {'A.1': {'precision': 1.0, 'recall': 1.0, 'f1-score': 1.0, 'support': 3.0}, 'B.1': {'precision': 0.7777777777777778, 'recall': 1.0, 'f1-score': 0.875, 'support': 7.0}, 'B.2': {'precision': 1.0, 'recall': 1.0, 'f1-score': 1.0, 'support': 1.0}, 'B.4': {'precision': 1.0, 'recall': 0.5, 'f1-score': 0.6666666666666666, 'support': 2.0}, 'C': {'precision': 1.0, 'recall': 1.0, 'f1-score': 1.0, 'support': 8.0}, 'D.1': {'precision': 1.0, 'recall': 1.0, 'f1-score': 1.0, 'support': 5.0}, 'E.1': {'precision': 0.8181818181818182, 'recall': 1.0, 'f1-score': 0.9, 'support': 9.0}, 'E.2': {'precision': 0.0, 'recall': 0.0, 'f1-score': 0.0, 'support': 1.0}, 'F': {'precision': 1.0, 'recall': 1.0, 'f1-score': 1.0, 'support': 2.0}, 'J.1': {'precision': 1.0, 'recall': 0.6, 'f1-score': 0.75, 'support': 5.0}, 'K': {'precision': 1.0, 'recall': 1.0, 'f1-score': 1.0, 'support': 1.0}, 'accuracy': 0.9090909090909091, 'macro avg': {'precision': 0.8723599632690541, 'recall': 0.8272727272727273, 'f1-score': 0.8356060606060606, 'support': 44.0}, 'weighted avg': {'precision': 0.9047291092745638, 'recall': 0.9090909090909091, 'f1-score': 0.8933712121212122, 'support': 44.0}}
2026-01-12 17:28:43,199 INFO ############ One outer Done ############
2026-01-12 17:28:43,200 INFO Setting params: {'C': 1e-05, 'kernel_params': [{'name': 'propagation', 'with_attributes': True, 't_max': 1}], 'normalize': True}
2026-01-12 17:28:43,200 INFO Params set successfully. GK created: True
2026-01-12 17:28:43,203 INFO Setting params: {'C': 1e-05, 'kernel_params': [{'name': 'propagation', 'with_attributes': True, 't_max': 3}], 'normalize': True}
2026-01-12 17:28:43,203 INFO Params set successfully. GK created: True
2026-01-12 17:28:43,205 INFO Setting params: {'C': 1e-05, 'kernel_params': [{'name': 'propagation', 'with_attributes': True, 't_max': 5}], 'normalize': True}
2026-01-12 17:28:43,205 INFO Params set successfully. GK created: True
2026-01-12 17:28:43,207 INFO Setting params: {'C': 1e-05, 'kernel_params': [{'name': 'propagation', 'with_attributes': True, 't_max': 8}], 'normalize': True}
2026-01-12 17:28:43,207 INFO Params set successfully. GK created: True
2026-01-12 17:28:43,209 INFO Setting params: {'C': 1e-05, 'kernel_params': [{'name': 'propagation', 'with_attributes': True, 't_max': 10}], 'normalize': True}
2026-01-12 17:28:43,209 INFO Params set successfully. GK created: True
2026-01-12 17:28:43,211 INFO Setting params: {'C': 1e-05, 'kernel_params': [{'name': 'propagation', 'with_attributes': True, 't_max': 15}], 'normalize': True}
2026-01-12 17:28:43,211 INFO Params set successfully. GK created: True
2026-01-12 17:28:43,213 INFO Setting params: {'C': 1e-05, 'kernel_params': [{'name': 'propagation', 'with_attributes': True, 't_max': 20}], 'normalize': True}
2026-01-12 17:28:43,213 INFO Params set successfully. GK created: True
2026-01-12 17:28:43,215 INFO Setting params: {'C': 5.1794746792312125e-05, 'kernel_params': [{'name': 'propagation', 'with_attributes': True, 't_max': 1}], 'normalize': True}
2026-01-12 17:28:43,215 INFO Params set successfully. GK created: True
2026-01-12 17:28:43,217 INFO Setting params: {'C': 5.1794746792312125e-05, 'kernel_params': [{'name': 'propagation', 'with_attributes': True, 't_max': 3}], 'normalize': True}
2026-01-12 17:28:43,217 INFO Params set successfully. GK created: True
2026-01-12 17:28:43,219 INFO Setting params: {'C': 5.1794746792312125e-05, 'kernel_params': [{'name': 'propagation', 'with_attributes': True, 't_max': 5}], 'normalize': True}
2026-01-12 17:28:43,219 INFO Params set successfully. GK created: True
2026-01-12 17:28:43,221 INFO Setting params: {'C': 5.1794746792312125e-05, 'kernel_params': [{'name': 'propagation', 'with_attributes': True, 't_max': 8}], 'normalize': True}
2026-01-12 17:28:43,221 INFO Params set successfully. GK created: True
2026-01-12 17:28:43,223 INFO Setting params: {'C': 5.1794746792312125e-05, 'kernel_params': [{'name': 'propagation', 'with_attributes': True, 't_max': 10}], 'normalize': True}
2026-01-12 17:28:43,223 INFO Params set successfully. GK created: True
2026-01-12 17:28:43,225 INFO Setting params: {'C': 5.1794746792312125e-05, 'kernel_params': [{'name': 'propagation', 'with_attributes': True, 't_max': 15}], 'normalize': True}
2026-01-12 17:28:43,225 INFO Params set successfully. GK created: True
2026-01-12 17:28:43,227 INFO Setting params: {'C': 5.1794746792312125e-05, 'kernel_params': [{'name': 'propagation', 'with_attributes': True, 't_max': 20}], 'normalize': True}
2026-01-12 17:28:43,227 INFO Params set successfully. GK created: True
2026-01-12 17:28:43,229 INFO Setting params: {'C': 0.0002682695795279727, 'kernel_params': [{'name': 'propagation', 'with_attributes': True, 't_max': 1}], 'normalize': True}
2026-01-12 17:28:43,229 INFO Params set successfully. GK created: True
2026-01-12 17:28:43,231 INFO Setting params: {'C': 0.0002682695795279727, 'kernel_params': [{'name': 'propagation', 'with_attributes': True, 't_max': 3}], 'normalize': True}
2026-01-12 17:28:43,231 INFO Params set successfully. GK created: True
2026-01-12 17:28:43,233 INFO Setting params: {'C': 0.0002682695795279727, 'kernel_params': [{'name': 'propagation', 'with_attributes': True, 't_max': 5}], 'normalize': True}
2026-01-12 17:28:43,233 INFO Params set successfully. GK created: True
2026-01-12 17:28:43,235 INFO Setting params: {'C': 0.0002682695795279727, 'kernel_params': [{'name': 'propagation', 'with_attributes': True, 't_max': 8}], 'normalize': True}
2026-01-12 17:28:43,235 INFO Params set successfully. GK created: True
2026-01-12 17:28:43,237 INFO Setting params: {'C': 0.0002682695795279727, 'kernel_params': [{'name': 'propagation', 'with_attributes': True, 't_max': 10}], 'normalize': True}
2026-01-12 17:28:43,237 INFO Params set successfully. GK created: True
2026-01-12 17:28:43,239 INFO Setting params: {'C': 0.0002682695795279727, 'kernel_params': [{'name': 'propagation', 'with_attributes': True, 't_max': 15}], 'normalize': True}
2026-01-12 17:28:43,239 INFO Params set successfully. GK created: True
2026-01-12 17:28:43,241 INFO Setting params: {'C': 0.0002682695795279727, 'kernel_params': [{'name': 'propagation', 'with_attributes': True, 't_max': 20}], 'normalize': True}
2026-01-12 17:28:43,241 INFO Params set successfully. GK created: True
2026-01-12 17:28:43,243 INFO Setting params: {'C': 0.0013894954943731374, 'kernel_params': [{'name': 'propagation', 'with_attributes': True, 't_max': 1}], 'normalize': True}
2026-01-12 17:28:43,243 INFO Params set successfully. GK created: True
2026-01-12 17:28:43,246 INFO Setting params: {'C': 0.0013894954943731374, 'kernel_params': [{'name': 'propagation', 'with_attributes': True, 't_max': 3}], 'normalize': True}
2026-01-12 17:28:43,246 INFO Params set successfully. GK created: True
2026-01-12 17:28:43,248 INFO Setting params: {'C': 0.0013894954943731374, 'kernel_params': [{'name': 'propagation', 'with_attributes': True, 't_max': 5}], 'normalize': True}
2026-01-12 17:28:43,248 INFO Params set successfully. GK created: True
2026-01-12 17:28:43,250 INFO Setting params: {'C': 0.0013894954943731374, 'kernel_params': [{'name': 'propagation', 'with_attributes': True, 't_max': 8}], 'normalize': True}
2026-01-12 17:28:43,250 INFO Params set successfully. GK created: True
2026-01-12 17:28:43,252 INFO Setting params: {'C': 0.0013894954943731374, 'kernel_params': [{'name': 'propagation', 'with_attributes': True, 't_max': 10}], 'normalize': True}
2026-01-12 17:28:43,252 INFO Params set successfully. GK created: True
2026-01-12 17:28:43,254 INFO Setting params: {'C': 0.0013894954943731374, 'kernel_params': [{'name': 'propagation', 'with_attributes': True, 't_max': 15}], 'normalize': True}
2026-01-12 17:28:43,254 INFO Params set successfully. GK created: True
2026-01-12 17:28:43,256 INFO Setting params: {'C': 0.0013894954943731374, 'kernel_params': [{'name': 'propagation', 'with_attributes': True, 't_max': 20}], 'normalize': True}
2026-01-12 17:28:43,256 INFO Params set successfully. GK created: True
2026-01-12 17:28:43,258 INFO Setting params: {'C': 0.0071968567300115215, 'kernel_params': [{'name': 'propagation', 'with_attributes': True, 't_max': 1}], 'normalize': True}
2026-01-12 17:28:43,258 INFO Params set successfully. GK created: True
2026-01-12 17:28:43,260 INFO Setting params: {'C': 0.0071968567300115215, 'kernel_params': [{'name': 'propagation', 'with_attributes': True, 't_max': 3}], 'normalize': True}
2026-01-12 17:28:43,260 INFO Params set successfully. GK created: True
2026-01-12 17:28:43,262 INFO Setting params: {'C': 0.0071968567300115215, 'kernel_params': [{'name': 'propagation', 'with_attributes': True, 't_max': 5}], 'normalize': True}
2026-01-12 17:28:43,262 INFO Params set successfully. GK created: True
2026-01-12 17:28:43,264 INFO Setting params: {'C': 0.0071968567300115215, 'kernel_params': [{'name': 'propagation', 'with_attributes': True, 't_max': 8}], 'normalize': True}
2026-01-12 17:28:43,264 INFO Params set successfully. GK created: True
2026-01-12 17:28:43,266 INFO Setting params: {'C': 0.0071968567300115215, 'kernel_params': [{'name': 'propagation', 'with_attributes': True, 't_max': 10}], 'normalize': True}
2026-01-12 17:28:43,266 INFO Params set successfully. GK created: True
2026-01-12 17:28:43,268 INFO Setting params: {'C': 0.0071968567300115215, 'kernel_params': [{'name': 'propagation', 'with_attributes': True, 't_max': 15}], 'normalize': True}
2026-01-12 17:28:43,268 INFO Params set successfully. GK created: True
2026-01-12 17:28:43,270 INFO Setting params: {'C': 0.0071968567300115215, 'kernel_params': [{'name': 'propagation', 'with_attributes': True, 't_max': 20}], 'normalize': True}
2026-01-12 17:28:43,270 INFO Params set successfully. GK created: True
2026-01-12 17:28:43,272 INFO Setting params: {'C': 0.037275937203149416, 'kernel_params': [{'name': 'propagation', 'with_attributes': True, 't_max': 1}], 'normalize': True}
2026-01-12 17:28:43,272 INFO Params set successfully. GK created: True
2026-01-12 17:28:43,275 INFO Setting params: {'C': 0.037275937203149416, 'kernel_params': [{'name': 'propagation', 'with_attributes': True, 't_max': 3}], 'normalize': True}
2026-01-12 17:28:43,275 INFO Params set successfully. GK created: True
2026-01-12 17:28:43,277 INFO Setting params: {'C': 0.037275937203149416, 'kernel_params': [{'name': 'propagation', 'with_attributes': True, 't_max': 5}], 'normalize': True}
2026-01-12 17:28:43,277 INFO Params set successfully. GK created: True
2026-01-12 17:28:43,279 INFO Setting params: {'C': 0.037275937203149416, 'kernel_params': [{'name': 'propagation', 'with_attributes': True, 't_max': 8}], 'normalize': True}
2026-01-12 17:28:43,279 INFO Params set successfully. GK created: True
2026-01-12 17:28:43,281 INFO Setting params: {'C': 0.037275937203149416, 'kernel_params': [{'name': 'propagation', 'with_attributes': True, 't_max': 10}], 'normalize': True}
2026-01-12 17:28:43,281 INFO Params set successfully. GK created: True
2026-01-12 17:28:43,283 INFO Setting params: {'C': 0.037275937203149416, 'kernel_params': [{'name': 'propagation', 'with_attributes': True, 't_max': 15}], 'normalize': True}
2026-01-12 17:28:43,283 INFO Params set successfully. GK created: True
2026-01-12 17:28:43,285 INFO Setting params: {'C': 0.037275937203149416, 'kernel_params': [{'name': 'propagation', 'with_attributes': True, 't_max': 20}], 'normalize': True}
2026-01-12 17:28:43,285 INFO Params set successfully. GK created: True
2026-01-12 17:28:43,287 INFO Setting params: {'C': 0.19306977288832497, 'kernel_params': [{'name': 'propagation', 'with_attributes': True, 't_max': 1}], 'normalize': True}
2026-01-12 17:28:43,287 INFO Params set successfully. GK created: True
2026-01-12 17:28:43,290 INFO Setting params: {'C': 0.19306977288832497, 'kernel_params': [{'name': 'propagation', 'with_attributes': True, 't_max': 3}], 'normalize': True}
2026-01-12 17:28:43,290 INFO Params set successfully. GK created: True
2026-01-12 17:28:43,292 INFO Setting params: {'C': 0.19306977288832497, 'kernel_params': [{'name': 'propagation', 'with_attributes': True, 't_max': 5}], 'normalize': True}
2026-01-12 17:28:43,292 INFO Params set successfully. GK created: True
2026-01-12 17:28:43,294 INFO Setting params: {'C': 0.19306977288832497, 'kernel_params': [{'name': 'propagation', 'with_attributes': True, 't_max': 8}], 'normalize': True}
2026-01-12 17:28:43,294 INFO Params set successfully. GK created: True
2026-01-12 17:28:43,296 INFO Setting params: {'C': 0.19306977288832497, 'kernel_params': [{'name': 'propagation', 'with_attributes': True, 't_max': 10}], 'normalize': True}
2026-01-12 17:28:43,296 INFO Params set successfully. GK created: True
2026-01-12 17:28:43,299 INFO Setting params: {'C': 0.19306977288832497, 'kernel_params': [{'name': 'propagation', 'with_attributes': True, 't_max': 15}], 'normalize': True}
2026-01-12 17:28:43,299 INFO Params set successfully. GK created: True
2026-01-12 17:28:43,301 INFO Setting params: {'C': 0.19306977288832497, 'kernel_params': [{'name': 'propagation', 'with_attributes': True, 't_max': 20}], 'normalize': True}
2026-01-12 17:28:43,301 INFO Params set successfully. GK created: True
2026-01-12 17:28:43,303 INFO Setting params: {'C': 1.0, 'kernel_params': [{'name': 'propagation', 'with_attributes': True, 't_max': 1}], 'normalize': True}
2026-01-12 17:28:43,303 INFO Params set successfully. GK created: True
2026-01-12 17:28:43,306 INFO Setting params: {'C': 1.0, 'kernel_params': [{'name': 'propagation', 'with_attributes': True, 't_max': 3}], 'normalize': True}
2026-01-12 17:28:43,306 INFO Params set successfully. GK created: True
2026-01-12 17:28:43,308 INFO Setting params: {'C': 1.0, 'kernel_params': [{'name': 'propagation', 'with_attributes': True, 't_max': 5}], 'normalize': True}
2026-01-12 17:28:43,308 INFO Params set successfully. GK created: True
2026-01-12 17:28:43,311 INFO Setting params: {'C': 1.0, 'kernel_params': [{'name': 'propagation', 'with_attributes': True, 't_max': 8}], 'normalize': True}
2026-01-12 17:28:43,311 INFO Params set successfully. GK created: True
2026-01-12 17:28:43,313 INFO Setting params: {'C': 1.0, 'kernel_params': [{'name': 'propagation', 'with_attributes': True, 't_max': 10}], 'normalize': True}
2026-01-12 17:28:43,313 INFO Params set successfully. GK created: True
2026-01-12 17:28:43,315 INFO Setting params: {'C': 1.0, 'kernel_params': [{'name': 'propagation', 'with_attributes': True, 't_max': 15}], 'normalize': True}
2026-01-12 17:28:43,315 INFO Params set successfully. GK created: True
2026-01-12 17:28:43,317 INFO Setting params: {'C': 1.0, 'kernel_params': [{'name': 'propagation', 'with_attributes': True, 't_max': 20}], 'normalize': True}
2026-01-12 17:28:43,317 INFO Params set successfully. GK created: True
2026-01-12 17:28:43,319 INFO Setting params: {'C': 5.1794746792312125, 'kernel_params': [{'name': 'propagation', 'with_attributes': True, 't_max': 1}], 'normalize': True}
2026-01-12 17:28:43,319 INFO Params set successfully. GK created: True
2026-01-12 17:28:43,323 INFO Setting params: {'C': 5.1794746792312125, 'kernel_params': [{'name': 'propagation', 'with_attributes': True, 't_max': 3}], 'normalize': True}
2026-01-12 17:28:43,323 INFO Params set successfully. GK created: True
2026-01-12 17:28:43,325 INFO Setting params: {'C': 5.1794746792312125, 'kernel_params': [{'name': 'propagation', 'with_attributes': True, 't_max': 5}], 'normalize': True}
2026-01-12 17:28:43,325 INFO Params set successfully. GK created: True
2026-01-12 17:28:43,327 INFO Setting params: {'C': 5.1794746792312125, 'kernel_params': [{'name': 'propagation', 'with_attributes': True, 't_max': 8}], 'normalize': True}
2026-01-12 17:28:43,327 INFO Params set successfully. GK created: True
2026-01-12 17:28:43,329 INFO Setting params: {'C': 5.1794746792312125, 'kernel_params': [{'name': 'propagation', 'with_attributes': True, 't_max': 10}], 'normalize': True}
2026-01-12 17:28:43,329 INFO Params set successfully. GK created: True
2026-01-12 17:28:43,332 INFO Setting params: {'C': 5.1794746792312125, 'kernel_params': [{'name': 'propagation', 'with_attributes': True, 't_max': 15}], 'normalize': True}
2026-01-12 17:28:43,332 INFO Params set successfully. GK created: True
2026-01-12 17:28:43,334 INFO Setting params: {'C': 5.1794746792312125, 'kernel_params': [{'name': 'propagation', 'with_attributes': True, 't_max': 20}], 'normalize': True}
2026-01-12 17:28:43,334 INFO Params set successfully. GK created: True
2026-01-12 17:28:43,336 INFO Setting params: {'C': 26.826957952797272, 'kernel_params': [{'name': 'propagation', 'with_attributes': True, 't_max': 1}], 'normalize': True}
2026-01-12 17:28:43,336 INFO Params set successfully. GK created: True
2026-01-12 17:28:43,340 INFO Setting params: {'C': 26.826957952797272, 'kernel_params': [{'name': 'propagation', 'with_attributes': True, 't_max': 3}], 'normalize': True}
2026-01-12 17:28:43,340 INFO Params set successfully. GK created: True
2026-01-12 17:28:43,342 INFO Setting params: {'C': 26.826957952797272, 'kernel_params': [{'name': 'propagation', 'with_attributes': True, 't_max': 5}], 'normalize': True}
2026-01-12 17:28:43,342 INFO Params set successfully. GK created: True
2026-01-12 17:28:43,344 INFO Setting params: {'C': 26.826957952797272, 'kernel_params': [{'name': 'propagation', 'with_attributes': True, 't_max': 8}], 'normalize': True}
2026-01-12 17:28:43,344 INFO Params set successfully. GK created: True
2026-01-12 17:28:43,346 INFO Setting params: {'C': 26.826957952797272, 'kernel_params': [{'name': 'propagation', 'with_attributes': True, 't_max': 10}], 'normalize': True}
2026-01-12 17:28:43,346 INFO Params set successfully. GK created: True
2026-01-12 17:28:43,349 INFO Setting params: {'C': 26.826957952797272, 'kernel_params': [{'name': 'propagation', 'with_attributes': True, 't_max': 15}], 'normalize': True}
2026-01-12 17:28:43,349 INFO Params set successfully. GK created: True
2026-01-12 17:28:43,351 INFO Setting params: {'C': 26.826957952797272, 'kernel_params': [{'name': 'propagation', 'with_attributes': True, 't_max': 20}], 'normalize': True}
2026-01-12 17:28:43,351 INFO Params set successfully. GK created: True
2026-01-12 17:28:43,353 INFO Setting params: {'C': 138.9495494373139, 'kernel_params': [{'name': 'propagation', 'with_attributes': True, 't_max': 1}], 'normalize': True}
2026-01-12 17:28:43,353 INFO Params set successfully. GK created: True
2026-01-12 17:28:43,356 INFO Setting params: {'C': 138.9495494373139, 'kernel_params': [{'name': 'propagation', 'with_attributes': True, 't_max': 3}], 'normalize': True}
2026-01-12 17:28:43,357 INFO Params set successfully. GK created: True
2026-01-12 17:28:43,359 INFO Setting params: {'C': 138.9495494373139, 'kernel_params': [{'name': 'propagation', 'with_attributes': True, 't_max': 5}], 'normalize': True}
2026-01-12 17:28:43,359 INFO Params set successfully. GK created: True
2026-01-12 17:28:43,361 INFO Setting params: {'C': 138.9495494373139, 'kernel_params': [{'name': 'propagation', 'with_attributes': True, 't_max': 8}], 'normalize': True}
2026-01-12 17:28:43,361 INFO Params set successfully. GK created: True
2026-01-12 17:28:43,364 INFO Setting params: {'C': 138.9495494373139, 'kernel_params': [{'name': 'propagation', 'with_attributes': True, 't_max': 10}], 'normalize': True}
2026-01-12 17:28:43,364 INFO Params set successfully. GK created: True
2026-01-12 17:28:43,367 INFO Setting params: {'C': 138.9495494373139, 'kernel_params': [{'name': 'propagation', 'with_attributes': True, 't_max': 15}], 'normalize': True}
2026-01-12 17:28:43,367 INFO Params set successfully. GK created: True
2026-01-12 17:28:43,369 INFO Setting params: {'C': 138.9495494373139, 'kernel_params': [{'name': 'propagation', 'with_attributes': True, 't_max': 20}], 'normalize': True}
2026-01-12 17:28:43,369 INFO Params set successfully. GK created: True
2026-01-12 17:28:43,371 INFO Setting params: {'C': 719.6856730011528, 'kernel_params': [{'name': 'propagation', 'with_attributes': True, 't_max': 1}], 'normalize': True}
2026-01-12 17:28:43,371 INFO Params set successfully. GK created: True
2026-01-12 17:28:43,375 INFO Setting params: {'C': 719.6856730011528, 'kernel_params': [{'name': 'propagation', 'with_attributes': True, 't_max': 3}], 'normalize': True}
2026-01-12 17:28:43,375 INFO Params set successfully. GK created: True
2026-01-12 17:28:43,377 INFO Setting params: {'C': 719.6856730011528, 'kernel_params': [{'name': 'propagation', 'with_attributes': True, 't_max': 5}], 'normalize': True}
2026-01-12 17:28:43,377 INFO Params set successfully. GK created: True
2026-01-12 17:28:43,380 INFO Setting params: {'C': 719.6856730011528, 'kernel_params': [{'name': 'propagation', 'with_attributes': True, 't_max': 8}], 'normalize': True}
2026-01-12 17:28:43,380 INFO Params set successfully. GK created: True
2026-01-12 17:28:43,383 INFO Setting params: {'C': 719.6856730011528, 'kernel_params': [{'name': 'propagation', 'with_attributes': True, 't_max': 10}], 'normalize': True}
2026-01-12 17:28:43,383 INFO Params set successfully. GK created: True
2026-01-12 17:28:43,385 INFO Setting params: {'C': 719.6856730011528, 'kernel_params': [{'name': 'propagation', 'with_attributes': True, 't_max': 15}], 'normalize': True}
2026-01-12 17:28:43,385 INFO Params set successfully. GK created: True
2026-01-12 17:28:43,387 INFO Setting params: {'C': 719.6856730011528, 'kernel_params': [{'name': 'propagation', 'with_attributes': True, 't_max': 20}], 'normalize': True}
2026-01-12 17:28:43,387 INFO Params set successfully. GK created: True
2026-01-12 17:28:43,390 INFO Setting params: {'C': 3727.593720314938, 'kernel_params': [{'name': 'propagation', 'with_attributes': True, 't_max': 1}], 'normalize': True}
2026-01-12 17:28:43,390 INFO Params set successfully. GK created: True
2026-01-12 17:28:43,393 INFO Setting params: {'C': 3727.593720314938, 'kernel_params': [{'name': 'propagation', 'with_attributes': True, 't_max': 3}], 'normalize': True}
2026-01-12 17:28:43,393 INFO Params set successfully. GK created: True
2026-01-12 17:28:43,396 INFO Setting params: {'C': 3727.593720314938, 'kernel_params': [{'name': 'propagation', 'with_attributes': True, 't_max': 5}], 'normalize': True}
2026-01-12 17:28:43,396 INFO Params set successfully. GK created: True
2026-01-12 17:28:43,398 INFO Setting params: {'C': 3727.593720314938, 'kernel_params': [{'name': 'propagation', 'with_attributes': True, 't_max': 8}], 'normalize': True}
2026-01-12 17:28:43,398 INFO Params set successfully. GK created: True
2026-01-12 17:28:43,401 INFO Setting params: {'C': 3727.593720314938, 'kernel_params': [{'name': 'propagation', 'with_attributes': True, 't_max': 10}], 'normalize': True}
2026-01-12 17:28:43,402 INFO Params set successfully. GK created: True
2026-01-12 17:28:43,404 INFO Setting params: {'C': 3727.593720314938, 'kernel_params': [{'name': 'propagation', 'with_attributes': True, 't_max': 15}], 'normalize': True}
2026-01-12 17:28:43,404 INFO Params set successfully. GK created: True
2026-01-12 17:28:43,406 INFO Setting params: {'C': 3727.593720314938, 'kernel_params': [{'name': 'propagation', 'with_attributes': True, 't_max': 20}], 'normalize': True}
2026-01-12 17:28:43,406 INFO Params set successfully. GK created: True
2026-01-12 17:28:43,409 INFO Setting params: {'C': 19306.977288832535, 'kernel_params': [{'name': 'propagation', 'with_attributes': True, 't_max': 1}], 'normalize': True}
2026-01-12 17:28:43,409 INFO Params set successfully. GK created: True
2026-01-12 17:28:43,412 INFO Setting params: {'C': 19306.977288832535, 'kernel_params': [{'name': 'propagation', 'with_attributes': True, 't_max': 3}], 'normalize': True}
2026-01-12 17:28:43,413 INFO Params set successfully. GK created: True
2026-01-12 17:28:43,415 INFO Setting params: {'C': 19306.977288832535, 'kernel_params': [{'name': 'propagation', 'with_attributes': True, 't_max': 5}], 'normalize': True}
2026-01-12 17:28:43,415 INFO Params set successfully. GK created: True
2026-01-12 17:28:43,418 INFO Setting params: {'C': 19306.977288832535, 'kernel_params': [{'name': 'propagation', 'with_attributes': True, 't_max': 8}], 'normalize': True}
2026-01-12 17:28:43,418 INFO Params set successfully. GK created: True
2026-01-12 17:28:43,421 INFO Setting params: {'C': 19306.977288832535, 'kernel_params': [{'name': 'propagation', 'with_attributes': True, 't_max': 10}], 'normalize': True}
2026-01-12 17:28:43,421 INFO Params set successfully. GK created: True
2026-01-12 17:28:43,423 INFO Setting params: {'C': 19306.977288832535, 'kernel_params': [{'name': 'propagation', 'with_attributes': True, 't_max': 15}], 'normalize': True}
2026-01-12 17:28:43,424 INFO Params set successfully. GK created: True
2026-01-12 17:28:43,426 INFO Setting params: {'C': 19306.977288832535, 'kernel_params': [{'name': 'propagation', 'with_attributes': True, 't_max': 20}], 'normalize': True}
2026-01-12 17:28:43,426 INFO Params set successfully. GK created: True
2026-01-12 17:28:43,428 INFO Setting params: {'C': 100000.0, 'kernel_params': [{'name': 'propagation', 'with_attributes': True, 't_max': 1}], 'normalize': True}
2026-01-12 17:28:43,428 INFO Params set successfully. GK created: True
2026-01-12 17:28:43,432 INFO Setting params: {'C': 100000.0, 'kernel_params': [{'name': 'propagation', 'with_attributes': True, 't_max': 3}], 'normalize': True}
2026-01-12 17:28:43,432 INFO Params set successfully. GK created: True
2026-01-12 17:28:43,435 INFO Setting params: {'C': 100000.0, 'kernel_params': [{'name': 'propagation', 'with_attributes': True, 't_max': 5}], 'normalize': True}
2026-01-12 17:28:43,435 INFO Params set successfully. GK created: True
2026-01-12 17:28:43,437 INFO Setting params: {'C': 100000.0, 'kernel_params': [{'name': 'propagation', 'with_attributes': True, 't_max': 8}], 'normalize': True}
2026-01-12 17:28:43,437 INFO Params set successfully. GK created: True
2026-01-12 17:28:43,440 INFO Setting params: {'C': 100000.0, 'kernel_params': [{'name': 'propagation', 'with_attributes': True, 't_max': 10}], 'normalize': True}
2026-01-12 17:28:43,440 INFO Params set successfully. GK created: True
2026-01-12 17:28:43,443 INFO Setting params: {'C': 100000.0, 'kernel_params': [{'name': 'propagation', 'with_attributes': True, 't_max': 15}], 'normalize': True}
2026-01-12 17:28:43,443 INFO Params set successfully. GK created: True
2026-01-12 17:28:43,445 INFO Setting params: {'C': 100000.0, 'kernel_params': [{'name': 'propagation', 'with_attributes': True, 't_max': 20}], 'normalize': True}
2026-01-12 17:28:43,445 INFO Params set successfully. GK created: True
2026-01-12 17:28:43,447 INFO Setting params: {'C': 1e-05, 'kernel_params': [{'name': 'propagation', 'with_attributes': True, 't_max': 1}], 'normalize': True}
2026-01-12 17:28:43,448 INFO Params set successfully. GK created: True
2026-01-12 17:28:43,450 INFO Setting params: {'C': 1e-05, 'kernel_params': [{'name': 'propagation', 'with_attributes': True, 't_max': 3}], 'normalize': True}
2026-01-12 17:28:43,450 INFO Params set successfully. GK created: True
2026-01-12 17:28:43,452 INFO Setting params: {'C': 1e-05, 'kernel_params': [{'name': 'propagation', 'with_attributes': True, 't_max': 5}], 'normalize': True}
2026-01-12 17:28:43,452 INFO Params set successfully. GK created: True
2026-01-12 17:28:43,454 INFO Setting params: {'C': 1e-05, 'kernel_params': [{'name': 'propagation', 'with_attributes': True, 't_max': 8}], 'normalize': True}
2026-01-12 17:28:43,454 INFO Params set successfully. GK created: True
2026-01-12 17:28:43,456 INFO Setting params: {'C': 1e-05, 'kernel_params': [{'name': 'propagation', 'with_attributes': True, 't_max': 10}], 'normalize': True}
2026-01-12 17:28:43,456 INFO Params set successfully. GK created: True
2026-01-12 17:28:43,458 INFO Setting params: {'C': 1e-05, 'kernel_params': [{'name': 'propagation', 'with_attributes': True, 't_max': 15}], 'normalize': True}
2026-01-12 17:28:43,458 INFO Params set successfully. GK created: True
2026-01-12 17:28:43,460 INFO Setting params: {'C': 1e-05, 'kernel_params': [{'name': 'propagation', 'with_attributes': True, 't_max': 20}], 'normalize': True}
2026-01-12 17:28:43,460 INFO Params set successfully. GK created: True
2026-01-12 17:28:43,462 INFO Setting params: {'C': 5.1794746792312125e-05, 'kernel_params': [{'name': 'propagation', 'with_attributes': True, 't_max': 1}], 'normalize': True}
2026-01-12 17:28:43,462 INFO Params set successfully. GK created: True
2026-01-12 17:28:43,464 INFO Setting params: {'C': 5.1794746792312125e-05, 'kernel_params': [{'name': 'propagation', 'with_attributes': True, 't_max': 3}], 'normalize': True}
2026-01-12 17:28:43,464 INFO Params set successfully. GK created: True
2026-01-12 17:28:43,466 INFO Setting params: {'C': 5.1794746792312125e-05, 'kernel_params': [{'name': 'propagation', 'with_attributes': True, 't_max': 5}], 'normalize': True}
2026-01-12 17:28:43,466 INFO Params set successfully. GK created: True
2026-01-12 17:28:43,468 INFO Setting params: {'C': 5.1794746792312125e-05, 'kernel_params': [{'name': 'propagation', 'with_attributes': True, 't_max': 8}], 'normalize': True}
2026-01-12 17:28:43,468 INFO Params set successfully. GK created: True
2026-01-12 17:28:43,470 INFO Setting params: {'C': 5.1794746792312125e-05, 'kernel_params': [{'name': 'propagation', 'with_attributes': True, 't_max': 10}], 'normalize': True}
2026-01-12 17:28:43,470 INFO Params set successfully. GK created: True
2026-01-12 17:28:43,472 INFO Setting params: {'C': 5.1794746792312125e-05, 'kernel_params': [{'name': 'propagation', 'with_attributes': True, 't_max': 15}], 'normalize': True}
2026-01-12 17:28:43,472 INFO Params set successfully. GK created: True
2026-01-12 17:28:43,474 INFO Setting params: {'C': 5.1794746792312125e-05, 'kernel_params': [{'name': 'propagation', 'with_attributes': True, 't_max': 20}], 'normalize': True}
2026-01-12 17:28:43,474 INFO Params set successfully. GK created: True
2026-01-12 17:28:43,476 INFO Setting params: {'C': 0.0002682695795279727, 'kernel_params': [{'name': 'propagation', 'with_attributes': True, 't_max': 1}], 'normalize': True}
2026-01-12 17:28:43,476 INFO Params set successfully. GK created: True
2026-01-12 17:28:43,478 INFO Setting params: {'C': 0.0002682695795279727, 'kernel_params': [{'name': 'propagation', 'with_attributes': True, 't_max': 3}], 'normalize': True}
2026-01-12 17:28:43,478 INFO Params set successfully. GK created: True
2026-01-12 17:28:43,480 INFO Setting params: {'C': 0.0002682695795279727, 'kernel_params': [{'name': 'propagation', 'with_attributes': True, 't_max': 5}], 'normalize': True}
2026-01-12 17:28:43,480 INFO Params set successfully. GK created: True
2026-01-12 17:28:43,482 INFO Setting params: {'C': 0.0002682695795279727, 'kernel_params': [{'name': 'propagation', 'with_attributes': True, 't_max': 8}], 'normalize': True}
2026-01-12 17:28:43,482 INFO Params set successfully. GK created: True
2026-01-12 17:28:43,484 INFO Setting params: {'C': 0.0002682695795279727, 'kernel_params': [{'name': 'propagation', 'with_attributes': True, 't_max': 10}], 'normalize': True}
2026-01-12 17:28:43,484 INFO Params set successfully. GK created: True
2026-01-12 17:28:43,486 INFO Setting params: {'C': 0.0002682695795279727, 'kernel_params': [{'name': 'propagation', 'with_attributes': True, 't_max': 15}], 'normalize': True}
2026-01-12 17:28:43,486 INFO Params set successfully. GK created: True
2026-01-12 17:28:43,488 INFO Setting params: {'C': 0.0002682695795279727, 'kernel_params': [{'name': 'propagation', 'with_attributes': True, 't_max': 20}], 'normalize': True}
2026-01-12 17:28:43,488 INFO Params set successfully. GK created: True
2026-01-12 17:28:43,490 INFO Setting params: {'C': 0.0013894954943731374, 'kernel_params': [{'name': 'propagation', 'with_attributes': True, 't_max': 1}], 'normalize': True}
2026-01-12 17:28:43,490 INFO Params set successfully. GK created: True
2026-01-12 17:28:43,492 INFO Setting params: {'C': 0.0013894954943731374, 'kernel_params': [{'name': 'propagation', 'with_attributes': True, 't_max': 3}], 'normalize': True}
2026-01-12 17:28:43,492 INFO Params set successfully. GK created: True
2026-01-12 17:28:43,494 INFO Setting params: {'C': 0.0013894954943731374, 'kernel_params': [{'name': 'propagation', 'with_attributes': True, 't_max': 5}], 'normalize': True}
2026-01-12 17:28:43,495 INFO Params set successfully. GK created: True
2026-01-12 17:28:43,496 INFO Setting params: {'C': 0.0013894954943731374, 'kernel_params': [{'name': 'propagation', 'with_attributes': True, 't_max': 8}], 'normalize': True}
2026-01-12 17:28:43,497 INFO Params set successfully. GK created: True
2026-01-12 17:28:43,498 INFO Setting params: {'C': 0.0013894954943731374, 'kernel_params': [{'name': 'propagation', 'with_attributes': True, 't_max': 10}], 'normalize': True}
2026-01-12 17:28:43,499 INFO Params set successfully. GK created: True
2026-01-12 17:28:43,501 INFO Setting params: {'C': 0.0013894954943731374, 'kernel_params': [{'name': 'propagation', 'with_attributes': True, 't_max': 15}], 'normalize': True}
2026-01-12 17:28:43,501 INFO Params set successfully. GK created: True
2026-01-12 17:28:43,503 INFO Setting params: {'C': 0.0013894954943731374, 'kernel_params': [{'name': 'propagation', 'with_attributes': True, 't_max': 20}], 'normalize': True}
2026-01-12 17:28:43,503 INFO Params set successfully. GK created: True
2026-01-12 17:28:43,505 INFO Setting params: {'C': 0.0071968567300115215, 'kernel_params': [{'name': 'propagation', 'with_attributes': True, 't_max': 1}], 'normalize': True}
2026-01-12 17:28:43,505 INFO Params set successfully. GK created: True
2026-01-12 17:28:43,507 INFO Setting params: {'C': 0.0071968567300115215, 'kernel_params': [{'name': 'propagation', 'with_attributes': True, 't_max': 3}], 'normalize': True}
2026-01-12 17:28:43,507 INFO Params set successfully. GK created: True
2026-01-12 17:28:43,509 INFO Setting params: {'C': 0.0071968567300115215, 'kernel_params': [{'name': 'propagation', 'with_attributes': True, 't_max': 5}], 'normalize': True}
2026-01-12 17:28:43,509 INFO Params set successfully. GK created: True
2026-01-12 17:28:43,511 INFO Setting params: {'C': 0.0071968567300115215, 'kernel_params': [{'name': 'propagation', 'with_attributes': True, 't_max': 8}], 'normalize': True}
2026-01-12 17:28:43,511 INFO Params set successfully. GK created: True
2026-01-12 17:28:43,513 INFO Setting params: {'C': 0.0071968567300115215, 'kernel_params': [{'name': 'propagation', 'with_attributes': True, 't_max': 10}], 'normalize': True}
2026-01-12 17:28:43,513 INFO Params set successfully. GK created: True
2026-01-12 17:28:43,515 INFO Setting params: {'C': 0.0071968567300115215, 'kernel_params': [{'name': 'propagation', 'with_attributes': True, 't_max': 15}], 'normalize': True}
2026-01-12 17:28:43,515 INFO Params set successfully. GK created: True
2026-01-12 17:28:43,517 INFO Setting params: {'C': 0.0071968567300115215, 'kernel_params': [{'name': 'propagation', 'with_attributes': True, 't_max': 20}], 'normalize': True}
2026-01-12 17:28:43,517 INFO Params set successfully. GK created: True
2026-01-12 17:28:43,519 INFO Setting params: {'C': 0.037275937203149416, 'kernel_params': [{'name': 'propagation', 'with_attributes': True, 't_max': 1}], 'normalize': True}
2026-01-12 17:28:43,519 INFO Params set successfully. GK created: True
2026-01-12 17:28:43,522 INFO Setting params: {'C': 0.037275937203149416, 'kernel_params': [{'name': 'propagation', 'with_attributes': True, 't_max': 3}], 'normalize': True}
2026-01-12 17:28:43,522 INFO Params set successfully. GK created: True
2026-01-12 17:28:43,524 INFO Setting params: {'C': 0.037275937203149416, 'kernel_params': [{'name': 'propagation', 'with_attributes': True, 't_max': 5}], 'normalize': True}
2026-01-12 17:28:43,524 INFO Params set successfully. GK created: True
2026-01-12 17:28:43,526 INFO Setting params: {'C': 0.037275937203149416, 'kernel_params': [{'name': 'propagation', 'with_attributes': True, 't_max': 8}], 'normalize': True}
2026-01-12 17:28:43,526 INFO Params set successfully. GK created: True
2026-01-12 17:28:43,528 INFO Setting params: {'C': 0.037275937203149416, 'kernel_params': [{'name': 'propagation', 'with_attributes': True, 't_max': 10}], 'normalize': True}
2026-01-12 17:28:43,528 INFO Params set successfully. GK created: True
2026-01-12 17:28:43,530 INFO Setting params: {'C': 0.037275937203149416, 'kernel_params': [{'name': 'propagation', 'with_attributes': True, 't_max': 15}], 'normalize': True}
2026-01-12 17:28:43,530 INFO Params set successfully. GK created: True
2026-01-12 17:28:43,532 INFO Setting params: {'C': 0.037275937203149416, 'kernel_params': [{'name': 'propagation', 'with_attributes': True, 't_max': 20}], 'normalize': True}
2026-01-12 17:28:43,532 INFO Params set successfully. GK created: True
2026-01-12 17:28:43,534 INFO Setting params: {'C': 0.19306977288832497, 'kernel_params': [{'name': 'propagation', 'with_attributes': True, 't_max': 1}], 'normalize': True}
2026-01-12 17:28:43,534 INFO Params set successfully. GK created: True
2026-01-12 17:28:43,537 INFO Setting params: {'C': 0.19306977288832497, 'kernel_params': [{'name': 'propagation', 'with_attributes': True, 't_max': 3}], 'normalize': True}
2026-01-12 17:28:43,537 INFO Params set successfully. GK created: True
2026-01-12 17:28:43,539 INFO Setting params: {'C': 0.19306977288832497, 'kernel_params': [{'name': 'propagation', 'with_attributes': True, 't_max': 5}], 'normalize': True}
2026-01-12 17:28:43,539 INFO Params set successfully. GK created: True
2026-01-12 17:28:43,541 INFO Setting params: {'C': 0.19306977288832497, 'kernel_params': [{'name': 'propagation', 'with_attributes': True, 't_max': 8}], 'normalize': True}
2026-01-12 17:28:43,541 INFO Params set successfully. GK created: True
2026-01-12 17:28:43,544 INFO Setting params: {'C': 0.19306977288832497, 'kernel_params': [{'name': 'propagation', 'with_attributes': True, 't_max': 10}], 'normalize': True}
2026-01-12 17:28:43,544 INFO Params set successfully. GK created: True
2026-01-12 17:28:43,546 INFO Setting params: {'C': 0.19306977288832497, 'kernel_params': [{'name': 'propagation', 'with_attributes': True, 't_max': 15}], 'normalize': True}
2026-01-12 17:28:43,546 INFO Params set successfully. GK created: True
2026-01-12 17:28:43,548 INFO Setting params: {'C': 0.19306977288832497, 'kernel_params': [{'name': 'propagation', 'with_attributes': True, 't_max': 20}], 'normalize': True}
2026-01-12 17:28:43,548 INFO Params set successfully. GK created: True
2026-01-12 17:28:43,550 INFO Setting params: {'C': 1.0, 'kernel_params': [{'name': 'propagation', 'with_attributes': True, 't_max': 1}], 'normalize': True}
2026-01-12 17:28:43,550 INFO Params set successfully. GK created: True
2026-01-12 17:28:43,553 INFO Setting params: {'C': 1.0, 'kernel_params': [{'name': 'propagation', 'with_attributes': True, 't_max': 3}], 'normalize': True}
2026-01-12 17:28:43,553 INFO Params set successfully. GK created: True
2026-01-12 17:28:43,556 INFO Setting params: {'C': 1.0, 'kernel_params': [{'name': 'propagation', 'with_attributes': True, 't_max': 5}], 'normalize': True}
2026-01-12 17:28:43,556 INFO Params set successfully. GK created: True
2026-01-12 17:28:43,558 INFO Setting params: {'C': 1.0, 'kernel_params': [{'name': 'propagation', 'with_attributes': True, 't_max': 8}], 'normalize': True}
2026-01-12 17:28:43,558 INFO Params set successfully. GK created: True
2026-01-12 17:28:43,560 INFO Setting params: {'C': 1.0, 'kernel_params': [{'name': 'propagation', 'with_attributes': True, 't_max': 10}], 'normalize': True}
2026-01-12 17:28:43,560 INFO Params set successfully. GK created: True
2026-01-12 17:28:43,562 INFO Setting params: {'C': 1.0, 'kernel_params': [{'name': 'propagation', 'with_attributes': True, 't_max': 15}], 'normalize': True}
2026-01-12 17:28:43,562 INFO Params set successfully. GK created: True
2026-01-12 17:28:43,564 INFO Setting params: {'C': 1.0, 'kernel_params': [{'name': 'propagation', 'with_attributes': True, 't_max': 20}], 'normalize': True}
2026-01-12 17:28:43,564 INFO Params set successfully. GK created: True
2026-01-12 17:28:43,566 INFO Setting params: {'C': 5.1794746792312125, 'kernel_params': [{'name': 'propagation', 'with_attributes': True, 't_max': 1}], 'normalize': True}
2026-01-12 17:28:43,566 INFO Params set successfully. GK created: True
2026-01-12 17:28:43,570 INFO Setting params: {'C': 5.1794746792312125, 'kernel_params': [{'name': 'propagation', 'with_attributes': True, 't_max': 3}], 'normalize': True}
2026-01-12 17:28:43,570 INFO Params set successfully. GK created: True
2026-01-12 17:28:43,572 INFO Setting params: {'C': 5.1794746792312125, 'kernel_params': [{'name': 'propagation', 'with_attributes': True, 't_max': 5}], 'normalize': True}
2026-01-12 17:28:43,572 INFO Params set successfully. GK created: True
2026-01-12 17:28:43,574 INFO Setting params: {'C': 5.1794746792312125, 'kernel_params': [{'name': 'propagation', 'with_attributes': True, 't_max': 8}], 'normalize': True}
2026-01-12 17:28:43,574 INFO Params set successfully. GK created: True
2026-01-12 17:28:43,577 INFO Setting params: {'C': 5.1794746792312125, 'kernel_params': [{'name': 'propagation', 'with_attributes': True, 't_max': 10}], 'normalize': True}
2026-01-12 17:28:43,577 INFO Params set successfully. GK created: True
2026-01-12 17:28:43,579 INFO Setting params: {'C': 5.1794746792312125, 'kernel_params': [{'name': 'propagation', 'with_attributes': True, 't_max': 15}], 'normalize': True}
2026-01-12 17:28:43,579 INFO Params set successfully. GK created: True
2026-01-12 17:28:43,581 INFO Setting params: {'C': 5.1794746792312125, 'kernel_params': [{'name': 'propagation', 'with_attributes': True, 't_max': 20}], 'normalize': True}
2026-01-12 17:28:43,581 INFO Params set successfully. GK created: True
2026-01-12 17:28:43,583 INFO Setting params: {'C': 26.826957952797272, 'kernel_params': [{'name': 'propagation', 'with_attributes': True, 't_max': 1}], 'normalize': True}
2026-01-12 17:28:43,583 INFO Params set successfully. GK created: True
2026-01-12 17:28:43,587 INFO Setting params: {'C': 26.826957952797272, 'kernel_params': [{'name': 'propagation', 'with_attributes': True, 't_max': 3}], 'normalize': True}
2026-01-12 17:28:43,587 INFO Params set successfully. GK created: True
2026-01-12 17:28:43,589 INFO Setting params: {'C': 26.826957952797272, 'kernel_params': [{'name': 'propagation', 'with_attributes': True, 't_max': 5}], 'normalize': True}
2026-01-12 17:28:43,589 INFO Params set successfully. GK created: True
2026-01-12 17:28:43,591 INFO Setting params: {'C': 26.826957952797272, 'kernel_params': [{'name': 'propagation', 'with_attributes': True, 't_max': 8}], 'normalize': True}
2026-01-12 17:28:43,591 INFO Params set successfully. GK created: True
2026-01-12 17:28:43,594 INFO Setting params: {'C': 26.826957952797272, 'kernel_params': [{'name': 'propagation', 'with_attributes': True, 't_max': 10}], 'normalize': True}
2026-01-12 17:28:43,594 INFO Params set successfully. GK created: True
2026-01-12 17:28:43,596 INFO Setting params: {'C': 26.826957952797272, 'kernel_params': [{'name': 'propagation', 'with_attributes': True, 't_max': 15}], 'normalize': True}
2026-01-12 17:28:43,596 INFO Params set successfully. GK created: True
2026-01-12 17:28:43,598 INFO Setting params: {'C': 26.826957952797272, 'kernel_params': [{'name': 'propagation', 'with_attributes': True, 't_max': 20}], 'normalize': True}
2026-01-12 17:28:43,598 INFO Params set successfully. GK created: True
2026-01-12 17:28:43,600 INFO Setting params: {'C': 138.9495494373139, 'kernel_params': [{'name': 'propagation', 'with_attributes': True, 't_max': 1}], 'normalize': True}
2026-01-12 17:28:43,600 INFO Params set successfully. GK created: True
2026-01-12 17:28:43,604 INFO Setting params: {'C': 138.9495494373139, 'kernel_params': [{'name': 'propagation', 'with_attributes': True, 't_max': 3}], 'normalize': True}
2026-01-12 17:28:43,604 INFO Params set successfully. GK created: True
2026-01-12 17:28:43,607 INFO Setting params: {'C': 138.9495494373139, 'kernel_params': [{'name': 'propagation', 'with_attributes': True, 't_max': 5}], 'normalize': True}
2026-01-12 17:28:43,607 INFO Params set successfully. GK created: True
2026-01-12 17:28:43,609 INFO Setting params: {'C': 138.9495494373139, 'kernel_params': [{'name': 'propagation', 'with_attributes': True, 't_max': 8}], 'normalize': True}
2026-01-12 17:28:43,609 INFO Params set successfully. GK created: True
2026-01-12 17:28:43,612 INFO Setting params: {'C': 138.9495494373139, 'kernel_params': [{'name': 'propagation', 'with_attributes': True, 't_max': 10}], 'normalize': True}
2026-01-12 17:28:43,612 INFO Params set successfully. GK created: True
2026-01-12 17:28:43,614 INFO Setting params: {'C': 138.9495494373139, 'kernel_params': [{'name': 'propagation', 'with_attributes': True, 't_max': 15}], 'normalize': True}
2026-01-12 17:28:43,614 INFO Params set successfully. GK created: True
2026-01-12 17:28:43,616 INFO Setting params: {'C': 138.9495494373139, 'kernel_params': [{'name': 'propagation', 'with_attributes': True, 't_max': 20}], 'normalize': True}
2026-01-12 17:28:43,617 INFO Params set successfully. GK created: True
2026-01-12 17:28:43,619 INFO Setting params: {'C': 719.6856730011528, 'kernel_params': [{'name': 'propagation', 'with_attributes': True, 't_max': 1}], 'normalize': True}
2026-01-12 17:28:43,619 INFO Params set successfully. GK created: True
2026-01-12 17:28:43,622 INFO Setting params: {'C': 719.6856730011528, 'kernel_params': [{'name': 'propagation', 'with_attributes': True, 't_max': 3}], 'normalize': True}
2026-01-12 17:28:43,622 INFO Params set successfully. GK created: True
2026-01-12 17:28:43,625 INFO Setting params: {'C': 719.6856730011528, 'kernel_params': [{'name': 'propagation', 'with_attributes': True, 't_max': 5}], 'normalize': True}
2026-01-12 17:28:43,625 INFO Params set successfully. GK created: True
2026-01-12 17:28:43,627 INFO Setting params: {'C': 719.6856730011528, 'kernel_params': [{'name': 'propagation', 'with_attributes': True, 't_max': 8}], 'normalize': True}
2026-01-12 17:28:43,627 INFO Params set successfully. GK created: True
2026-01-12 17:28:43,630 INFO Setting params: {'C': 719.6856730011528, 'kernel_params': [{'name': 'propagation', 'with_attributes': True, 't_max': 10}], 'normalize': True}
2026-01-12 17:28:43,630 INFO Params set successfully. GK created: True
2026-01-12 17:28:43,633 INFO Setting params: {'C': 719.6856730011528, 'kernel_params': [{'name': 'propagation', 'with_attributes': True, 't_max': 15}], 'normalize': True}
2026-01-12 17:28:43,633 INFO Params set successfully. GK created: True
2026-01-12 17:28:43,635 INFO Setting params: {'C': 719.6856730011528, 'kernel_params': [{'name': 'propagation', 'with_attributes': True, 't_max': 20}], 'normalize': True}
2026-01-12 17:28:43,635 INFO Params set successfully. GK created: True
2026-01-12 17:28:43,638 INFO Setting params: {'C': 3727.593720314938, 'kernel_params': [{'name': 'propagation', 'with_attributes': True, 't_max': 1}], 'normalize': True}
2026-01-12 17:28:43,638 INFO Params set successfully. GK created: True
2026-01-12 17:28:43,641 INFO Setting params: {'C': 3727.593720314938, 'kernel_params': [{'name': 'propagation', 'with_attributes': True, 't_max': 3}], 'normalize': True}
2026-01-12 17:28:43,641 INFO Params set successfully. GK created: True
2026-01-12 17:28:43,644 INFO Setting params: {'C': 3727.593720314938, 'kernel_params': [{'name': 'propagation', 'with_attributes': True, 't_max': 5}], 'normalize': True}
2026-01-12 17:28:43,644 INFO Params set successfully. GK created: True
2026-01-12 17:28:43,646 INFO Setting params: {'C': 3727.593720314938, 'kernel_params': [{'name': 'propagation', 'with_attributes': True, 't_max': 8}], 'normalize': True}
2026-01-12 17:28:43,646 INFO Params set successfully. GK created: True
2026-01-12 17:28:43,649 INFO Setting params: {'C': 3727.593720314938, 'kernel_params': [{'name': 'propagation', 'with_attributes': True, 't_max': 10}], 'normalize': True}
2026-01-12 17:28:43,649 INFO Params set successfully. GK created: True
2026-01-12 17:28:43,652 INFO Setting params: {'C': 3727.593720314938, 'kernel_params': [{'name': 'propagation', 'with_attributes': True, 't_max': 15}], 'normalize': True}
2026-01-12 17:28:43,652 INFO Params set successfully. GK created: True
2026-01-12 17:28:43,654 INFO Setting params: {'C': 3727.593720314938, 'kernel_params': [{'name': 'propagation', 'with_attributes': True, 't_max': 20}], 'normalize': True}
2026-01-12 17:28:43,654 INFO Params set successfully. GK created: True
2026-01-12 17:28:43,656 INFO Setting params: {'C': 19306.977288832535, 'kernel_params': [{'name': 'propagation', 'with_attributes': True, 't_max': 1}], 'normalize': True}
2026-01-12 17:28:43,657 INFO Params set successfully. GK created: True
2026-01-12 17:28:43,660 INFO Setting params: {'C': 19306.977288832535, 'kernel_params': [{'name': 'propagation', 'with_attributes': True, 't_max': 3}], 'normalize': True}
2026-01-12 17:28:43,660 INFO Params set successfully. GK created: True
2026-01-12 17:28:43,663 INFO Setting params: {'C': 19306.977288832535, 'kernel_params': [{'name': 'propagation', 'with_attributes': True, 't_max': 5}], 'normalize': True}
2026-01-12 17:28:43,663 INFO Params set successfully. GK created: True
2026-01-12 17:28:43,665 INFO Setting params: {'C': 19306.977288832535, 'kernel_params': [{'name': 'propagation', 'with_attributes': True, 't_max': 8}], 'normalize': True}
2026-01-12 17:28:43,665 INFO Params set successfully. GK created: True
2026-01-12 17:28:43,668 INFO Setting params: {'C': 19306.977288832535, 'kernel_params': [{'name': 'propagation', 'with_attributes': True, 't_max': 10}], 'normalize': True}
2026-01-12 17:28:43,668 INFO Params set successfully. GK created: True
2026-01-12 17:28:43,671 INFO Setting params: {'C': 19306.977288832535, 'kernel_params': [{'name': 'propagation', 'with_attributes': True, 't_max': 15}], 'normalize': True}
2026-01-12 17:28:43,671 INFO Params set successfully. GK created: True
2026-01-12 17:28:43,673 INFO Setting params: {'C': 19306.977288832535, 'kernel_params': [{'name': 'propagation', 'with_attributes': True, 't_max': 20}], 'normalize': True}
2026-01-12 17:28:43,673 INFO Params set successfully. GK created: True
2026-01-12 17:28:43,675 INFO Setting params: {'C': 100000.0, 'kernel_params': [{'name': 'propagation', 'with_attributes': True, 't_max': 1}], 'normalize': True}
2026-01-12 17:28:43,675 INFO Params set successfully. GK created: True
2026-01-12 17:28:43,679 INFO Setting params: {'C': 100000.0, 'kernel_params': [{'name': 'propagation', 'with_attributes': True, 't_max': 3}], 'normalize': True}
2026-01-12 17:28:43,679 INFO Params set successfully. GK created: True
2026-01-12 17:28:43,682 INFO Setting params: {'C': 100000.0, 'kernel_params': [{'name': 'propagation', 'with_attributes': True, 't_max': 5}], 'normalize': True}
2026-01-12 17:28:43,682 INFO Params set successfully. GK created: True
2026-01-12 17:28:43,684 INFO Setting params: {'C': 100000.0, 'kernel_params': [{'name': 'propagation', 'with_attributes': True, 't_max': 8}], 'normalize': True}
2026-01-12 17:28:43,684 INFO Params set successfully. GK created: True
2026-01-12 17:28:43,687 INFO Setting params: {'C': 100000.0, 'kernel_params': [{'name': 'propagation', 'with_attributes': True, 't_max': 10}], 'normalize': True}
2026-01-12 17:28:43,687 INFO Params set successfully. GK created: True
2026-01-12 17:28:43,690 INFO Setting params: {'C': 100000.0, 'kernel_params': [{'name': 'propagation', 'with_attributes': True, 't_max': 15}], 'normalize': True}
2026-01-12 17:28:43,690 INFO Params set successfully. GK created: True
2026-01-12 17:28:43,692 INFO Setting params: {'C': 100000.0, 'kernel_params': [{'name': 'propagation', 'with_attributes': True, 't_max': 20}], 'normalize': True}
2026-01-12 17:28:43,692 INFO Params set successfully. GK created: True
2026-01-12 17:28:43,694 INFO Setting params: {'C': 1e-05, 'kernel_params': [{'name': 'propagation', 'with_attributes': True, 't_max': 1}], 'normalize': True}
2026-01-12 17:28:43,694 INFO Params set successfully. GK created: True
2026-01-12 17:28:43,696 INFO Setting params: {'C': 1e-05, 'kernel_params': [{'name': 'propagation', 'with_attributes': True, 't_max': 3}], 'normalize': True}
2026-01-12 17:28:43,696 INFO Params set successfully. GK created: True
2026-01-12 17:28:43,698 INFO Setting params: {'C': 1e-05, 'kernel_params': [{'name': 'propagation', 'with_attributes': True, 't_max': 5}], 'normalize': True}
2026-01-12 17:28:43,699 INFO Params set successfully. GK created: True
2026-01-12 17:28:43,700 INFO Setting params: {'C': 1e-05, 'kernel_params': [{'name': 'propagation', 'with_attributes': True, 't_max': 8}], 'normalize': True}
2026-01-12 17:28:43,701 INFO Params set successfully. GK created: True
2026-01-12 17:28:43,702 INFO Setting params: {'C': 1e-05, 'kernel_params': [{'name': 'propagation', 'with_attributes': True, 't_max': 10}], 'normalize': True}
2026-01-12 17:28:43,703 INFO Params set successfully. GK created: True
2026-01-12 17:28:43,704 INFO Setting params: {'C': 1e-05, 'kernel_params': [{'name': 'propagation', 'with_attributes': True, 't_max': 15}], 'normalize': True}
2026-01-12 17:28:43,705 INFO Params set successfully. GK created: True
2026-01-12 17:28:43,707 INFO Setting params: {'C': 1e-05, 'kernel_params': [{'name': 'propagation', 'with_attributes': True, 't_max': 20}], 'normalize': True}
2026-01-12 17:28:43,707 INFO Params set successfully. GK created: True
2026-01-12 17:28:43,709 INFO Setting params: {'C': 5.1794746792312125e-05, 'kernel_params': [{'name': 'propagation', 'with_attributes': True, 't_max': 1}], 'normalize': True}
2026-01-12 17:28:43,709 INFO Params set successfully. GK created: True
2026-01-12 17:28:43,710 INFO Setting params: {'C': 5.1794746792312125e-05, 'kernel_params': [{'name': 'propagation', 'with_attributes': True, 't_max': 3}], 'normalize': True}
2026-01-12 17:28:43,711 INFO Params set successfully. GK created: True
2026-01-12 17:28:43,713 INFO Setting params: {'C': 5.1794746792312125e-05, 'kernel_params': [{'name': 'propagation', 'with_attributes': True, 't_max': 5}], 'normalize': True}
2026-01-12 17:28:43,713 INFO Params set successfully. GK created: True
2026-01-12 17:28:43,715 INFO Setting params: {'C': 5.1794746792312125e-05, 'kernel_params': [{'name': 'propagation', 'with_attributes': True, 't_max': 8}], 'normalize': True}
2026-01-12 17:28:43,715 INFO Params set successfully. GK created: True
2026-01-12 17:28:43,717 INFO Setting params: {'C': 5.1794746792312125e-05, 'kernel_params': [{'name': 'propagation', 'with_attributes': True, 't_max': 10}], 'normalize': True}
2026-01-12 17:28:43,717 INFO Params set successfully. GK created: True
2026-01-12 17:28:43,719 INFO Setting params: {'C': 5.1794746792312125e-05, 'kernel_params': [{'name': 'propagation', 'with_attributes': True, 't_max': 15}], 'normalize': True}
2026-01-12 17:28:43,719 INFO Params set successfully. GK created: True
2026-01-12 17:28:43,721 INFO Setting params: {'C': 5.1794746792312125e-05, 'kernel_params': [{'name': 'propagation', 'with_attributes': True, 't_max': 20}], 'normalize': True}
2026-01-12 17:28:43,721 INFO Params set successfully. GK created: True
2026-01-12 17:28:43,723 INFO Setting params: {'C': 0.0002682695795279727, 'kernel_params': [{'name': 'propagation', 'with_attributes': True, 't_max': 1}], 'normalize': True}
2026-01-12 17:28:43,723 INFO Params set successfully. GK created: True
2026-01-12 17:28:43,725 INFO Setting params: {'C': 0.0002682695795279727, 'kernel_params': [{'name': 'propagation', 'with_attributes': True, 't_max': 3}], 'normalize': True}
2026-01-12 17:28:43,725 INFO Params set successfully. GK created: True
2026-01-12 17:28:43,727 INFO Setting params: {'C': 0.0002682695795279727, 'kernel_params': [{'name': 'propagation', 'with_attributes': True, 't_max': 5}], 'normalize': True}
2026-01-12 17:28:43,727 INFO Params set successfully. GK created: True
2026-01-12 17:28:43,729 INFO Setting params: {'C': 0.0002682695795279727, 'kernel_params': [{'name': 'propagation', 'with_attributes': True, 't_max': 8}], 'normalize': True}
2026-01-12 17:28:43,729 INFO Params set successfully. GK created: True
2026-01-12 17:28:43,731 INFO Setting params: {'C': 0.0002682695795279727, 'kernel_params': [{'name': 'propagation', 'with_attributes': True, 't_max': 10}], 'normalize': True}
2026-01-12 17:28:43,731 INFO Params set successfully. GK created: True
2026-01-12 17:28:43,733 INFO Setting params: {'C': 0.0002682695795279727, 'kernel_params': [{'name': 'propagation', 'with_attributes': True, 't_max': 15}], 'normalize': True}
2026-01-12 17:28:43,733 INFO Params set successfully. GK created: True
2026-01-12 17:28:43,735 INFO Setting params: {'C': 0.0002682695795279727, 'kernel_params': [{'name': 'propagation', 'with_attributes': True, 't_max': 20}], 'normalize': True}
2026-01-12 17:28:43,735 INFO Params set successfully. GK created: True
2026-01-12 17:28:43,737 INFO Setting params: {'C': 0.0013894954943731374, 'kernel_params': [{'name': 'propagation', 'with_attributes': True, 't_max': 1}], 'normalize': True}
2026-01-12 17:28:43,737 INFO Params set successfully. GK created: True
2026-01-12 17:28:43,739 INFO Setting params: {'C': 0.0013894954943731374, 'kernel_params': [{'name': 'propagation', 'with_attributes': True, 't_max': 3}], 'normalize': True}
2026-01-12 17:28:43,739 INFO Params set successfully. GK created: True
2026-01-12 17:28:43,741 INFO Setting params: {'C': 0.0013894954943731374, 'kernel_params': [{'name': 'propagation', 'with_attributes': True, 't_max': 5}], 'normalize': True}
2026-01-12 17:28:43,741 INFO Params set successfully. GK created: True
2026-01-12 17:28:43,743 INFO Setting params: {'C': 0.0013894954943731374, 'kernel_params': [{'name': 'propagation', 'with_attributes': True, 't_max': 8}], 'normalize': True}
2026-01-12 17:28:43,743 INFO Params set successfully. GK created: True
2026-01-12 17:28:43,745 INFO Setting params: {'C': 0.0013894954943731374, 'kernel_params': [{'name': 'propagation', 'with_attributes': True, 't_max': 10}], 'normalize': True}
2026-01-12 17:28:43,745 INFO Params set successfully. GK created: True
2026-01-12 17:28:43,747 INFO Setting params: {'C': 0.0013894954943731374, 'kernel_params': [{'name': 'propagation', 'with_attributes': True, 't_max': 15}], 'normalize': True}
2026-01-12 17:28:43,747 INFO Params set successfully. GK created: True
2026-01-12 17:28:43,749 INFO Setting params: {'C': 0.0013894954943731374, 'kernel_params': [{'name': 'propagation', 'with_attributes': True, 't_max': 20}], 'normalize': True}
2026-01-12 17:28:43,749 INFO Params set successfully. GK created: True
2026-01-12 17:28:43,751 INFO Setting params: {'C': 0.0071968567300115215, 'kernel_params': [{'name': 'propagation', 'with_attributes': True, 't_max': 1}], 'normalize': True}
2026-01-12 17:28:43,751 INFO Params set successfully. GK created: True
2026-01-12 17:28:43,753 INFO Setting params: {'C': 0.0071968567300115215, 'kernel_params': [{'name': 'propagation', 'with_attributes': True, 't_max': 3}], 'normalize': True}
2026-01-12 17:28:43,753 INFO Params set successfully. GK created: True
2026-01-12 17:28:43,755 INFO Setting params: {'C': 0.0071968567300115215, 'kernel_params': [{'name': 'propagation', 'with_attributes': True, 't_max': 5}], 'normalize': True}
2026-01-12 17:28:43,755 INFO Params set successfully. GK created: True
2026-01-12 17:28:43,757 INFO Setting params: {'C': 0.0071968567300115215, 'kernel_params': [{'name': 'propagation', 'with_attributes': True, 't_max': 8}], 'normalize': True}
2026-01-12 17:28:43,757 INFO Params set successfully. GK created: True
2026-01-12 17:28:43,759 INFO Setting params: {'C': 0.0071968567300115215, 'kernel_params': [{'name': 'propagation', 'with_attributes': True, 't_max': 10}], 'normalize': True}
2026-01-12 17:28:43,759 INFO Params set successfully. GK created: True
2026-01-12 17:28:43,761 INFO Setting params: {'C': 0.0071968567300115215, 'kernel_params': [{'name': 'propagation', 'with_attributes': True, 't_max': 15}], 'normalize': True}
2026-01-12 17:28:43,761 INFO Params set successfully. GK created: True
2026-01-12 17:28:43,763 INFO Setting params: {'C': 0.0071968567300115215, 'kernel_params': [{'name': 'propagation', 'with_attributes': True, 't_max': 20}], 'normalize': True}
2026-01-12 17:28:43,764 INFO Params set successfully. GK created: True
2026-01-12 17:28:43,765 INFO Setting params: {'C': 0.037275937203149416, 'kernel_params': [{'name': 'propagation', 'with_attributes': True, 't_max': 1}], 'normalize': True}
2026-01-12 17:28:43,765 INFO Params set successfully. GK created: True
2026-01-12 17:28:43,768 INFO Setting params: {'C': 0.037275937203149416, 'kernel_params': [{'name': 'propagation', 'with_attributes': True, 't_max': 3}], 'normalize': True}
2026-01-12 17:28:43,768 INFO Params set successfully. GK created: True
2026-01-12 17:28:43,770 INFO Setting params: {'C': 0.037275937203149416, 'kernel_params': [{'name': 'propagation', 'with_attributes': True, 't_max': 5}], 'normalize': True}
2026-01-12 17:28:43,770 INFO Params set successfully. GK created: True
2026-01-12 17:28:43,772 INFO Setting params: {'C': 0.037275937203149416, 'kernel_params': [{'name': 'propagation', 'with_attributes': True, 't_max': 8}], 'normalize': True}
2026-01-12 17:28:43,772 INFO Params set successfully. GK created: True
2026-01-12 17:28:43,774 INFO Setting params: {'C': 0.037275937203149416, 'kernel_params': [{'name': 'propagation', 'with_attributes': True, 't_max': 10}], 'normalize': True}
2026-01-12 17:28:43,774 INFO Params set successfully. GK created: True
2026-01-12 17:28:43,776 INFO Setting params: {'C': 0.037275937203149416, 'kernel_params': [{'name': 'propagation', 'with_attributes': True, 't_max': 15}], 'normalize': True}
2026-01-12 17:28:43,776 INFO Params set successfully. GK created: True
2026-01-12 17:28:43,778 INFO Setting params: {'C': 0.037275937203149416, 'kernel_params': [{'name': 'propagation', 'with_attributes': True, 't_max': 20}], 'normalize': True}
2026-01-12 17:28:43,778 INFO Params set successfully. GK created: True
2026-01-12 17:28:43,780 INFO Setting params: {'C': 0.19306977288832497, 'kernel_params': [{'name': 'propagation', 'with_attributes': True, 't_max': 1}], 'normalize': True}
2026-01-12 17:28:43,780 INFO Params set successfully. GK created: True
2026-01-12 17:28:43,783 INFO Setting params: {'C': 0.19306977288832497, 'kernel_params': [{'name': 'propagation', 'with_attributes': True, 't_max': 3}], 'normalize': True}
2026-01-12 17:28:43,783 INFO Params set successfully. GK created: True
2026-01-12 17:28:43,785 INFO Setting params: {'C': 0.19306977288832497, 'kernel_params': [{'name': 'propagation', 'with_attributes': True, 't_max': 5}], 'normalize': True}
2026-01-12 17:28:43,785 INFO Params set successfully. GK created: True
2026-01-12 17:28:43,787 INFO Setting params: {'C': 0.19306977288832497, 'kernel_params': [{'name': 'propagation', 'with_attributes': True, 't_max': 8}], 'normalize': True}
2026-01-12 17:28:43,788 INFO Params set successfully. GK created: True
2026-01-12 17:28:43,790 INFO Setting params: {'C': 0.19306977288832497, 'kernel_params': [{'name': 'propagation', 'with_attributes': True, 't_max': 10}], 'normalize': True}
2026-01-12 17:28:43,790 INFO Params set successfully. GK created: True
2026-01-12 17:28:43,792 INFO Setting params: {'C': 0.19306977288832497, 'kernel_params': [{'name': 'propagation', 'with_attributes': True, 't_max': 15}], 'normalize': True}
2026-01-12 17:28:43,792 INFO Params set successfully. GK created: True
2026-01-12 17:28:43,794 INFO Setting params: {'C': 0.19306977288832497, 'kernel_params': [{'name': 'propagation', 'with_attributes': True, 't_max': 20}], 'normalize': True}
2026-01-12 17:28:43,794 INFO Params set successfully. GK created: True
2026-01-12 17:28:43,796 INFO Setting params: {'C': 1.0, 'kernel_params': [{'name': 'propagation', 'with_attributes': True, 't_max': 1}], 'normalize': True}
2026-01-12 17:28:43,796 INFO Params set successfully. GK created: True
2026-01-12 17:28:43,799 INFO Setting params: {'C': 1.0, 'kernel_params': [{'name': 'propagation', 'with_attributes': True, 't_max': 3}], 'normalize': True}
2026-01-12 17:28:43,799 INFO Params set successfully. GK created: True
2026-01-12 17:28:43,801 INFO Setting params: {'C': 1.0, 'kernel_params': [{'name': 'propagation', 'with_attributes': True, 't_max': 5}], 'normalize': True}
2026-01-12 17:28:43,801 INFO Params set successfully. GK created: True
2026-01-12 17:28:43,804 INFO Setting params: {'C': 1.0, 'kernel_params': [{'name': 'propagation', 'with_attributes': True, 't_max': 8}], 'normalize': True}
2026-01-12 17:28:43,804 INFO Params set successfully. GK created: True
2026-01-12 17:28:43,806 INFO Setting params: {'C': 1.0, 'kernel_params': [{'name': 'propagation', 'with_attributes': True, 't_max': 10}], 'normalize': True}
2026-01-12 17:28:43,806 INFO Params set successfully. GK created: True
2026-01-12 17:28:43,808 INFO Setting params: {'C': 1.0, 'kernel_params': [{'name': 'propagation', 'with_attributes': True, 't_max': 15}], 'normalize': True}
2026-01-12 17:28:43,808 INFO Params set successfully. GK created: True
2026-01-12 17:28:43,810 INFO Setting params: {'C': 1.0, 'kernel_params': [{'name': 'propagation', 'with_attributes': True, 't_max': 20}], 'normalize': True}
2026-01-12 17:28:43,810 INFO Params set successfully. GK created: True
2026-01-12 17:28:43,812 INFO Setting params: {'C': 5.1794746792312125, 'kernel_params': [{'name': 'propagation', 'with_attributes': True, 't_max': 1}], 'normalize': True}
2026-01-12 17:28:43,812 INFO Params set successfully. GK created: True
2026-01-12 17:28:43,816 INFO Setting params: {'C': 5.1794746792312125, 'kernel_params': [{'name': 'propagation', 'with_attributes': True, 't_max': 3}], 'normalize': True}
2026-01-12 17:28:43,816 INFO Params set successfully. GK created: True
2026-01-12 17:28:43,818 INFO Setting params: {'C': 5.1794746792312125, 'kernel_params': [{'name': 'propagation', 'with_attributes': True, 't_max': 5}], 'normalize': True}
2026-01-12 17:28:43,818 INFO Params set successfully. GK created: True
2026-01-12 17:28:43,820 INFO Setting params: {'C': 5.1794746792312125, 'kernel_params': [{'name': 'propagation', 'with_attributes': True, 't_max': 8}], 'normalize': True}
2026-01-12 17:28:43,820 INFO Params set successfully. GK created: True
2026-01-12 17:28:43,822 INFO Setting params: {'C': 5.1794746792312125, 'kernel_params': [{'name': 'propagation', 'with_attributes': True, 't_max': 10}], 'normalize': True}
2026-01-12 17:28:43,822 INFO Params set successfully. GK created: True
2026-01-12 17:28:43,825 INFO Setting params: {'C': 5.1794746792312125, 'kernel_params': [{'name': 'propagation', 'with_attributes': True, 't_max': 15}], 'normalize': True}
2026-01-12 17:28:43,825 INFO Params set successfully. GK created: True
2026-01-12 17:28:43,827 INFO Setting params: {'C': 5.1794746792312125, 'kernel_params': [{'name': 'propagation', 'with_attributes': True, 't_max': 20}], 'normalize': True}
2026-01-12 17:28:43,827 INFO Params set successfully. GK created: True
2026-01-12 17:28:43,829 INFO Setting params: {'C': 26.826957952797272, 'kernel_params': [{'name': 'propagation', 'with_attributes': True, 't_max': 1}], 'normalize': True}
2026-01-12 17:28:43,829 INFO Params set successfully. GK created: True
2026-01-12 17:28:43,833 INFO Setting params: {'C': 26.826957952797272, 'kernel_params': [{'name': 'propagation', 'with_attributes': True, 't_max': 3}], 'normalize': True}
2026-01-12 17:28:43,833 INFO Params set successfully. GK created: True
2026-01-12 17:28:43,835 INFO Setting params: {'C': 26.826957952797272, 'kernel_params': [{'name': 'propagation', 'with_attributes': True, 't_max': 5}], 'normalize': True}
2026-01-12 17:28:43,835 INFO Params set successfully. GK created: True
2026-01-12 17:28:43,837 INFO Setting params: {'C': 26.826957952797272, 'kernel_params': [{'name': 'propagation', 'with_attributes': True, 't_max': 8}], 'normalize': True}
2026-01-12 17:28:43,837 INFO Params set successfully. GK created: True
2026-01-12 17:28:43,839 INFO Setting params: {'C': 26.826957952797272, 'kernel_params': [{'name': 'propagation', 'with_attributes': True, 't_max': 10}], 'normalize': True}
2026-01-12 17:28:43,840 INFO Params set successfully. GK created: True
2026-01-12 17:28:43,842 INFO Setting params: {'C': 26.826957952797272, 'kernel_params': [{'name': 'propagation', 'with_attributes': True, 't_max': 15}], 'normalize': True}
2026-01-12 17:28:43,842 INFO Params set successfully. GK created: True
2026-01-12 17:28:43,844 INFO Setting params: {'C': 26.826957952797272, 'kernel_params': [{'name': 'propagation', 'with_attributes': True, 't_max': 20}], 'normalize': True}
2026-01-12 17:28:43,844 INFO Params set successfully. GK created: True
2026-01-12 17:28:43,846 INFO Setting params: {'C': 138.9495494373139, 'kernel_params': [{'name': 'propagation', 'with_attributes': True, 't_max': 1}], 'normalize': True}
2026-01-12 17:28:43,846 INFO Params set successfully. GK created: True
2026-01-12 17:28:43,850 INFO Setting params: {'C': 138.9495494373139, 'kernel_params': [{'name': 'propagation', 'with_attributes': True, 't_max': 3}], 'normalize': True}
2026-01-12 17:28:43,850 INFO Params set successfully. GK created: True
2026-01-12 17:28:43,852 INFO Setting params: {'C': 138.9495494373139, 'kernel_params': [{'name': 'propagation', 'with_attributes': True, 't_max': 5}], 'normalize': True}
2026-01-12 17:28:43,852 INFO Params set successfully. GK created: True
2026-01-12 17:28:43,855 INFO Setting params: {'C': 138.9495494373139, 'kernel_params': [{'name': 'propagation', 'with_attributes': True, 't_max': 8}], 'normalize': True}
2026-01-12 17:28:43,855 INFO Params set successfully. GK created: True
2026-01-12 17:28:43,858 INFO Setting params: {'C': 138.9495494373139, 'kernel_params': [{'name': 'propagation', 'with_attributes': True, 't_max': 10}], 'normalize': True}
2026-01-12 17:28:43,858 INFO Params set successfully. GK created: True
2026-01-12 17:28:43,860 INFO Setting params: {'C': 138.9495494373139, 'kernel_params': [{'name': 'propagation', 'with_attributes': True, 't_max': 15}], 'normalize': True}
2026-01-12 17:28:43,860 INFO Params set successfully. GK created: True
2026-01-12 17:28:43,862 INFO Setting params: {'C': 138.9495494373139, 'kernel_params': [{'name': 'propagation', 'with_attributes': True, 't_max': 20}], 'normalize': True}
2026-01-12 17:28:43,862 INFO Params set successfully. GK created: True
2026-01-12 17:28:43,864 INFO Setting params: {'C': 719.6856730011528, 'kernel_params': [{'name': 'propagation', 'with_attributes': True, 't_max': 1}], 'normalize': True}
2026-01-12 17:28:43,864 INFO Params set successfully. GK created: True
2026-01-12 17:28:43,868 INFO Setting params: {'C': 719.6856730011528, 'kernel_params': [{'name': 'propagation', 'with_attributes': True, 't_max': 3}], 'normalize': True}
2026-01-12 17:28:43,868 INFO Params set successfully. GK created: True
2026-01-12 17:28:43,871 INFO Setting params: {'C': 719.6856730011528, 'kernel_params': [{'name': 'propagation', 'with_attributes': True, 't_max': 5}], 'normalize': True}
2026-01-12 17:28:43,871 INFO Params set successfully. GK created: True
2026-01-12 17:28:43,873 INFO Setting params: {'C': 719.6856730011528, 'kernel_params': [{'name': 'propagation', 'with_attributes': True, 't_max': 8}], 'normalize': True}
2026-01-12 17:28:43,873 INFO Params set successfully. GK created: True
2026-01-12 17:28:43,876 INFO Setting params: {'C': 719.6856730011528, 'kernel_params': [{'name': 'propagation', 'with_attributes': True, 't_max': 10}], 'normalize': True}
2026-01-12 17:28:43,876 INFO Params set successfully. GK created: True
2026-01-12 17:28:43,879 INFO Setting params: {'C': 719.6856730011528, 'kernel_params': [{'name': 'propagation', 'with_attributes': True, 't_max': 15}], 'normalize': True}
2026-01-12 17:28:43,879 INFO Params set successfully. GK created: True
2026-01-12 17:28:43,881 INFO Setting params: {'C': 719.6856730011528, 'kernel_params': [{'name': 'propagation', 'with_attributes': True, 't_max': 20}], 'normalize': True}
2026-01-12 17:28:43,881 INFO Params set successfully. GK created: True
2026-01-12 17:28:43,883 INFO Setting params: {'C': 3727.593720314938, 'kernel_params': [{'name': 'propagation', 'with_attributes': True, 't_max': 1}], 'normalize': True}
2026-01-12 17:28:43,883 INFO Params set successfully. GK created: True
2026-01-12 17:28:43,887 INFO Setting params: {'C': 3727.593720314938, 'kernel_params': [{'name': 'propagation', 'with_attributes': True, 't_max': 3}], 'normalize': True}
2026-01-12 17:28:43,887 INFO Params set successfully. GK created: True
2026-01-12 17:28:43,890 INFO Setting params: {'C': 3727.593720314938, 'kernel_params': [{'name': 'propagation', 'with_attributes': True, 't_max': 5}], 'normalize': True}
2026-01-12 17:28:43,890 INFO Params set successfully. GK created: True
2026-01-12 17:28:43,892 INFO Setting params: {'C': 3727.593720314938, 'kernel_params': [{'name': 'propagation', 'with_attributes': True, 't_max': 8}], 'normalize': True}
2026-01-12 17:28:43,892 INFO Params set successfully. GK created: True
2026-01-12 17:28:43,895 INFO Setting params: {'C': 3727.593720314938, 'kernel_params': [{'name': 'propagation', 'with_attributes': True, 't_max': 10}], 'normalize': True}
2026-01-12 17:28:43,895 INFO Params set successfully. GK created: True
2026-01-12 17:28:43,898 INFO Setting params: {'C': 3727.593720314938, 'kernel_params': [{'name': 'propagation', 'with_attributes': True, 't_max': 15}], 'normalize': True}
2026-01-12 17:28:43,898 INFO Params set successfully. GK created: True
2026-01-12 17:28:43,900 INFO Setting params: {'C': 3727.593720314938, 'kernel_params': [{'name': 'propagation', 'with_attributes': True, 't_max': 20}], 'normalize': True}
2026-01-12 17:28:43,900 INFO Params set successfully. GK created: True
2026-01-12 17:28:43,902 INFO Setting params: {'C': 19306.977288832535, 'kernel_params': [{'name': 'propagation', 'with_attributes': True, 't_max': 1}], 'normalize': True}
2026-01-12 17:28:43,902 INFO Params set successfully. GK created: True
2026-01-12 17:28:43,906 INFO Setting params: {'C': 19306.977288832535, 'kernel_params': [{'name': 'propagation', 'with_attributes': True, 't_max': 3}], 'normalize': True}
2026-01-12 17:28:43,906 INFO Params set successfully. GK created: True
2026-01-12 17:28:43,909 INFO Setting params: {'C': 19306.977288832535, 'kernel_params': [{'name': 'propagation', 'with_attributes': True, 't_max': 5}], 'normalize': True}
2026-01-12 17:28:43,909 INFO Params set successfully. GK created: True
2026-01-12 17:28:43,911 INFO Setting params: {'C': 19306.977288832535, 'kernel_params': [{'name': 'propagation', 'with_attributes': True, 't_max': 8}], 'normalize': True}
2026-01-12 17:28:43,911 INFO Params set successfully. GK created: True
2026-01-12 17:28:43,914 INFO Setting params: {'C': 19306.977288832535, 'kernel_params': [{'name': 'propagation', 'with_attributes': True, 't_max': 10}], 'normalize': True}
2026-01-12 17:28:43,914 INFO Params set successfully. GK created: True
2026-01-12 17:28:43,917 INFO Setting params: {'C': 19306.977288832535, 'kernel_params': [{'name': 'propagation', 'with_attributes': True, 't_max': 15}], 'normalize': True}
2026-01-12 17:28:43,917 INFO Params set successfully. GK created: True
2026-01-12 17:28:43,919 INFO Setting params: {'C': 19306.977288832535, 'kernel_params': [{'name': 'propagation', 'with_attributes': True, 't_max': 20}], 'normalize': True}
2026-01-12 17:28:43,919 INFO Params set successfully. GK created: True
2026-01-12 17:28:43,921 INFO Setting params: {'C': 100000.0, 'kernel_params': [{'name': 'propagation', 'with_attributes': True, 't_max': 1}], 'normalize': True}
2026-01-12 17:28:43,921 INFO Params set successfully. GK created: True
2026-01-12 17:28:43,925 INFO Setting params: {'C': 100000.0, 'kernel_params': [{'name': 'propagation', 'with_attributes': True, 't_max': 3}], 'normalize': True}
2026-01-12 17:28:43,925 INFO Params set successfully. GK created: True
2026-01-12 17:28:43,928 INFO Setting params: {'C': 100000.0, 'kernel_params': [{'name': 'propagation', 'with_attributes': True, 't_max': 5}], 'normalize': True}
2026-01-12 17:28:43,928 INFO Params set successfully. GK created: True
2026-01-12 17:28:43,930 INFO Setting params: {'C': 100000.0, 'kernel_params': [{'name': 'propagation', 'with_attributes': True, 't_max': 8}], 'normalize': True}
2026-01-12 17:28:43,930 INFO Params set successfully. GK created: True
2026-01-12 17:28:43,933 INFO Setting params: {'C': 100000.0, 'kernel_params': [{'name': 'propagation', 'with_attributes': True, 't_max': 10}], 'normalize': True}
2026-01-12 17:28:43,933 INFO Params set successfully. GK created: True
2026-01-12 17:28:43,936 INFO Setting params: {'C': 100000.0, 'kernel_params': [{'name': 'propagation', 'with_attributes': True, 't_max': 15}], 'normalize': True}
2026-01-12 17:28:43,936 INFO Params set successfully. GK created: True
2026-01-12 17:28:43,938 INFO Setting params: {'C': 100000.0, 'kernel_params': [{'name': 'propagation', 'with_attributes': True, 't_max': 20}], 'normalize': True}
2026-01-12 17:28:43,938 INFO Params set successfully. GK created: True
2026-01-12 17:28:43,941 INFO Setting params: {'C': 1e-05, 'kernel_params': [{'name': 'propagation', 'with_attributes': True, 't_max': 1}], 'normalize': True}
2026-01-12 17:28:43,941 INFO Params set successfully. GK created: True
2026-01-12 17:28:43,943 INFO Setting params: {'C': 1e-05, 'kernel_params': [{'name': 'propagation', 'with_attributes': True, 't_max': 3}], 'normalize': True}
2026-01-12 17:28:43,943 INFO Params set successfully. GK created: True
2026-01-12 17:28:43,945 INFO Setting params: {'C': 1e-05, 'kernel_params': [{'name': 'propagation', 'with_attributes': True, 't_max': 5}], 'normalize': True}
2026-01-12 17:28:43,945 INFO Params set successfully. GK created: True
2026-01-12 17:28:43,947 INFO Setting params: {'C': 1e-05, 'kernel_params': [{'name': 'propagation', 'with_attributes': True, 't_max': 8}], 'normalize': True}
2026-01-12 17:28:43,947 INFO Params set successfully. GK created: True
2026-01-12 17:28:43,949 INFO Setting params: {'C': 1e-05, 'kernel_params': [{'name': 'propagation', 'with_attributes': True, 't_max': 10}], 'normalize': True}
2026-01-12 17:28:43,949 INFO Params set successfully. GK created: True
2026-01-12 17:28:43,951 INFO Setting params: {'C': 1e-05, 'kernel_params': [{'name': 'propagation', 'with_attributes': True, 't_max': 15}], 'normalize': True}
2026-01-12 17:28:43,951 INFO Params set successfully. GK created: True
2026-01-12 17:28:43,953 INFO Setting params: {'C': 1e-05, 'kernel_params': [{'name': 'propagation', 'with_attributes': True, 't_max': 20}], 'normalize': True}
2026-01-12 17:28:43,953 INFO Params set successfully. GK created: True
2026-01-12 17:28:43,955 INFO Setting params: {'C': 5.1794746792312125e-05, 'kernel_params': [{'name': 'propagation', 'with_attributes': True, 't_max': 1}], 'normalize': True}
2026-01-12 17:28:43,955 INFO Params set successfully. GK created: True
2026-01-12 17:28:43,957 INFO Setting params: {'C': 5.1794746792312125e-05, 'kernel_params': [{'name': 'propagation', 'with_attributes': True, 't_max': 3}], 'normalize': True}
2026-01-12 17:28:43,957 INFO Params set successfully. GK created: True
2026-01-12 17:28:43,959 INFO Setting params: {'C': 5.1794746792312125e-05, 'kernel_params': [{'name': 'propagation', 'with_attributes': True, 't_max': 5}], 'normalize': True}
2026-01-12 17:28:43,959 INFO Params set successfully. GK created: True
2026-01-12 17:28:43,961 INFO Setting params: {'C': 5.1794746792312125e-05, 'kernel_params': [{'name': 'propagation', 'with_attributes': True, 't_max': 8}], 'normalize': True}
2026-01-12 17:28:43,961 INFO Params set successfully. GK created: True
2026-01-12 17:28:43,963 INFO Setting params: {'C': 5.1794746792312125e-05, 'kernel_params': [{'name': 'propagation', 'with_attributes': True, 't_max': 10}], 'normalize': True}
2026-01-12 17:28:43,963 INFO Params set successfully. GK created: True
2026-01-12 17:28:43,965 INFO Setting params: {'C': 5.1794746792312125e-05, 'kernel_params': [{'name': 'propagation', 'with_attributes': True, 't_max': 15}], 'normalize': True}
2026-01-12 17:28:43,965 INFO Params set successfully. GK created: True
2026-01-12 17:28:43,967 INFO Setting params: {'C': 5.1794746792312125e-05, 'kernel_params': [{'name': 'propagation', 'with_attributes': True, 't_max': 20}], 'normalize': True}
2026-01-12 17:28:43,967 INFO Params set successfully. GK created: True
2026-01-12 17:28:43,969 INFO Setting params: {'C': 0.0002682695795279727, 'kernel_params': [{'name': 'propagation', 'with_attributes': True, 't_max': 1}], 'normalize': True}
2026-01-12 17:28:43,969 INFO Params set successfully. GK created: True
2026-01-12 17:28:43,971 INFO Setting params: {'C': 0.0002682695795279727, 'kernel_params': [{'name': 'propagation', 'with_attributes': True, 't_max': 3}], 'normalize': True}
2026-01-12 17:28:43,971 INFO Params set successfully. GK created: True
2026-01-12 17:28:43,973 INFO Setting params: {'C': 0.0002682695795279727, 'kernel_params': [{'name': 'propagation', 'with_attributes': True, 't_max': 5}], 'normalize': True}
2026-01-12 17:28:43,973 INFO Params set successfully. GK created: True
2026-01-12 17:28:43,975 INFO Setting params: {'C': 0.0002682695795279727, 'kernel_params': [{'name': 'propagation', 'with_attributes': True, 't_max': 8}], 'normalize': True}
2026-01-12 17:28:43,975 INFO Params set successfully. GK created: True
2026-01-12 17:28:43,977 INFO Setting params: {'C': 0.0002682695795279727, 'kernel_params': [{'name': 'propagation', 'with_attributes': True, 't_max': 10}], 'normalize': True}
2026-01-12 17:28:43,977 INFO Params set successfully. GK created: True
2026-01-12 17:28:43,979 INFO Setting params: {'C': 0.0002682695795279727, 'kernel_params': [{'name': 'propagation', 'with_attributes': True, 't_max': 15}], 'normalize': True}
2026-01-12 17:28:43,979 INFO Params set successfully. GK created: True
2026-01-12 17:28:43,981 INFO Setting params: {'C': 0.0002682695795279727, 'kernel_params': [{'name': 'propagation', 'with_attributes': True, 't_max': 20}], 'normalize': True}
2026-01-12 17:28:43,981 INFO Params set successfully. GK created: True
2026-01-12 17:28:43,983 INFO Setting params: {'C': 0.0013894954943731374, 'kernel_params': [{'name': 'propagation', 'with_attributes': True, 't_max': 1}], 'normalize': True}
2026-01-12 17:28:43,983 INFO Params set successfully. GK created: True
2026-01-12 17:28:43,985 INFO Setting params: {'C': 0.0013894954943731374, 'kernel_params': [{'name': 'propagation', 'with_attributes': True, 't_max': 3}], 'normalize': True}
2026-01-12 17:28:43,985 INFO Params set successfully. GK created: True
2026-01-12 17:28:43,987 INFO Setting params: {'C': 0.0013894954943731374, 'kernel_params': [{'name': 'propagation', 'with_attributes': True, 't_max': 5}], 'normalize': True}
2026-01-12 17:28:43,987 INFO Params set successfully. GK created: True
2026-01-12 17:28:43,989 INFO Setting params: {'C': 0.0013894954943731374, 'kernel_params': [{'name': 'propagation', 'with_attributes': True, 't_max': 8}], 'normalize': True}
2026-01-12 17:28:43,989 INFO Params set successfully. GK created: True
2026-01-12 17:28:43,991 INFO Setting params: {'C': 0.0013894954943731374, 'kernel_params': [{'name': 'propagation', 'with_attributes': True, 't_max': 10}], 'normalize': True}
2026-01-12 17:28:43,991 INFO Params set successfully. GK created: True
2026-01-12 17:28:43,993 INFO Setting params: {'C': 0.0013894954943731374, 'kernel_params': [{'name': 'propagation', 'with_attributes': True, 't_max': 15}], 'normalize': True}
2026-01-12 17:28:43,993 INFO Params set successfully. GK created: True
2026-01-12 17:28:43,995 INFO Setting params: {'C': 0.0013894954943731374, 'kernel_params': [{'name': 'propagation', 'with_attributes': True, 't_max': 20}], 'normalize': True}
2026-01-12 17:28:43,995 INFO Params set successfully. GK created: True
2026-01-12 17:28:43,997 INFO Setting params: {'C': 0.0071968567300115215, 'kernel_params': [{'name': 'propagation', 'with_attributes': True, 't_max': 1}], 'normalize': True}
2026-01-12 17:28:43,997 INFO Params set successfully. GK created: True
2026-01-12 17:28:44,000 INFO Setting params: {'C': 0.0071968567300115215, 'kernel_params': [{'name': 'propagation', 'with_attributes': True, 't_max': 3}], 'normalize': True}
2026-01-12 17:28:44,000 INFO Params set successfully. GK created: True
2026-01-12 17:28:44,002 INFO Setting params: {'C': 0.0071968567300115215, 'kernel_params': [{'name': 'propagation', 'with_attributes': True, 't_max': 5}], 'normalize': True}
2026-01-12 17:28:44,002 INFO Params set successfully. GK created: True
2026-01-12 17:28:44,004 INFO Setting params: {'C': 0.0071968567300115215, 'kernel_params': [{'name': 'propagation', 'with_attributes': True, 't_max': 8}], 'normalize': True}
2026-01-12 17:28:44,004 INFO Params set successfully. GK created: True
2026-01-12 17:28:44,006 INFO Setting params: {'C': 0.0071968567300115215, 'kernel_params': [{'name': 'propagation', 'with_attributes': True, 't_max': 10}], 'normalize': True}
2026-01-12 17:28:44,006 INFO Params set successfully. GK created: True
2026-01-12 17:28:44,008 INFO Setting params: {'C': 0.0071968567300115215, 'kernel_params': [{'name': 'propagation', 'with_attributes': True, 't_max': 15}], 'normalize': True}
2026-01-12 17:28:44,008 INFO Params set successfully. GK created: True
2026-01-12 17:28:44,010 INFO Setting params: {'C': 0.0071968567300115215, 'kernel_params': [{'name': 'propagation', 'with_attributes': True, 't_max': 20}], 'normalize': True}
2026-01-12 17:28:44,010 INFO Params set successfully. GK created: True
2026-01-12 17:28:44,012 INFO Setting params: {'C': 0.037275937203149416, 'kernel_params': [{'name': 'propagation', 'with_attributes': True, 't_max': 1}], 'normalize': True}
2026-01-12 17:28:44,012 INFO Params set successfully. GK created: True
2026-01-12 17:28:44,014 INFO Setting params: {'C': 0.037275937203149416, 'kernel_params': [{'name': 'propagation', 'with_attributes': True, 't_max': 3}], 'normalize': True}
2026-01-12 17:28:44,014 INFO Params set successfully. GK created: True
2026-01-12 17:28:44,017 INFO Setting params: {'C': 0.037275937203149416, 'kernel_params': [{'name': 'propagation', 'with_attributes': True, 't_max': 5}], 'normalize': True}
2026-01-12 17:28:44,017 INFO Params set successfully. GK created: True
2026-01-12 17:28:44,019 INFO Setting params: {'C': 0.037275937203149416, 'kernel_params': [{'name': 'propagation', 'with_attributes': True, 't_max': 8}], 'normalize': True}
2026-01-12 17:28:44,019 INFO Params set successfully. GK created: True
2026-01-12 17:28:44,021 INFO Setting params: {'C': 0.037275937203149416, 'kernel_params': [{'name': 'propagation', 'with_attributes': True, 't_max': 10}], 'normalize': True}
2026-01-12 17:28:44,021 INFO Params set successfully. GK created: True
2026-01-12 17:28:44,023 INFO Setting params: {'C': 0.037275937203149416, 'kernel_params': [{'name': 'propagation', 'with_attributes': True, 't_max': 15}], 'normalize': True}
2026-01-12 17:28:44,023 INFO Params set successfully. GK created: True
2026-01-12 17:28:44,025 INFO Setting params: {'C': 0.037275937203149416, 'kernel_params': [{'name': 'propagation', 'with_attributes': True, 't_max': 20}], 'normalize': True}
2026-01-12 17:28:44,025 INFO Params set successfully. GK created: True
2026-01-12 17:28:44,027 INFO Setting params: {'C': 0.19306977288832497, 'kernel_params': [{'name': 'propagation', 'with_attributes': True, 't_max': 1}], 'normalize': True}
2026-01-12 17:28:44,027 INFO Params set successfully. GK created: True
2026-01-12 17:28:44,030 INFO Setting params: {'C': 0.19306977288832497, 'kernel_params': [{'name': 'propagation', 'with_attributes': True, 't_max': 3}], 'normalize': True}
2026-01-12 17:28:44,030 INFO Params set successfully. GK created: True
2026-01-12 17:28:44,032 INFO Setting params: {'C': 0.19306977288832497, 'kernel_params': [{'name': 'propagation', 'with_attributes': True, 't_max': 5}], 'normalize': True}
2026-01-12 17:28:44,032 INFO Params set successfully. GK created: True
2026-01-12 17:28:44,034 INFO Setting params: {'C': 0.19306977288832497, 'kernel_params': [{'name': 'propagation', 'with_attributes': True, 't_max': 8}], 'normalize': True}
2026-01-12 17:28:44,034 INFO Params set successfully. GK created: True
2026-01-12 17:28:44,036 INFO Setting params: {'C': 0.19306977288832497, 'kernel_params': [{'name': 'propagation', 'with_attributes': True, 't_max': 10}], 'normalize': True}
2026-01-12 17:28:44,036 INFO Params set successfully. GK created: True
2026-01-12 17:28:44,038 INFO Setting params: {'C': 0.19306977288832497, 'kernel_params': [{'name': 'propagation', 'with_attributes': True, 't_max': 15}], 'normalize': True}
2026-01-12 17:28:44,038 INFO Params set successfully. GK created: True
2026-01-12 17:28:44,040 INFO Setting params: {'C': 0.19306977288832497, 'kernel_params': [{'name': 'propagation', 'with_attributes': True, 't_max': 20}], 'normalize': True}
2026-01-12 17:28:44,040 INFO Params set successfully. GK created: True
2026-01-12 17:28:44,042 INFO Setting params: {'C': 1.0, 'kernel_params': [{'name': 'propagation', 'with_attributes': True, 't_max': 1}], 'normalize': True}
2026-01-12 17:28:44,042 INFO Params set successfully. GK created: True
2026-01-12 17:28:44,046 INFO Setting params: {'C': 1.0, 'kernel_params': [{'name': 'propagation', 'with_attributes': True, 't_max': 3}], 'normalize': True}
2026-01-12 17:28:44,046 INFO Params set successfully. GK created: True
2026-01-12 17:28:44,048 INFO Setting params: {'C': 1.0, 'kernel_params': [{'name': 'propagation', 'with_attributes': True, 't_max': 5}], 'normalize': True}
2026-01-12 17:28:44,048 INFO Params set successfully. GK created: True
2026-01-12 17:28:44,050 INFO Setting params: {'C': 1.0, 'kernel_params': [{'name': 'propagation', 'with_attributes': True, 't_max': 8}], 'normalize': True}
2026-01-12 17:28:44,050 INFO Params set successfully. GK created: True
2026-01-12 17:28:44,052 INFO Setting params: {'C': 1.0, 'kernel_params': [{'name': 'propagation', 'with_attributes': True, 't_max': 10}], 'normalize': True}
2026-01-12 17:28:44,052 INFO Params set successfully. GK created: True
2026-01-12 17:28:44,055 INFO Setting params: {'C': 1.0, 'kernel_params': [{'name': 'propagation', 'with_attributes': True, 't_max': 15}], 'normalize': True}
2026-01-12 17:28:44,055 INFO Params set successfully. GK created: True
2026-01-12 17:28:44,057 INFO Setting params: {'C': 1.0, 'kernel_params': [{'name': 'propagation', 'with_attributes': True, 't_max': 20}], 'normalize': True}
2026-01-12 17:28:44,057 INFO Params set successfully. GK created: True
2026-01-12 17:28:44,059 INFO Setting params: {'C': 5.1794746792312125, 'kernel_params': [{'name': 'propagation', 'with_attributes': True, 't_max': 1}], 'normalize': True}
2026-01-12 17:28:44,059 INFO Params set successfully. GK created: True
2026-01-12 17:28:44,062 INFO Setting params: {'C': 5.1794746792312125, 'kernel_params': [{'name': 'propagation', 'with_attributes': True, 't_max': 3}], 'normalize': True}
2026-01-12 17:28:44,062 INFO Params set successfully. GK created: True
2026-01-12 17:28:44,065 INFO Setting params: {'C': 5.1794746792312125, 'kernel_params': [{'name': 'propagation', 'with_attributes': True, 't_max': 5}], 'normalize': True}
2026-01-12 17:28:44,065 INFO Params set successfully. GK created: True
2026-01-12 17:28:44,067 INFO Setting params: {'C': 5.1794746792312125, 'kernel_params': [{'name': 'propagation', 'with_attributes': True, 't_max': 8}], 'normalize': True}
2026-01-12 17:28:44,067 INFO Params set successfully. GK created: True
2026-01-12 17:28:44,069 INFO Setting params: {'C': 5.1794746792312125, 'kernel_params': [{'name': 'propagation', 'with_attributes': True, 't_max': 10}], 'normalize': True}
2026-01-12 17:28:44,069 INFO Params set successfully. GK created: True
2026-01-12 17:28:44,071 INFO Setting params: {'C': 5.1794746792312125, 'kernel_params': [{'name': 'propagation', 'with_attributes': True, 't_max': 15}], 'normalize': True}
2026-01-12 17:28:44,071 INFO Params set successfully. GK created: True
2026-01-12 17:28:44,073 INFO Setting params: {'C': 5.1794746792312125, 'kernel_params': [{'name': 'propagation', 'with_attributes': True, 't_max': 20}], 'normalize': True}
2026-01-12 17:28:44,073 INFO Params set successfully. GK created: True
2026-01-12 17:28:44,076 INFO Setting params: {'C': 26.826957952797272, 'kernel_params': [{'name': 'propagation', 'with_attributes': True, 't_max': 1}], 'normalize': True}
2026-01-12 17:28:44,076 INFO Params set successfully. GK created: True
2026-01-12 17:28:44,079 INFO Setting params: {'C': 26.826957952797272, 'kernel_params': [{'name': 'propagation', 'with_attributes': True, 't_max': 3}], 'normalize': True}
2026-01-12 17:28:44,079 INFO Params set successfully. GK created: True
2026-01-12 17:28:44,081 INFO Setting params: {'C': 26.826957952797272, 'kernel_params': [{'name': 'propagation', 'with_attributes': True, 't_max': 5}], 'normalize': True}
2026-01-12 17:28:44,082 INFO Params set successfully. GK created: True
2026-01-12 17:28:44,084 INFO Setting params: {'C': 26.826957952797272, 'kernel_params': [{'name': 'propagation', 'with_attributes': True, 't_max': 8}], 'normalize': True}
2026-01-12 17:28:44,084 INFO Params set successfully. GK created: True
2026-01-12 17:28:44,086 INFO Setting params: {'C': 26.826957952797272, 'kernel_params': [{'name': 'propagation', 'with_attributes': True, 't_max': 10}], 'normalize': True}
2026-01-12 17:28:44,086 INFO Params set successfully. GK created: True
2026-01-12 17:28:44,088 INFO Setting params: {'C': 26.826957952797272, 'kernel_params': [{'name': 'propagation', 'with_attributes': True, 't_max': 15}], 'normalize': True}
2026-01-12 17:28:44,088 INFO Params set successfully. GK created: True
2026-01-12 17:28:44,090 INFO Setting params: {'C': 26.826957952797272, 'kernel_params': [{'name': 'propagation', 'with_attributes': True, 't_max': 20}], 'normalize': True}
2026-01-12 17:28:44,090 INFO Params set successfully. GK created: True
2026-01-12 17:28:44,093 INFO Setting params: {'C': 138.9495494373139, 'kernel_params': [{'name': 'propagation', 'with_attributes': True, 't_max': 1}], 'normalize': True}
2026-01-12 17:28:44,093 INFO Params set successfully. GK created: True
2026-01-12 17:28:44,096 INFO Setting params: {'C': 138.9495494373139, 'kernel_params': [{'name': 'propagation', 'with_attributes': True, 't_max': 3}], 'normalize': True}
2026-01-12 17:28:44,096 INFO Params set successfully. GK created: True
2026-01-12 17:28:44,099 INFO Setting params: {'C': 138.9495494373139, 'kernel_params': [{'name': 'propagation', 'with_attributes': True, 't_max': 5}], 'normalize': True}
2026-01-12 17:28:44,099 INFO Params set successfully. GK created: True
2026-01-12 17:28:44,101 INFO Setting params: {'C': 138.9495494373139, 'kernel_params': [{'name': 'propagation', 'with_attributes': True, 't_max': 8}], 'normalize': True}
2026-01-12 17:28:44,101 INFO Params set successfully. GK created: True
2026-01-12 17:28:44,104 INFO Setting params: {'C': 138.9495494373139, 'kernel_params': [{'name': 'propagation', 'with_attributes': True, 't_max': 10}], 'normalize': True}
2026-01-12 17:28:44,104 INFO Params set successfully. GK created: True
2026-01-12 17:28:44,106 INFO Setting params: {'C': 138.9495494373139, 'kernel_params': [{'name': 'propagation', 'with_attributes': True, 't_max': 15}], 'normalize': True}
2026-01-12 17:28:44,106 INFO Params set successfully. GK created: True
2026-01-12 17:28:44,109 INFO Setting params: {'C': 138.9495494373139, 'kernel_params': [{'name': 'propagation', 'with_attributes': True, 't_max': 20}], 'normalize': True}
2026-01-12 17:28:44,109 INFO Params set successfully. GK created: True
2026-01-12 17:28:44,111 INFO Setting params: {'C': 719.6856730011528, 'kernel_params': [{'name': 'propagation', 'with_attributes': True, 't_max': 1}], 'normalize': True}
2026-01-12 17:28:44,111 INFO Params set successfully. GK created: True
2026-01-12 17:28:44,114 INFO Setting params: {'C': 719.6856730011528, 'kernel_params': [{'name': 'propagation', 'with_attributes': True, 't_max': 3}], 'normalize': True}
2026-01-12 17:28:44,114 INFO Params set successfully. GK created: True
2026-01-12 17:28:44,117 INFO Setting params: {'C': 719.6856730011528, 'kernel_params': [{'name': 'propagation', 'with_attributes': True, 't_max': 5}], 'normalize': True}
2026-01-12 17:28:44,117 INFO Params set successfully. GK created: True
2026-01-12 17:28:44,120 INFO Setting params: {'C': 719.6856730011528, 'kernel_params': [{'name': 'propagation', 'with_attributes': True, 't_max': 8}], 'normalize': True}
2026-01-12 17:28:44,120 INFO Params set successfully. GK created: True
2026-01-12 17:28:44,123 INFO Setting params: {'C': 719.6856730011528, 'kernel_params': [{'name': 'propagation', 'with_attributes': True, 't_max': 10}], 'normalize': True}
2026-01-12 17:28:44,123 INFO Params set successfully. GK created: True
2026-01-12 17:28:44,125 INFO Setting params: {'C': 719.6856730011528, 'kernel_params': [{'name': 'propagation', 'with_attributes': True, 't_max': 15}], 'normalize': True}
2026-01-12 17:28:44,125 INFO Params set successfully. GK created: True
2026-01-12 17:28:44,127 INFO Setting params: {'C': 719.6856730011528, 'kernel_params': [{'name': 'propagation', 'with_attributes': True, 't_max': 20}], 'normalize': True}
2026-01-12 17:28:44,127 INFO Params set successfully. GK created: True
2026-01-12 17:28:44,130 INFO Setting params: {'C': 3727.593720314938, 'kernel_params': [{'name': 'propagation', 'with_attributes': True, 't_max': 1}], 'normalize': True}
2026-01-12 17:28:44,130 INFO Params set successfully. GK created: True
2026-01-12 17:28:44,133 INFO Setting params: {'C': 3727.593720314938, 'kernel_params': [{'name': 'propagation', 'with_attributes': True, 't_max': 3}], 'normalize': True}
2026-01-12 17:28:44,133 INFO Params set successfully. GK created: True
2026-01-12 17:28:44,136 INFO Setting params: {'C': 3727.593720314938, 'kernel_params': [{'name': 'propagation', 'with_attributes': True, 't_max': 5}], 'normalize': True}
2026-01-12 17:28:44,136 INFO Params set successfully. GK created: True
2026-01-12 17:28:44,139 INFO Setting params: {'C': 3727.593720314938, 'kernel_params': [{'name': 'propagation', 'with_attributes': True, 't_max': 8}], 'normalize': True}
2026-01-12 17:28:44,139 INFO Params set successfully. GK created: True
2026-01-12 17:28:44,142 INFO Setting params: {'C': 3727.593720314938, 'kernel_params': [{'name': 'propagation', 'with_attributes': True, 't_max': 10}], 'normalize': True}
2026-01-12 17:28:44,142 INFO Params set successfully. GK created: True
2026-01-12 17:28:44,144 INFO Setting params: {'C': 3727.593720314938, 'kernel_params': [{'name': 'propagation', 'with_attributes': True, 't_max': 15}], 'normalize': True}
2026-01-12 17:28:44,144 INFO Params set successfully. GK created: True
2026-01-12 17:28:44,146 INFO Setting params: {'C': 3727.593720314938, 'kernel_params': [{'name': 'propagation', 'with_attributes': True, 't_max': 20}], 'normalize': True}
2026-01-12 17:28:44,146 INFO Params set successfully. GK created: True
2026-01-12 17:28:44,149 INFO Setting params: {'C': 19306.977288832535, 'kernel_params': [{'name': 'propagation', 'with_attributes': True, 't_max': 1}], 'normalize': True}
2026-01-12 17:28:44,149 INFO Params set successfully. GK created: True
2026-01-12 17:28:44,152 INFO Setting params: {'C': 19306.977288832535, 'kernel_params': [{'name': 'propagation', 'with_attributes': True, 't_max': 3}], 'normalize': True}
2026-01-12 17:28:44,152 INFO Params set successfully. GK created: True
2026-01-12 17:28:44,155 INFO Setting params: {'C': 19306.977288832535, 'kernel_params': [{'name': 'propagation', 'with_attributes': True, 't_max': 5}], 'normalize': True}
2026-01-12 17:28:44,155 INFO Params set successfully. GK created: True
2026-01-12 17:28:44,158 INFO Setting params: {'C': 19306.977288832535, 'kernel_params': [{'name': 'propagation', 'with_attributes': True, 't_max': 8}], 'normalize': True}
2026-01-12 17:28:44,158 INFO Params set successfully. GK created: True
2026-01-12 17:28:44,160 INFO Setting params: {'C': 19306.977288832535, 'kernel_params': [{'name': 'propagation', 'with_attributes': True, 't_max': 10}], 'normalize': True}
2026-01-12 17:28:44,161 INFO Params set successfully. GK created: True
2026-01-12 17:28:44,163 INFO Setting params: {'C': 19306.977288832535, 'kernel_params': [{'name': 'propagation', 'with_attributes': True, 't_max': 15}], 'normalize': True}
2026-01-12 17:28:44,163 INFO Params set successfully. GK created: True
2026-01-12 17:28:44,165 INFO Setting params: {'C': 19306.977288832535, 'kernel_params': [{'name': 'propagation', 'with_attributes': True, 't_max': 20}], 'normalize': True}
2026-01-12 17:28:44,165 INFO Params set successfully. GK created: True
2026-01-12 17:28:44,168 INFO Setting params: {'C': 100000.0, 'kernel_params': [{'name': 'propagation', 'with_attributes': True, 't_max': 1}], 'normalize': True}
2026-01-12 17:28:44,168 INFO Params set successfully. GK created: True
2026-01-12 17:28:44,171 INFO Setting params: {'C': 100000.0, 'kernel_params': [{'name': 'propagation', 'with_attributes': True, 't_max': 3}], 'normalize': True}
2026-01-12 17:28:44,171 INFO Params set successfully. GK created: True
2026-01-12 17:28:44,174 INFO Setting params: {'C': 100000.0, 'kernel_params': [{'name': 'propagation', 'with_attributes': True, 't_max': 5}], 'normalize': True}
2026-01-12 17:28:44,174 INFO Params set successfully. GK created: True
2026-01-12 17:28:44,177 INFO Setting params: {'C': 100000.0, 'kernel_params': [{'name': 'propagation', 'with_attributes': True, 't_max': 8}], 'normalize': True}
2026-01-12 17:28:44,177 INFO Params set successfully. GK created: True
2026-01-12 17:28:44,180 INFO Setting params: {'C': 100000.0, 'kernel_params': [{'name': 'propagation', 'with_attributes': True, 't_max': 10}], 'normalize': True}
2026-01-12 17:28:44,180 INFO Params set successfully. GK created: True
2026-01-12 17:28:44,182 INFO Setting params: {'C': 100000.0, 'kernel_params': [{'name': 'propagation', 'with_attributes': True, 't_max': 15}], 'normalize': True}
2026-01-12 17:28:44,182 INFO Params set successfully. GK created: True
2026-01-12 17:28:44,184 INFO Setting params: {'C': 100000.0, 'kernel_params': [{'name': 'propagation', 'with_attributes': True, 't_max': 20}], 'normalize': True}
2026-01-12 17:28:44,184 INFO Params set successfully. GK created: True
2026-01-12 17:28:44,187 INFO Setting params: {'C': 1e-05, 'kernel_params': [{'name': 'propagation', 'with_attributes': True, 't_max': 1}], 'normalize': True}
2026-01-12 17:28:44,187 INFO Params set successfully. GK created: True
2026-01-12 17:28:44,189 INFO Setting params: {'C': 1e-05, 'kernel_params': [{'name': 'propagation', 'with_attributes': True, 't_max': 3}], 'normalize': True}
2026-01-12 17:28:44,189 INFO Params set successfully. GK created: True
2026-01-12 17:28:44,191 INFO Setting params: {'C': 1e-05, 'kernel_params': [{'name': 'propagation', 'with_attributes': True, 't_max': 5}], 'normalize': True}
2026-01-12 17:28:44,191 INFO Params set successfully. GK created: True
2026-01-12 17:28:44,193 INFO Setting params: {'C': 1e-05, 'kernel_params': [{'name': 'propagation', 'with_attributes': True, 't_max': 8}], 'normalize': True}
2026-01-12 17:28:44,193 INFO Params set successfully. GK created: True
2026-01-12 17:28:44,195 INFO Setting params: {'C': 1e-05, 'kernel_params': [{'name': 'propagation', 'with_attributes': True, 't_max': 10}], 'normalize': True}
2026-01-12 17:28:44,195 INFO Params set successfully. GK created: True
2026-01-12 17:28:44,197 INFO Setting params: {'C': 1e-05, 'kernel_params': [{'name': 'propagation', 'with_attributes': True, 't_max': 15}], 'normalize': True}
2026-01-12 17:28:44,197 INFO Params set successfully. GK created: True
2026-01-12 17:28:44,199 INFO Setting params: {'C': 1e-05, 'kernel_params': [{'name': 'propagation', 'with_attributes': True, 't_max': 20}], 'normalize': True}
2026-01-12 17:28:44,199 INFO Params set successfully. GK created: True
2026-01-12 17:28:44,201 INFO Setting params: {'C': 5.1794746792312125e-05, 'kernel_params': [{'name': 'propagation', 'with_attributes': True, 't_max': 1}], 'normalize': True}
2026-01-12 17:28:44,201 INFO Params set successfully. GK created: True
2026-01-12 17:28:44,203 INFO Setting params: {'C': 5.1794746792312125e-05, 'kernel_params': [{'name': 'propagation', 'with_attributes': True, 't_max': 3}], 'normalize': True}
2026-01-12 17:28:44,203 INFO Params set successfully. GK created: True
2026-01-12 17:28:44,205 INFO Setting params: {'C': 5.1794746792312125e-05, 'kernel_params': [{'name': 'propagation', 'with_attributes': True, 't_max': 5}], 'normalize': True}
2026-01-12 17:28:44,205 INFO Params set successfully. GK created: True
2026-01-12 17:28:44,207 INFO Setting params: {'C': 5.1794746792312125e-05, 'kernel_params': [{'name': 'propagation', 'with_attributes': True, 't_max': 8}], 'normalize': True}
2026-01-12 17:28:44,207 INFO Params set successfully. GK created: True
2026-01-12 17:28:44,209 INFO Setting params: {'C': 5.1794746792312125e-05, 'kernel_params': [{'name': 'propagation', 'with_attributes': True, 't_max': 10}], 'normalize': True}
2026-01-12 17:28:44,209 INFO Params set successfully. GK created: True
2026-01-12 17:28:44,211 INFO Setting params: {'C': 5.1794746792312125e-05, 'kernel_params': [{'name': 'propagation', 'with_attributes': True, 't_max': 15}], 'normalize': True}
2026-01-12 17:28:44,211 INFO Params set successfully. GK created: True
2026-01-12 17:28:44,213 INFO Setting params: {'C': 5.1794746792312125e-05, 'kernel_params': [{'name': 'propagation', 'with_attributes': True, 't_max': 20}], 'normalize': True}
2026-01-12 17:28:44,213 INFO Params set successfully. GK created: True
2026-01-12 17:28:44,215 INFO Setting params: {'C': 0.0002682695795279727, 'kernel_params': [{'name': 'propagation', 'with_attributes': True, 't_max': 1}], 'normalize': True}
2026-01-12 17:28:44,215 INFO Params set successfully. GK created: True
2026-01-12 17:28:44,217 INFO Setting params: {'C': 0.0002682695795279727, 'kernel_params': [{'name': 'propagation', 'with_attributes': True, 't_max': 3}], 'normalize': True}
2026-01-12 17:28:44,217 INFO Params set successfully. GK created: True
2026-01-12 17:28:44,219 INFO Setting params: {'C': 0.0002682695795279727, 'kernel_params': [{'name': 'propagation', 'with_attributes': True, 't_max': 5}], 'normalize': True}
2026-01-12 17:28:44,219 INFO Params set successfully. GK created: True
2026-01-12 17:28:44,221 INFO Setting params: {'C': 0.0002682695795279727, 'kernel_params': [{'name': 'propagation', 'with_attributes': True, 't_max': 8}], 'normalize': True}
2026-01-12 17:28:44,221 INFO Params set successfully. GK created: True
2026-01-12 17:28:44,223 INFO Setting params: {'C': 0.0002682695795279727, 'kernel_params': [{'name': 'propagation', 'with_attributes': True, 't_max': 10}], 'normalize': True}
2026-01-12 17:28:44,223 INFO Params set successfully. GK created: True
2026-01-12 17:28:44,225 INFO Setting params: {'C': 0.0002682695795279727, 'kernel_params': [{'name': 'propagation', 'with_attributes': True, 't_max': 15}], 'normalize': True}
2026-01-12 17:28:44,225 INFO Params set successfully. GK created: True
2026-01-12 17:28:44,227 INFO Setting params: {'C': 0.0002682695795279727, 'kernel_params': [{'name': 'propagation', 'with_attributes': True, 't_max': 20}], 'normalize': True}
2026-01-12 17:28:44,227 INFO Params set successfully. GK created: True
2026-01-12 17:28:44,229 INFO Setting params: {'C': 0.0013894954943731374, 'kernel_params': [{'name': 'propagation', 'with_attributes': True, 't_max': 1}], 'normalize': True}
2026-01-12 17:28:44,229 INFO Params set successfully. GK created: True
2026-01-12 17:28:44,232 INFO Setting params: {'C': 0.0013894954943731374, 'kernel_params': [{'name': 'propagation', 'with_attributes': True, 't_max': 3}], 'normalize': True}
2026-01-12 17:28:44,232 INFO Params set successfully. GK created: True
2026-01-12 17:28:44,234 INFO Setting params: {'C': 0.0013894954943731374, 'kernel_params': [{'name': 'propagation', 'with_attributes': True, 't_max': 5}], 'normalize': True}
2026-01-12 17:28:44,234 INFO Params set successfully. GK created: True
2026-01-12 17:28:44,236 INFO Setting params: {'C': 0.0013894954943731374, 'kernel_params': [{'name': 'propagation', 'with_attributes': True, 't_max': 8}], 'normalize': True}
2026-01-12 17:28:44,236 INFO Params set successfully. GK created: True
2026-01-12 17:28:44,238 INFO Setting params: {'C': 0.0013894954943731374, 'kernel_params': [{'name': 'propagation', 'with_attributes': True, 't_max': 10}], 'normalize': True}
2026-01-12 17:28:44,238 INFO Params set successfully. GK created: True
2026-01-12 17:28:44,240 INFO Setting params: {'C': 0.0013894954943731374, 'kernel_params': [{'name': 'propagation', 'with_attributes': True, 't_max': 15}], 'normalize': True}
2026-01-12 17:28:44,240 INFO Params set successfully. GK created: True
2026-01-12 17:28:44,242 INFO Setting params: {'C': 0.0013894954943731374, 'kernel_params': [{'name': 'propagation', 'with_attributes': True, 't_max': 20}], 'normalize': True}
2026-01-12 17:28:44,242 INFO Params set successfully. GK created: True
2026-01-12 17:28:44,244 INFO Setting params: {'C': 0.0071968567300115215, 'kernel_params': [{'name': 'propagation', 'with_attributes': True, 't_max': 1}], 'normalize': True}
2026-01-12 17:28:44,244 INFO Params set successfully. GK created: True
2026-01-12 17:28:44,246 INFO Setting params: {'C': 0.0071968567300115215, 'kernel_params': [{'name': 'propagation', 'with_attributes': True, 't_max': 3}], 'normalize': True}
2026-01-12 17:28:44,246 INFO Params set successfully. GK created: True
2026-01-12 17:28:44,248 INFO Setting params: {'C': 0.0071968567300115215, 'kernel_params': [{'name': 'propagation', 'with_attributes': True, 't_max': 5}], 'normalize': True}
2026-01-12 17:28:44,248 INFO Params set successfully. GK created: True
2026-01-12 17:28:44,250 INFO Setting params: {'C': 0.0071968567300115215, 'kernel_params': [{'name': 'propagation', 'with_attributes': True, 't_max': 8}], 'normalize': True}
2026-01-12 17:28:44,250 INFO Params set successfully. GK created: True
2026-01-12 17:28:44,252 INFO Setting params: {'C': 0.0071968567300115215, 'kernel_params': [{'name': 'propagation', 'with_attributes': True, 't_max': 10}], 'normalize': True}
2026-01-12 17:28:44,252 INFO Params set successfully. GK created: True
2026-01-12 17:28:44,254 INFO Setting params: {'C': 0.0071968567300115215, 'kernel_params': [{'name': 'propagation', 'with_attributes': True, 't_max': 15}], 'normalize': True}
2026-01-12 17:28:44,254 INFO Params set successfully. GK created: True
2026-01-12 17:28:44,256 INFO Setting params: {'C': 0.0071968567300115215, 'kernel_params': [{'name': 'propagation', 'with_attributes': True, 't_max': 20}], 'normalize': True}
2026-01-12 17:28:44,256 INFO Params set successfully. GK created: True
2026-01-12 17:28:44,258 INFO Setting params: {'C': 0.037275937203149416, 'kernel_params': [{'name': 'propagation', 'with_attributes': True, 't_max': 1}], 'normalize': True}
2026-01-12 17:28:44,258 INFO Params set successfully. GK created: True
2026-01-12 17:28:44,261 INFO Setting params: {'C': 0.037275937203149416, 'kernel_params': [{'name': 'propagation', 'with_attributes': True, 't_max': 3}], 'normalize': True}
2026-01-12 17:28:44,261 INFO Params set successfully. GK created: True
2026-01-12 17:28:44,263 INFO Setting params: {'C': 0.037275937203149416, 'kernel_params': [{'name': 'propagation', 'with_attributes': True, 't_max': 5}], 'normalize': True}
2026-01-12 17:28:44,263 INFO Params set successfully. GK created: True
2026-01-12 17:28:44,265 INFO Setting params: {'C': 0.037275937203149416, 'kernel_params': [{'name': 'propagation', 'with_attributes': True, 't_max': 8}], 'normalize': True}
2026-01-12 17:28:44,265 INFO Params set successfully. GK created: True
2026-01-12 17:28:44,267 INFO Setting params: {'C': 0.037275937203149416, 'kernel_params': [{'name': 'propagation', 'with_attributes': True, 't_max': 10}], 'normalize': True}
2026-01-12 17:28:44,267 INFO Params set successfully. GK created: True
2026-01-12 17:28:44,269 INFO Setting params: {'C': 0.037275937203149416, 'kernel_params': [{'name': 'propagation', 'with_attributes': True, 't_max': 15}], 'normalize': True}
2026-01-12 17:28:44,269 INFO Params set successfully. GK created: True
2026-01-12 17:28:44,271 INFO Setting params: {'C': 0.037275937203149416, 'kernel_params': [{'name': 'propagation', 'with_attributes': True, 't_max': 20}], 'normalize': True}
2026-01-12 17:28:44,271 INFO Params set successfully. GK created: True
2026-01-12 17:28:44,273 INFO Setting params: {'C': 0.19306977288832497, 'kernel_params': [{'name': 'propagation', 'with_attributes': True, 't_max': 1}], 'normalize': True}
2026-01-12 17:28:44,273 INFO Params set successfully. GK created: True
2026-01-12 17:28:44,276 INFO Setting params: {'C': 0.19306977288832497, 'kernel_params': [{'name': 'propagation', 'with_attributes': True, 't_max': 3}], 'normalize': True}
2026-01-12 17:28:44,276 INFO Params set successfully. GK created: True
2026-01-12 17:28:44,278 INFO Setting params: {'C': 0.19306977288832497, 'kernel_params': [{'name': 'propagation', 'with_attributes': True, 't_max': 5}], 'normalize': True}
2026-01-12 17:28:44,278 INFO Params set successfully. GK created: True
2026-01-12 17:28:44,280 INFO Setting params: {'C': 0.19306977288832497, 'kernel_params': [{'name': 'propagation', 'with_attributes': True, 't_max': 8}], 'normalize': True}
2026-01-12 17:28:44,280 INFO Params set successfully. GK created: True
2026-01-12 17:28:44,282 INFO Setting params: {'C': 0.19306977288832497, 'kernel_params': [{'name': 'propagation', 'with_attributes': True, 't_max': 10}], 'normalize': True}
2026-01-12 17:28:44,283 INFO Params set successfully. GK created: True
2026-01-12 17:28:44,285 INFO Setting params: {'C': 0.19306977288832497, 'kernel_params': [{'name': 'propagation', 'with_attributes': True, 't_max': 15}], 'normalize': True}
2026-01-12 17:28:44,285 INFO Params set successfully. GK created: True
2026-01-12 17:28:44,287 INFO Setting params: {'C': 0.19306977288832497, 'kernel_params': [{'name': 'propagation', 'with_attributes': True, 't_max': 20}], 'normalize': True}
2026-01-12 17:28:44,287 INFO Params set successfully. GK created: True
2026-01-12 17:28:44,289 INFO Setting params: {'C': 1.0, 'kernel_params': [{'name': 'propagation', 'with_attributes': True, 't_max': 1}], 'normalize': True}
2026-01-12 17:28:44,289 INFO Params set successfully. GK created: True
2026-01-12 17:28:44,292 INFO Setting params: {'C': 1.0, 'kernel_params': [{'name': 'propagation', 'with_attributes': True, 't_max': 3}], 'normalize': True}
2026-01-12 17:28:44,292 INFO Params set successfully. GK created: True
2026-01-12 17:28:44,294 INFO Setting params: {'C': 1.0, 'kernel_params': [{'name': 'propagation', 'with_attributes': True, 't_max': 5}], 'normalize': True}
2026-01-12 17:28:44,294 INFO Params set successfully. GK created: True
2026-01-12 17:28:44,297 INFO Setting params: {'C': 1.0, 'kernel_params': [{'name': 'propagation', 'with_attributes': True, 't_max': 8}], 'normalize': True}
2026-01-12 17:28:44,297 INFO Params set successfully. GK created: True
2026-01-12 17:28:44,299 INFO Setting params: {'C': 1.0, 'kernel_params': [{'name': 'propagation', 'with_attributes': True, 't_max': 10}], 'normalize': True}
2026-01-12 17:28:44,299 INFO Params set successfully. GK created: True
2026-01-12 17:28:44,301 INFO Setting params: {'C': 1.0, 'kernel_params': [{'name': 'propagation', 'with_attributes': True, 't_max': 15}], 'normalize': True}
2026-01-12 17:28:44,301 INFO Params set successfully. GK created: True
2026-01-12 17:28:44,303 INFO Setting params: {'C': 1.0, 'kernel_params': [{'name': 'propagation', 'with_attributes': True, 't_max': 20}], 'normalize': True}
2026-01-12 17:28:44,303 INFO Params set successfully. GK created: True
2026-01-12 17:28:44,305 INFO Setting params: {'C': 5.1794746792312125, 'kernel_params': [{'name': 'propagation', 'with_attributes': True, 't_max': 1}], 'normalize': True}
2026-01-12 17:28:44,305 INFO Params set successfully. GK created: True
2026-01-12 17:28:44,309 INFO Setting params: {'C': 5.1794746792312125, 'kernel_params': [{'name': 'propagation', 'with_attributes': True, 't_max': 3}], 'normalize': True}
2026-01-12 17:28:44,309 INFO Params set successfully. GK created: True
2026-01-12 17:28:44,311 INFO Setting params: {'C': 5.1794746792312125, 'kernel_params': [{'name': 'propagation', 'with_attributes': True, 't_max': 5}], 'normalize': True}
2026-01-12 17:28:44,311 INFO Params set successfully. GK created: True
2026-01-12 17:28:44,313 INFO Setting params: {'C': 5.1794746792312125, 'kernel_params': [{'name': 'propagation', 'with_attributes': True, 't_max': 8}], 'normalize': True}
2026-01-12 17:28:44,313 INFO Params set successfully. GK created: True
2026-01-12 17:28:44,315 INFO Setting params: {'C': 5.1794746792312125, 'kernel_params': [{'name': 'propagation', 'with_attributes': True, 't_max': 10}], 'normalize': True}
2026-01-12 17:28:44,315 INFO Params set successfully. GK created: True
2026-01-12 17:28:44,318 INFO Setting params: {'C': 5.1794746792312125, 'kernel_params': [{'name': 'propagation', 'with_attributes': True, 't_max': 15}], 'normalize': True}
2026-01-12 17:28:44,318 INFO Params set successfully. GK created: True
2026-01-12 17:28:44,320 INFO Setting params: {'C': 5.1794746792312125, 'kernel_params': [{'name': 'propagation', 'with_attributes': True, 't_max': 20}], 'normalize': True}
2026-01-12 17:28:44,320 INFO Params set successfully. GK created: True
2026-01-12 17:28:44,322 INFO Setting params: {'C': 26.826957952797272, 'kernel_params': [{'name': 'propagation', 'with_attributes': True, 't_max': 1}], 'normalize': True}
2026-01-12 17:28:44,322 INFO Params set successfully. GK created: True
2026-01-12 17:28:44,325 INFO Setting params: {'C': 26.826957952797272, 'kernel_params': [{'name': 'propagation', 'with_attributes': True, 't_max': 3}], 'normalize': True}
2026-01-12 17:28:44,326 INFO Params set successfully. GK created: True
2026-01-12 17:28:44,328 INFO Setting params: {'C': 26.826957952797272, 'kernel_params': [{'name': 'propagation', 'with_attributes': True, 't_max': 5}], 'normalize': True}
2026-01-12 17:28:44,328 INFO Params set successfully. GK created: True
2026-01-12 17:28:44,330 INFO Setting params: {'C': 26.826957952797272, 'kernel_params': [{'name': 'propagation', 'with_attributes': True, 't_max': 8}], 'normalize': True}
2026-01-12 17:28:44,330 INFO Params set successfully. GK created: True
2026-01-12 17:28:44,332 INFO Setting params: {'C': 26.826957952797272, 'kernel_params': [{'name': 'propagation', 'with_attributes': True, 't_max': 10}], 'normalize': True}
2026-01-12 17:28:44,332 INFO Params set successfully. GK created: True
2026-01-12 17:28:44,334 INFO Setting params: {'C': 26.826957952797272, 'kernel_params': [{'name': 'propagation', 'with_attributes': True, 't_max': 15}], 'normalize': True}
2026-01-12 17:28:44,335 INFO Params set successfully. GK created: True
2026-01-12 17:28:44,337 INFO Setting params: {'C': 26.826957952797272, 'kernel_params': [{'name': 'propagation', 'with_attributes': True, 't_max': 20}], 'normalize': True}
2026-01-12 17:28:44,337 INFO Params set successfully. GK created: True
2026-01-12 17:28:44,339 INFO Setting params: {'C': 138.9495494373139, 'kernel_params': [{'name': 'propagation', 'with_attributes': True, 't_max': 1}], 'normalize': True}
2026-01-12 17:28:44,339 INFO Params set successfully. GK created: True
2026-01-12 17:28:44,342 INFO Setting params: {'C': 138.9495494373139, 'kernel_params': [{'name': 'propagation', 'with_attributes': True, 't_max': 3}], 'normalize': True}
2026-01-12 17:28:44,342 INFO Params set successfully. GK created: True
2026-01-12 17:28:44,345 INFO Setting params: {'C': 138.9495494373139, 'kernel_params': [{'name': 'propagation', 'with_attributes': True, 't_max': 5}], 'normalize': True}
2026-01-12 17:28:44,345 INFO Params set successfully. GK created: True
2026-01-12 17:28:44,347 INFO Setting params: {'C': 138.9495494373139, 'kernel_params': [{'name': 'propagation', 'with_attributes': True, 't_max': 8}], 'normalize': True}
2026-01-12 17:28:44,347 INFO Params set successfully. GK created: True
2026-01-12 17:28:44,350 INFO Setting params: {'C': 138.9495494373139, 'kernel_params': [{'name': 'propagation', 'with_attributes': True, 't_max': 10}], 'normalize': True}
2026-01-12 17:28:44,350 INFO Params set successfully. GK created: True
2026-01-12 17:28:44,352 INFO Setting params: {'C': 138.9495494373139, 'kernel_params': [{'name': 'propagation', 'with_attributes': True, 't_max': 15}], 'normalize': True}
2026-01-12 17:28:44,352 INFO Params set successfully. GK created: True
2026-01-12 17:28:44,355 INFO Setting params: {'C': 138.9495494373139, 'kernel_params': [{'name': 'propagation', 'with_attributes': True, 't_max': 20}], 'normalize': True}
2026-01-12 17:28:44,355 INFO Params set successfully. GK created: True
2026-01-12 17:28:44,357 INFO Setting params: {'C': 719.6856730011528, 'kernel_params': [{'name': 'propagation', 'with_attributes': True, 't_max': 1}], 'normalize': True}
2026-01-12 17:28:44,357 INFO Params set successfully. GK created: True
2026-01-12 17:28:44,360 INFO Setting params: {'C': 719.6856730011528, 'kernel_params': [{'name': 'propagation', 'with_attributes': True, 't_max': 3}], 'normalize': True}
2026-01-12 17:28:44,360 INFO Params set successfully. GK created: True
2026-01-12 17:28:44,363 INFO Setting params: {'C': 719.6856730011528, 'kernel_params': [{'name': 'propagation', 'with_attributes': True, 't_max': 5}], 'normalize': True}
2026-01-12 17:28:44,363 INFO Params set successfully. GK created: True
2026-01-12 17:28:44,365 INFO Setting params: {'C': 719.6856730011528, 'kernel_params': [{'name': 'propagation', 'with_attributes': True, 't_max': 8}], 'normalize': True}
2026-01-12 17:28:44,365 INFO Params set successfully. GK created: True
2026-01-12 17:28:44,368 INFO Setting params: {'C': 719.6856730011528, 'kernel_params': [{'name': 'propagation', 'with_attributes': True, 't_max': 10}], 'normalize': True}
2026-01-12 17:28:44,368 INFO Params set successfully. GK created: True
2026-01-12 17:28:44,371 INFO Setting params: {'C': 719.6856730011528, 'kernel_params': [{'name': 'propagation', 'with_attributes': True, 't_max': 15}], 'normalize': True}
2026-01-12 17:28:44,371 INFO Params set successfully. GK created: True
2026-01-12 17:28:44,373 INFO Setting params: {'C': 719.6856730011528, 'kernel_params': [{'name': 'propagation', 'with_attributes': True, 't_max': 20}], 'normalize': True}
2026-01-12 17:28:44,373 INFO Params set successfully. GK created: True
2026-01-12 17:28:44,375 INFO Setting params: {'C': 3727.593720314938, 'kernel_params': [{'name': 'propagation', 'with_attributes': True, 't_max': 1}], 'normalize': True}
2026-01-12 17:28:44,375 INFO Params set successfully. GK created: True
2026-01-12 17:28:44,379 INFO Setting params: {'C': 3727.593720314938, 'kernel_params': [{'name': 'propagation', 'with_attributes': True, 't_max': 3}], 'normalize': True}
2026-01-12 17:28:44,379 INFO Params set successfully. GK created: True
2026-01-12 17:28:44,382 INFO Setting params: {'C': 3727.593720314938, 'kernel_params': [{'name': 'propagation', 'with_attributes': True, 't_max': 5}], 'normalize': True}
2026-01-12 17:28:44,382 INFO Params set successfully. GK created: True
2026-01-12 17:28:44,384 INFO Setting params: {'C': 3727.593720314938, 'kernel_params': [{'name': 'propagation', 'with_attributes': True, 't_max': 8}], 'normalize': True}
2026-01-12 17:28:44,384 INFO Params set successfully. GK created: True
2026-01-12 17:28:44,387 INFO Setting params: {'C': 3727.593720314938, 'kernel_params': [{'name': 'propagation', 'with_attributes': True, 't_max': 10}], 'normalize': True}
2026-01-12 17:28:44,387 INFO Params set successfully. GK created: True
2026-01-12 17:28:44,389 INFO Setting params: {'C': 3727.593720314938, 'kernel_params': [{'name': 'propagation', 'with_attributes': True, 't_max': 15}], 'normalize': True}
2026-01-12 17:28:44,389 INFO Params set successfully. GK created: True
2026-01-12 17:28:44,392 INFO Setting params: {'C': 3727.593720314938, 'kernel_params': [{'name': 'propagation', 'with_attributes': True, 't_max': 20}], 'normalize': True}
2026-01-12 17:28:44,392 INFO Params set successfully. GK created: True
2026-01-12 17:28:44,394 INFO Setting params: {'C': 19306.977288832535, 'kernel_params': [{'name': 'propagation', 'with_attributes': True, 't_max': 1}], 'normalize': True}
2026-01-12 17:28:44,394 INFO Params set successfully. GK created: True
2026-01-12 17:28:44,398 INFO Setting params: {'C': 19306.977288832535, 'kernel_params': [{'name': 'propagation', 'with_attributes': True, 't_max': 3}], 'normalize': True}
2026-01-12 17:28:44,398 INFO Params set successfully. GK created: True
2026-01-12 17:28:44,400 INFO Setting params: {'C': 19306.977288832535, 'kernel_params': [{'name': 'propagation', 'with_attributes': True, 't_max': 5}], 'normalize': True}
2026-01-12 17:28:44,400 INFO Params set successfully. GK created: True
2026-01-12 17:28:44,403 INFO Setting params: {'C': 19306.977288832535, 'kernel_params': [{'name': 'propagation', 'with_attributes': True, 't_max': 8}], 'normalize': True}
2026-01-12 17:28:44,403 INFO Params set successfully. GK created: True
2026-01-12 17:28:44,405 INFO Setting params: {'C': 19306.977288832535, 'kernel_params': [{'name': 'propagation', 'with_attributes': True, 't_max': 10}], 'normalize': True}
2026-01-12 17:28:44,406 INFO Params set successfully. GK created: True
2026-01-12 17:28:44,408 INFO Setting params: {'C': 19306.977288832535, 'kernel_params': [{'name': 'propagation', 'with_attributes': True, 't_max': 15}], 'normalize': True}
2026-01-12 17:28:44,408 INFO Params set successfully. GK created: True
2026-01-12 17:28:44,410 INFO Setting params: {'C': 19306.977288832535, 'kernel_params': [{'name': 'propagation', 'with_attributes': True, 't_max': 20}], 'normalize': True}
2026-01-12 17:28:44,410 INFO Params set successfully. GK created: True
2026-01-12 17:28:44,413 INFO Setting params: {'C': 100000.0, 'kernel_params': [{'name': 'propagation', 'with_attributes': True, 't_max': 1}], 'normalize': True}
2026-01-12 17:28:44,413 INFO Params set successfully. GK created: True
2026-01-12 17:28:44,416 INFO Setting params: {'C': 100000.0, 'kernel_params': [{'name': 'propagation', 'with_attributes': True, 't_max': 3}], 'normalize': True}
2026-01-12 17:28:44,416 INFO Params set successfully. GK created: True
2026-01-12 17:28:44,419 INFO Setting params: {'C': 100000.0, 'kernel_params': [{'name': 'propagation', 'with_attributes': True, 't_max': 5}], 'normalize': True}
2026-01-12 17:28:44,419 INFO Params set successfully. GK created: True
2026-01-12 17:28:44,421 INFO Setting params: {'C': 100000.0, 'kernel_params': [{'name': 'propagation', 'with_attributes': True, 't_max': 8}], 'normalize': True}
2026-01-12 17:28:44,421 INFO Params set successfully. GK created: True
2026-01-12 17:28:44,424 INFO Setting params: {'C': 100000.0, 'kernel_params': [{'name': 'propagation', 'with_attributes': True, 't_max': 10}], 'normalize': True}
2026-01-12 17:28:44,424 INFO Params set successfully. GK created: True
2026-01-12 17:28:44,427 INFO Setting params: {'C': 100000.0, 'kernel_params': [{'name': 'propagation', 'with_attributes': True, 't_max': 15}], 'normalize': True}
2026-01-12 17:28:44,427 INFO Params set successfully. GK created: True
2026-01-12 17:28:44,429 INFO Setting params: {'C': 100000.0, 'kernel_params': [{'name': 'propagation', 'with_attributes': True, 't_max': 20}], 'normalize': True}
2026-01-12 17:28:44,429 INFO Params set successfully. GK created: True
2026-01-12 17:28:44,431 INFO ############ All params Done for one inner cut ############
2026-01-12 17:28:44,431 INFO ############ One inner CV Done ############
2026-01-12 17:28:44,432 INFO Best params : {'C': 19306.977288832535, 'kernel_params': [{'name': 'propagation', 'with_attributes': True, 't_max': 15}], 'normalize': True}
2026-01-12 17:28:44,432 INFO Best inner score : 0.9541707237909769
2026-01-12 17:28:44,438 INFO Outer accuracy: 0.8636363636363636
2026-01-12 17:28:44,438 INFO Outer F1 (macro): 0.8689359763043972
2026-01-12 17:28:44,438 INFO Outer F1 (weighted): 0.8740435800244413
2026-01-12 17:28:44,438 INFO By-class accuracies:
2026-01-12 17:28:44,439 INFO   Class A.1: Accuracy=1.0000
2026-01-12 17:28:44,439 INFO   Class B.1: Accuracy=0.6923
2026-01-12 17:28:44,439 INFO   Class B.2: Accuracy=1.0000
2026-01-12 17:28:44,439 INFO   Class B.4: Accuracy=1.0000
2026-01-12 17:28:44,439 INFO   Class C: Accuracy=1.0000
2026-01-12 17:28:44,439 INFO   Class D.1: Accuracy=0.7500
2026-01-12 17:28:44,439 INFO   Class E.1: Accuracy=1.0000
2026-01-12 17:28:44,439 INFO   Class E.2: Accuracy=0.6667
2026-01-12 17:28:44,439 INFO   Class F: Accuracy=1.0000
2026-01-12 17:28:44,439 INFO   Class J.1: Accuracy=1.0000
2026-01-12 17:28:44,439 INFO Classification Report:
2026-01-12 17:28:44,439 INFO {'A.1': {'precision': 1.0, 'recall': 1.0, 'f1-score': 1.0, 'support': 2.0}, 'B.1': {'precision': 1.0, 'recall': 0.6923076923076923, 'f1-score': 0.8181818181818182, 'support': 13.0}, 'B.2': {'precision': 1.0, 'recall': 1.0, 'f1-score': 1.0, 'support': 4.0}, 'B.4': {'precision': 0.5, 'recall': 1.0, 'f1-score': 0.6666666666666666, 'support': 1.0}, 'C': {'precision': 1.0, 'recall': 1.0, 'f1-score': 1.0, 'support': 2.0}, 'D.1': {'precision': 1.0, 'recall': 0.75, 'f1-score': 0.8571428571428571, 'support': 4.0}, 'E.1': {'precision': 0.9, 'recall': 1.0, 'f1-score': 0.9473684210526315, 'support': 9.0}, 'E.2': {'precision': 1.0, 'recall': 0.6666666666666666, 'f1-score': 0.8, 'support': 3.0}, 'F': {'precision': 1.0, 'recall': 1.0, 'f1-score': 1.0, 'support': 3.0}, 'J.1': {'precision': 0.42857142857142855, 'recall': 1.0, 'f1-score': 0.6, 'support': 3.0}, 'accuracy': 0.8636363636363636, 'macro avg': {'precision': 0.8828571428571429, 'recall': 0.910897435897436, 'f1-score': 0.8689359763043972, 'support': 44.0}, 'weighted avg': {'precision': 0.9292207792207793, 'recall': 0.8636363636363636, 'f1-score': 0.8740435800244413, 'support': 44.0}}
2026-01-12 17:28:44,439 INFO ############ One outer Done ############
2026-01-12 17:28:44,440 INFO Setting params: {'C': 1e-05, 'kernel_params': [{'name': 'propagation', 'with_attributes': True, 't_max': 1}], 'normalize': True}
2026-01-12 17:28:44,440 INFO Params set successfully. GK created: True
2026-01-12 17:28:44,442 INFO Setting params: {'C': 1e-05, 'kernel_params': [{'name': 'propagation', 'with_attributes': True, 't_max': 3}], 'normalize': True}
2026-01-12 17:28:44,442 INFO Params set successfully. GK created: True
2026-01-12 17:28:44,444 INFO Setting params: {'C': 1e-05, 'kernel_params': [{'name': 'propagation', 'with_attributes': True, 't_max': 5}], 'normalize': True}
2026-01-12 17:28:44,444 INFO Params set successfully. GK created: True
2026-01-12 17:28:44,446 INFO Setting params: {'C': 1e-05, 'kernel_params': [{'name': 'propagation', 'with_attributes': True, 't_max': 8}], 'normalize': True}
2026-01-12 17:28:44,446 INFO Params set successfully. GK created: True
2026-01-12 17:28:44,448 INFO Setting params: {'C': 1e-05, 'kernel_params': [{'name': 'propagation', 'with_attributes': True, 't_max': 10}], 'normalize': True}
2026-01-12 17:28:44,448 INFO Params set successfully. GK created: True
2026-01-12 17:28:44,450 INFO Setting params: {'C': 1e-05, 'kernel_params': [{'name': 'propagation', 'with_attributes': True, 't_max': 15}], 'normalize': True}
2026-01-12 17:28:44,450 INFO Params set successfully. GK created: True
2026-01-12 17:28:44,452 INFO Setting params: {'C': 1e-05, 'kernel_params': [{'name': 'propagation', 'with_attributes': True, 't_max': 20}], 'normalize': True}
2026-01-12 17:28:44,453 INFO Params set successfully. GK created: True
2026-01-12 17:28:44,455 INFO Setting params: {'C': 5.1794746792312125e-05, 'kernel_params': [{'name': 'propagation', 'with_attributes': True, 't_max': 1}], 'normalize': True}
2026-01-12 17:28:44,455 INFO Params set successfully. GK created: True
2026-01-12 17:28:44,457 INFO Setting params: {'C': 5.1794746792312125e-05, 'kernel_params': [{'name': 'propagation', 'with_attributes': True, 't_max': 3}], 'normalize': True}
2026-01-12 17:28:44,457 INFO Params set successfully. GK created: True
2026-01-12 17:28:44,459 INFO Setting params: {'C': 5.1794746792312125e-05, 'kernel_params': [{'name': 'propagation', 'with_attributes': True, 't_max': 5}], 'normalize': True}
2026-01-12 17:28:44,459 INFO Params set successfully. GK created: True
2026-01-12 17:28:44,461 INFO Setting params: {'C': 5.1794746792312125e-05, 'kernel_params': [{'name': 'propagation', 'with_attributes': True, 't_max': 8}], 'normalize': True}
2026-01-12 17:28:44,461 INFO Params set successfully. GK created: True
2026-01-12 17:28:44,463 INFO Setting params: {'C': 5.1794746792312125e-05, 'kernel_params': [{'name': 'propagation', 'with_attributes': True, 't_max': 10}], 'normalize': True}
2026-01-12 17:28:44,463 INFO Params set successfully. GK created: True
2026-01-12 17:28:44,465 INFO Setting params: {'C': 5.1794746792312125e-05, 'kernel_params': [{'name': 'propagation', 'with_attributes': True, 't_max': 15}], 'normalize': True}
2026-01-12 17:28:44,465 INFO Params set successfully. GK created: True
2026-01-12 17:28:44,467 INFO Setting params: {'C': 5.1794746792312125e-05, 'kernel_params': [{'name': 'propagation', 'with_attributes': True, 't_max': 20}], 'normalize': True}
2026-01-12 17:28:44,467 INFO Params set successfully. GK created: True
2026-01-12 17:28:44,469 INFO Setting params: {'C': 0.0002682695795279727, 'kernel_params': [{'name': 'propagation', 'with_attributes': True, 't_max': 1}], 'normalize': True}
2026-01-12 17:28:44,469 INFO Params set successfully. GK created: True
2026-01-12 17:28:44,471 INFO Setting params: {'C': 0.0002682695795279727, 'kernel_params': [{'name': 'propagation', 'with_attributes': True, 't_max': 3}], 'normalize': True}
2026-01-12 17:28:44,471 INFO Params set successfully. GK created: True
2026-01-12 17:28:44,473 INFO Setting params: {'C': 0.0002682695795279727, 'kernel_params': [{'name': 'propagation', 'with_attributes': True, 't_max': 5}], 'normalize': True}
2026-01-12 17:28:44,473 INFO Params set successfully. GK created: True
2026-01-12 17:28:44,475 INFO Setting params: {'C': 0.0002682695795279727, 'kernel_params': [{'name': 'propagation', 'with_attributes': True, 't_max': 8}], 'normalize': True}
2026-01-12 17:28:44,475 INFO Params set successfully. GK created: True
2026-01-12 17:28:44,477 INFO Setting params: {'C': 0.0002682695795279727, 'kernel_params': [{'name': 'propagation', 'with_attributes': True, 't_max': 10}], 'normalize': True}
2026-01-12 17:28:44,477 INFO Params set successfully. GK created: True
2026-01-12 17:28:44,479 INFO Setting params: {'C': 0.0002682695795279727, 'kernel_params': [{'name': 'propagation', 'with_attributes': True, 't_max': 15}], 'normalize': True}
2026-01-12 17:28:44,479 INFO Params set successfully. GK created: True
2026-01-12 17:28:44,481 INFO Setting params: {'C': 0.0002682695795279727, 'kernel_params': [{'name': 'propagation', 'with_attributes': True, 't_max': 20}], 'normalize': True}
2026-01-12 17:28:44,481 INFO Params set successfully. GK created: True
2026-01-12 17:28:44,483 INFO Setting params: {'C': 0.0013894954943731374, 'kernel_params': [{'name': 'propagation', 'with_attributes': True, 't_max': 1}], 'normalize': True}
2026-01-12 17:28:44,483 INFO Params set successfully. GK created: True
2026-01-12 17:28:44,485 INFO Setting params: {'C': 0.0013894954943731374, 'kernel_params': [{'name': 'propagation', 'with_attributes': True, 't_max': 3}], 'normalize': True}
2026-01-12 17:28:44,485 INFO Params set successfully. GK created: True
2026-01-12 17:28:44,487 INFO Setting params: {'C': 0.0013894954943731374, 'kernel_params': [{'name': 'propagation', 'with_attributes': True, 't_max': 5}], 'normalize': True}
2026-01-12 17:28:44,487 INFO Params set successfully. GK created: True
2026-01-12 17:28:44,489 INFO Setting params: {'C': 0.0013894954943731374, 'kernel_params': [{'name': 'propagation', 'with_attributes': True, 't_max': 8}], 'normalize': True}
2026-01-12 17:28:44,489 INFO Params set successfully. GK created: True
2026-01-12 17:28:44,491 INFO Setting params: {'C': 0.0013894954943731374, 'kernel_params': [{'name': 'propagation', 'with_attributes': True, 't_max': 10}], 'normalize': True}
2026-01-12 17:28:44,491 INFO Params set successfully. GK created: True
2026-01-12 17:28:44,493 INFO Setting params: {'C': 0.0013894954943731374, 'kernel_params': [{'name': 'propagation', 'with_attributes': True, 't_max': 15}], 'normalize': True}
2026-01-12 17:28:44,493 INFO Params set successfully. GK created: True
2026-01-12 17:28:44,495 INFO Setting params: {'C': 0.0013894954943731374, 'kernel_params': [{'name': 'propagation', 'with_attributes': True, 't_max': 20}], 'normalize': True}
2026-01-12 17:28:44,495 INFO Params set successfully. GK created: True
2026-01-12 17:28:44,497 INFO Setting params: {'C': 0.0071968567300115215, 'kernel_params': [{'name': 'propagation', 'with_attributes': True, 't_max': 1}], 'normalize': True}
2026-01-12 17:28:44,497 INFO Params set successfully. GK created: True
2026-01-12 17:28:44,500 INFO Setting params: {'C': 0.0071968567300115215, 'kernel_params': [{'name': 'propagation', 'with_attributes': True, 't_max': 3}], 'normalize': True}
2026-01-12 17:28:44,500 INFO Params set successfully. GK created: True
2026-01-12 17:28:44,502 INFO Setting params: {'C': 0.0071968567300115215, 'kernel_params': [{'name': 'propagation', 'with_attributes': True, 't_max': 5}], 'normalize': True}
2026-01-12 17:28:44,502 INFO Params set successfully. GK created: True
2026-01-12 17:28:44,504 INFO Setting params: {'C': 0.0071968567300115215, 'kernel_params': [{'name': 'propagation', 'with_attributes': True, 't_max': 8}], 'normalize': True}
2026-01-12 17:28:44,504 INFO Params set successfully. GK created: True
2026-01-12 17:28:44,506 INFO Setting params: {'C': 0.0071968567300115215, 'kernel_params': [{'name': 'propagation', 'with_attributes': True, 't_max': 10}], 'normalize': True}
2026-01-12 17:28:44,506 INFO Params set successfully. GK created: True
2026-01-12 17:28:44,508 INFO Setting params: {'C': 0.0071968567300115215, 'kernel_params': [{'name': 'propagation', 'with_attributes': True, 't_max': 15}], 'normalize': True}
2026-01-12 17:28:44,508 INFO Params set successfully. GK created: True
2026-01-12 17:28:44,510 INFO Setting params: {'C': 0.0071968567300115215, 'kernel_params': [{'name': 'propagation', 'with_attributes': True, 't_max': 20}], 'normalize': True}
2026-01-12 17:28:44,510 INFO Params set successfully. GK created: True
2026-01-12 17:28:44,512 INFO Setting params: {'C': 0.037275937203149416, 'kernel_params': [{'name': 'propagation', 'with_attributes': True, 't_max': 1}], 'normalize': True}
2026-01-12 17:28:44,512 INFO Params set successfully. GK created: True
2026-01-12 17:28:44,515 INFO Setting params: {'C': 0.037275937203149416, 'kernel_params': [{'name': 'propagation', 'with_attributes': True, 't_max': 3}], 'normalize': True}
2026-01-12 17:28:44,515 INFO Params set successfully. GK created: True
2026-01-12 17:28:44,517 INFO Setting params: {'C': 0.037275937203149416, 'kernel_params': [{'name': 'propagation', 'with_attributes': True, 't_max': 5}], 'normalize': True}
2026-01-12 17:28:44,517 INFO Params set successfully. GK created: True
2026-01-12 17:28:44,519 INFO Setting params: {'C': 0.037275937203149416, 'kernel_params': [{'name': 'propagation', 'with_attributes': True, 't_max': 8}], 'normalize': True}
2026-01-12 17:28:44,519 INFO Params set successfully. GK created: True
2026-01-12 17:28:44,521 INFO Setting params: {'C': 0.037275937203149416, 'kernel_params': [{'name': 'propagation', 'with_attributes': True, 't_max': 10}], 'normalize': True}
2026-01-12 17:28:44,521 INFO Params set successfully. GK created: True
2026-01-12 17:28:44,523 INFO Setting params: {'C': 0.037275937203149416, 'kernel_params': [{'name': 'propagation', 'with_attributes': True, 't_max': 15}], 'normalize': True}
2026-01-12 17:28:44,523 INFO Params set successfully. GK created: True
2026-01-12 17:28:44,525 INFO Setting params: {'C': 0.037275937203149416, 'kernel_params': [{'name': 'propagation', 'with_attributes': True, 't_max': 20}], 'normalize': True}
2026-01-12 17:28:44,525 INFO Params set successfully. GK created: True
2026-01-12 17:28:44,527 INFO Setting params: {'C': 0.19306977288832497, 'kernel_params': [{'name': 'propagation', 'with_attributes': True, 't_max': 1}], 'normalize': True}
2026-01-12 17:28:44,527 INFO Params set successfully. GK created: True
2026-01-12 17:28:44,530 INFO Setting params: {'C': 0.19306977288832497, 'kernel_params': [{'name': 'propagation', 'with_attributes': True, 't_max': 3}], 'normalize': True}
2026-01-12 17:28:44,530 INFO Params set successfully. GK created: True
2026-01-12 17:28:44,532 INFO Setting params: {'C': 0.19306977288832497, 'kernel_params': [{'name': 'propagation', 'with_attributes': True, 't_max': 5}], 'normalize': True}
2026-01-12 17:28:44,532 INFO Params set successfully. GK created: True
2026-01-12 17:28:44,534 INFO Setting params: {'C': 0.19306977288832497, 'kernel_params': [{'name': 'propagation', 'with_attributes': True, 't_max': 8}], 'normalize': True}
2026-01-12 17:28:44,534 INFO Params set successfully. GK created: True
2026-01-12 17:28:44,536 INFO Setting params: {'C': 0.19306977288832497, 'kernel_params': [{'name': 'propagation', 'with_attributes': True, 't_max': 10}], 'normalize': True}
2026-01-12 17:28:44,536 INFO Params set successfully. GK created: True
2026-01-12 17:28:44,538 INFO Setting params: {'C': 0.19306977288832497, 'kernel_params': [{'name': 'propagation', 'with_attributes': True, 't_max': 15}], 'normalize': True}
2026-01-12 17:28:44,538 INFO Params set successfully. GK created: True
2026-01-12 17:28:44,540 INFO Setting params: {'C': 0.19306977288832497, 'kernel_params': [{'name': 'propagation', 'with_attributes': True, 't_max': 20}], 'normalize': True}
2026-01-12 17:28:44,540 INFO Params set successfully. GK created: True
2026-01-12 17:28:44,542 INFO Setting params: {'C': 1.0, 'kernel_params': [{'name': 'propagation', 'with_attributes': True, 't_max': 1}], 'normalize': True}
2026-01-12 17:28:44,542 INFO Params set successfully. GK created: True
2026-01-12 17:28:44,546 INFO Setting params: {'C': 1.0, 'kernel_params': [{'name': 'propagation', 'with_attributes': True, 't_max': 3}], 'normalize': True}
2026-01-12 17:28:44,546 INFO Params set successfully. GK created: True
2026-01-12 17:28:44,548 INFO Setting params: {'C': 1.0, 'kernel_params': [{'name': 'propagation', 'with_attributes': True, 't_max': 5}], 'normalize': True}
2026-01-12 17:28:44,548 INFO Params set successfully. GK created: True
2026-01-12 17:28:44,550 INFO Setting params: {'C': 1.0, 'kernel_params': [{'name': 'propagation', 'with_attributes': True, 't_max': 8}], 'normalize': True}
2026-01-12 17:28:44,550 INFO Params set successfully. GK created: True
2026-01-12 17:28:44,552 INFO Setting params: {'C': 1.0, 'kernel_params': [{'name': 'propagation', 'with_attributes': True, 't_max': 10}], 'normalize': True}
2026-01-12 17:28:44,552 INFO Params set successfully. GK created: True
2026-01-12 17:28:44,555 INFO Setting params: {'C': 1.0, 'kernel_params': [{'name': 'propagation', 'with_attributes': True, 't_max': 15}], 'normalize': True}
2026-01-12 17:28:44,555 INFO Params set successfully. GK created: True
2026-01-12 17:28:44,557 INFO Setting params: {'C': 1.0, 'kernel_params': [{'name': 'propagation', 'with_attributes': True, 't_max': 20}], 'normalize': True}
2026-01-12 17:28:44,557 INFO Params set successfully. GK created: True
2026-01-12 17:28:44,559 INFO Setting params: {'C': 5.1794746792312125, 'kernel_params': [{'name': 'propagation', 'with_attributes': True, 't_max': 1}], 'normalize': True}
2026-01-12 17:28:44,559 INFO Params set successfully. GK created: True
2026-01-12 17:28:44,562 INFO Setting params: {'C': 5.1794746792312125, 'kernel_params': [{'name': 'propagation', 'with_attributes': True, 't_max': 3}], 'normalize': True}
2026-01-12 17:28:44,563 INFO Params set successfully. GK created: True
2026-01-12 17:28:44,565 INFO Setting params: {'C': 5.1794746792312125, 'kernel_params': [{'name': 'propagation', 'with_attributes': True, 't_max': 5}], 'normalize': True}
2026-01-12 17:28:44,565 INFO Params set successfully. GK created: True
2026-01-12 17:28:44,567 INFO Setting params: {'C': 5.1794746792312125, 'kernel_params': [{'name': 'propagation', 'with_attributes': True, 't_max': 8}], 'normalize': True}
2026-01-12 17:28:44,567 INFO Params set successfully. GK created: True
2026-01-12 17:28:44,569 INFO Setting params: {'C': 5.1794746792312125, 'kernel_params': [{'name': 'propagation', 'with_attributes': True, 't_max': 10}], 'normalize': True}
2026-01-12 17:28:44,569 INFO Params set successfully. GK created: True
2026-01-12 17:28:44,571 INFO Setting params: {'C': 5.1794746792312125, 'kernel_params': [{'name': 'propagation', 'with_attributes': True, 't_max': 15}], 'normalize': True}
2026-01-12 17:28:44,571 INFO Params set successfully. GK created: True
2026-01-12 17:28:44,574 INFO Setting params: {'C': 5.1794746792312125, 'kernel_params': [{'name': 'propagation', 'with_attributes': True, 't_max': 20}], 'normalize': True}
2026-01-12 17:28:44,574 INFO Params set successfully. GK created: True
2026-01-12 17:28:44,576 INFO Setting params: {'C': 26.826957952797272, 'kernel_params': [{'name': 'propagation', 'with_attributes': True, 't_max': 1}], 'normalize': True}
2026-01-12 17:28:44,576 INFO Params set successfully. GK created: True
2026-01-12 17:28:44,579 INFO Setting params: {'C': 26.826957952797272, 'kernel_params': [{'name': 'propagation', 'with_attributes': True, 't_max': 3}], 'normalize': True}
2026-01-12 17:28:44,579 INFO Params set successfully. GK created: True
2026-01-12 17:28:44,582 INFO Setting params: {'C': 26.826957952797272, 'kernel_params': [{'name': 'propagation', 'with_attributes': True, 't_max': 5}], 'normalize': True}
2026-01-12 17:28:44,582 INFO Params set successfully. GK created: True
2026-01-12 17:28:44,584 INFO Setting params: {'C': 26.826957952797272, 'kernel_params': [{'name': 'propagation', 'with_attributes': True, 't_max': 8}], 'normalize': True}
2026-01-12 17:28:44,584 INFO Params set successfully. GK created: True
2026-01-12 17:28:44,586 INFO Setting params: {'C': 26.826957952797272, 'kernel_params': [{'name': 'propagation', 'with_attributes': True, 't_max': 10}], 'normalize': True}
2026-01-12 17:28:44,586 INFO Params set successfully. GK created: True
2026-01-12 17:28:44,588 INFO Setting params: {'C': 26.826957952797272, 'kernel_params': [{'name': 'propagation', 'with_attributes': True, 't_max': 15}], 'normalize': True}
2026-01-12 17:28:44,589 INFO Params set successfully. GK created: True
2026-01-12 17:28:44,591 INFO Setting params: {'C': 26.826957952797272, 'kernel_params': [{'name': 'propagation', 'with_attributes': True, 't_max': 20}], 'normalize': True}
2026-01-12 17:28:44,591 INFO Params set successfully. GK created: True
2026-01-12 17:28:44,593 INFO Setting params: {'C': 138.9495494373139, 'kernel_params': [{'name': 'propagation', 'with_attributes': True, 't_max': 1}], 'normalize': True}
2026-01-12 17:28:44,593 INFO Params set successfully. GK created: True
2026-01-12 17:28:44,596 INFO Setting params: {'C': 138.9495494373139, 'kernel_params': [{'name': 'propagation', 'with_attributes': True, 't_max': 3}], 'normalize': True}
2026-01-12 17:28:44,596 INFO Params set successfully. GK created: True
2026-01-12 17:28:44,599 INFO Setting params: {'C': 138.9495494373139, 'kernel_params': [{'name': 'propagation', 'with_attributes': True, 't_max': 5}], 'normalize': True}
2026-01-12 17:28:44,599 INFO Params set successfully. GK created: True
2026-01-12 17:28:44,601 INFO Setting params: {'C': 138.9495494373139, 'kernel_params': [{'name': 'propagation', 'with_attributes': True, 't_max': 8}], 'normalize': True}
2026-01-12 17:28:44,601 INFO Params set successfully. GK created: True
2026-01-12 17:28:44,604 INFO Setting params: {'C': 138.9495494373139, 'kernel_params': [{'name': 'propagation', 'with_attributes': True, 't_max': 10}], 'normalize': True}
2026-01-12 17:28:44,604 INFO Params set successfully. GK created: True
2026-01-12 17:28:44,607 INFO Setting params: {'C': 138.9495494373139, 'kernel_params': [{'name': 'propagation', 'with_attributes': True, 't_max': 15}], 'normalize': True}
2026-01-12 17:28:44,607 INFO Params set successfully. GK created: True
2026-01-12 17:28:44,609 INFO Setting params: {'C': 138.9495494373139, 'kernel_params': [{'name': 'propagation', 'with_attributes': True, 't_max': 20}], 'normalize': True}
2026-01-12 17:28:44,609 INFO Params set successfully. GK created: True
2026-01-12 17:28:44,611 INFO Setting params: {'C': 719.6856730011528, 'kernel_params': [{'name': 'propagation', 'with_attributes': True, 't_max': 1}], 'normalize': True}
2026-01-12 17:28:44,611 INFO Params set successfully. GK created: True
2026-01-12 17:28:44,615 INFO Setting params: {'C': 719.6856730011528, 'kernel_params': [{'name': 'propagation', 'with_attributes': True, 't_max': 3}], 'normalize': True}
2026-01-12 17:28:44,615 INFO Params set successfully. GK created: True
2026-01-12 17:28:44,618 INFO Setting params: {'C': 719.6856730011528, 'kernel_params': [{'name': 'propagation', 'with_attributes': True, 't_max': 5}], 'normalize': True}
2026-01-12 17:28:44,618 INFO Params set successfully. GK created: True
2026-01-12 17:28:44,620 INFO Setting params: {'C': 719.6856730011528, 'kernel_params': [{'name': 'propagation', 'with_attributes': True, 't_max': 8}], 'normalize': True}
2026-01-12 17:28:44,620 INFO Params set successfully. GK created: True
2026-01-12 17:28:44,623 INFO Setting params: {'C': 719.6856730011528, 'kernel_params': [{'name': 'propagation', 'with_attributes': True, 't_max': 10}], 'normalize': True}
2026-01-12 17:28:44,623 INFO Params set successfully. GK created: True
2026-01-12 17:28:44,626 INFO Setting params: {'C': 719.6856730011528, 'kernel_params': [{'name': 'propagation', 'with_attributes': True, 't_max': 15}], 'normalize': True}
2026-01-12 17:28:44,626 INFO Params set successfully. GK created: True
2026-01-12 17:28:44,628 INFO Setting params: {'C': 719.6856730011528, 'kernel_params': [{'name': 'propagation', 'with_attributes': True, 't_max': 20}], 'normalize': True}
2026-01-12 17:28:44,628 INFO Params set successfully. GK created: True
2026-01-12 17:28:44,630 INFO Setting params: {'C': 3727.593720314938, 'kernel_params': [{'name': 'propagation', 'with_attributes': True, 't_max': 1}], 'normalize': True}
2026-01-12 17:28:44,630 INFO Params set successfully. GK created: True
2026-01-12 17:28:44,634 INFO Setting params: {'C': 3727.593720314938, 'kernel_params': [{'name': 'propagation', 'with_attributes': True, 't_max': 3}], 'normalize': True}
2026-01-12 17:28:44,634 INFO Params set successfully. GK created: True
2026-01-12 17:28:44,637 INFO Setting params: {'C': 3727.593720314938, 'kernel_params': [{'name': 'propagation', 'with_attributes': True, 't_max': 5}], 'normalize': True}
2026-01-12 17:28:44,637 INFO Params set successfully. GK created: True
2026-01-12 17:28:44,639 INFO Setting params: {'C': 3727.593720314938, 'kernel_params': [{'name': 'propagation', 'with_attributes': True, 't_max': 8}], 'normalize': True}
2026-01-12 17:28:44,639 INFO Params set successfully. GK created: True
2026-01-12 17:28:44,642 INFO Setting params: {'C': 3727.593720314938, 'kernel_params': [{'name': 'propagation', 'with_attributes': True, 't_max': 10}], 'normalize': True}
2026-01-12 17:28:44,642 INFO Params set successfully. GK created: True
2026-01-12 17:28:44,645 INFO Setting params: {'C': 3727.593720314938, 'kernel_params': [{'name': 'propagation', 'with_attributes': True, 't_max': 15}], 'normalize': True}
2026-01-12 17:28:44,645 INFO Params set successfully. GK created: True
2026-01-12 17:28:44,647 INFO Setting params: {'C': 3727.593720314938, 'kernel_params': [{'name': 'propagation', 'with_attributes': True, 't_max': 20}], 'normalize': True}
2026-01-12 17:28:44,647 INFO Params set successfully. GK created: True
2026-01-12 17:28:44,650 INFO Setting params: {'C': 19306.977288832535, 'kernel_params': [{'name': 'propagation', 'with_attributes': True, 't_max': 1}], 'normalize': True}
2026-01-12 17:28:44,650 INFO Params set successfully. GK created: True
2026-01-12 17:28:44,653 INFO Setting params: {'C': 19306.977288832535, 'kernel_params': [{'name': 'propagation', 'with_attributes': True, 't_max': 3}], 'normalize': True}
2026-01-12 17:28:44,653 INFO Params set successfully. GK created: True
2026-01-12 17:28:44,656 INFO Setting params: {'C': 19306.977288832535, 'kernel_params': [{'name': 'propagation', 'with_attributes': True, 't_max': 5}], 'normalize': True}
2026-01-12 17:28:44,656 INFO Params set successfully. GK created: True
2026-01-12 17:28:44,659 INFO Setting params: {'C': 19306.977288832535, 'kernel_params': [{'name': 'propagation', 'with_attributes': True, 't_max': 8}], 'normalize': True}
2026-01-12 17:28:44,659 INFO Params set successfully. GK created: True
2026-01-12 17:28:44,662 INFO Setting params: {'C': 19306.977288832535, 'kernel_params': [{'name': 'propagation', 'with_attributes': True, 't_max': 10}], 'normalize': True}
2026-01-12 17:28:44,662 INFO Params set successfully. GK created: True
2026-01-12 17:28:44,664 INFO Setting params: {'C': 19306.977288832535, 'kernel_params': [{'name': 'propagation', 'with_attributes': True, 't_max': 15}], 'normalize': True}
2026-01-12 17:28:44,664 INFO Params set successfully. GK created: True
2026-01-12 17:28:44,666 INFO Setting params: {'C': 19306.977288832535, 'kernel_params': [{'name': 'propagation', 'with_attributes': True, 't_max': 20}], 'normalize': True}
2026-01-12 17:28:44,667 INFO Params set successfully. GK created: True
2026-01-12 17:28:44,669 INFO Setting params: {'C': 100000.0, 'kernel_params': [{'name': 'propagation', 'with_attributes': True, 't_max': 1}], 'normalize': True}
2026-01-12 17:28:44,669 INFO Params set successfully. GK created: True
2026-01-12 17:28:44,673 INFO Setting params: {'C': 100000.0, 'kernel_params': [{'name': 'propagation', 'with_attributes': True, 't_max': 3}], 'normalize': True}
2026-01-12 17:28:44,673 INFO Params set successfully. GK created: True
2026-01-12 17:28:44,675 INFO Setting params: {'C': 100000.0, 'kernel_params': [{'name': 'propagation', 'with_attributes': True, 't_max': 5}], 'normalize': True}
2026-01-12 17:28:44,675 INFO Params set successfully. GK created: True
2026-01-12 17:28:44,678 INFO Setting params: {'C': 100000.0, 'kernel_params': [{'name': 'propagation', 'with_attributes': True, 't_max': 8}], 'normalize': True}
2026-01-12 17:28:44,678 INFO Params set successfully. GK created: True
2026-01-12 17:28:44,681 INFO Setting params: {'C': 100000.0, 'kernel_params': [{'name': 'propagation', 'with_attributes': True, 't_max': 10}], 'normalize': True}
2026-01-12 17:28:44,681 INFO Params set successfully. GK created: True
2026-01-12 17:28:44,683 INFO Setting params: {'C': 100000.0, 'kernel_params': [{'name': 'propagation', 'with_attributes': True, 't_max': 15}], 'normalize': True}
2026-01-12 17:28:44,684 INFO Params set successfully. GK created: True
2026-01-12 17:28:44,686 INFO Setting params: {'C': 100000.0, 'kernel_params': [{'name': 'propagation', 'with_attributes': True, 't_max': 20}], 'normalize': True}
2026-01-12 17:28:44,686 INFO Params set successfully. GK created: True
2026-01-12 17:28:44,688 INFO Setting params: {'C': 1e-05, 'kernel_params': [{'name': 'propagation', 'with_attributes': True, 't_max': 1}], 'normalize': True}
2026-01-12 17:28:44,689 INFO Params set successfully. GK created: True
2026-01-12 17:28:44,691 INFO Setting params: {'C': 1e-05, 'kernel_params': [{'name': 'propagation', 'with_attributes': True, 't_max': 3}], 'normalize': True}
2026-01-12 17:28:44,691 INFO Params set successfully. GK created: True
2026-01-12 17:28:44,693 INFO Setting params: {'C': 1e-05, 'kernel_params': [{'name': 'propagation', 'with_attributes': True, 't_max': 5}], 'normalize': True}
2026-01-12 17:28:44,693 INFO Params set successfully. GK created: True
2026-01-12 17:28:44,695 INFO Setting params: {'C': 1e-05, 'kernel_params': [{'name': 'propagation', 'with_attributes': True, 't_max': 8}], 'normalize': True}
2026-01-12 17:28:44,695 INFO Params set successfully. GK created: True
2026-01-12 17:28:44,697 INFO Setting params: {'C': 1e-05, 'kernel_params': [{'name': 'propagation', 'with_attributes': True, 't_max': 10}], 'normalize': True}
2026-01-12 17:28:44,697 INFO Params set successfully. GK created: True
2026-01-12 17:28:44,699 INFO Setting params: {'C': 1e-05, 'kernel_params': [{'name': 'propagation', 'with_attributes': True, 't_max': 15}], 'normalize': True}
2026-01-12 17:28:44,699 INFO Params set successfully. GK created: True
2026-01-12 17:28:44,701 INFO Setting params: {'C': 1e-05, 'kernel_params': [{'name': 'propagation', 'with_attributes': True, 't_max': 20}], 'normalize': True}
2026-01-12 17:28:44,701 INFO Params set successfully. GK created: True
2026-01-12 17:28:44,703 INFO Setting params: {'C': 5.1794746792312125e-05, 'kernel_params': [{'name': 'propagation', 'with_attributes': True, 't_max': 1}], 'normalize': True}
2026-01-12 17:28:44,703 INFO Params set successfully. GK created: True
2026-01-12 17:28:44,705 INFO Setting params: {'C': 5.1794746792312125e-05, 'kernel_params': [{'name': 'propagation', 'with_attributes': True, 't_max': 3}], 'normalize': True}
2026-01-12 17:28:44,705 INFO Params set successfully. GK created: True
2026-01-12 17:28:44,707 INFO Setting params: {'C': 5.1794746792312125e-05, 'kernel_params': [{'name': 'propagation', 'with_attributes': True, 't_max': 5}], 'normalize': True}
2026-01-12 17:28:44,707 INFO Params set successfully. GK created: True
2026-01-12 17:28:44,709 INFO Setting params: {'C': 5.1794746792312125e-05, 'kernel_params': [{'name': 'propagation', 'with_attributes': True, 't_max': 8}], 'normalize': True}
2026-01-12 17:28:44,709 INFO Params set successfully. GK created: True
2026-01-12 17:28:44,711 INFO Setting params: {'C': 5.1794746792312125e-05, 'kernel_params': [{'name': 'propagation', 'with_attributes': True, 't_max': 10}], 'normalize': True}
2026-01-12 17:28:44,711 INFO Params set successfully. GK created: True
2026-01-12 17:28:44,713 INFO Setting params: {'C': 5.1794746792312125e-05, 'kernel_params': [{'name': 'propagation', 'with_attributes': True, 't_max': 15}], 'normalize': True}
2026-01-12 17:28:44,713 INFO Params set successfully. GK created: True
2026-01-12 17:28:44,715 INFO Setting params: {'C': 5.1794746792312125e-05, 'kernel_params': [{'name': 'propagation', 'with_attributes': True, 't_max': 20}], 'normalize': True}
2026-01-12 17:28:44,715 INFO Params set successfully. GK created: True
2026-01-12 17:28:44,717 INFO Setting params: {'C': 0.0002682695795279727, 'kernel_params': [{'name': 'propagation', 'with_attributes': True, 't_max': 1}], 'normalize': True}
2026-01-12 17:28:44,717 INFO Params set successfully. GK created: True
2026-01-12 17:28:44,719 INFO Setting params: {'C': 0.0002682695795279727, 'kernel_params': [{'name': 'propagation', 'with_attributes': True, 't_max': 3}], 'normalize': True}
2026-01-12 17:28:44,719 INFO Params set successfully. GK created: True
2026-01-12 17:28:44,721 INFO Setting params: {'C': 0.0002682695795279727, 'kernel_params': [{'name': 'propagation', 'with_attributes': True, 't_max': 5}], 'normalize': True}
2026-01-12 17:28:44,721 INFO Params set successfully. GK created: True
2026-01-12 17:28:44,723 INFO Setting params: {'C': 0.0002682695795279727, 'kernel_params': [{'name': 'propagation', 'with_attributes': True, 't_max': 8}], 'normalize': True}
2026-01-12 17:28:44,723 INFO Params set successfully. GK created: True
2026-01-12 17:28:44,725 INFO Setting params: {'C': 0.0002682695795279727, 'kernel_params': [{'name': 'propagation', 'with_attributes': True, 't_max': 10}], 'normalize': True}
2026-01-12 17:28:44,725 INFO Params set successfully. GK created: True
2026-01-12 17:28:44,727 INFO Setting params: {'C': 0.0002682695795279727, 'kernel_params': [{'name': 'propagation', 'with_attributes': True, 't_max': 15}], 'normalize': True}
2026-01-12 17:28:44,727 INFO Params set successfully. GK created: True
2026-01-12 17:28:44,729 INFO Setting params: {'C': 0.0002682695795279727, 'kernel_params': [{'name': 'propagation', 'with_attributes': True, 't_max': 20}], 'normalize': True}
2026-01-12 17:28:44,729 INFO Params set successfully. GK created: True
2026-01-12 17:28:44,731 INFO Setting params: {'C': 0.0013894954943731374, 'kernel_params': [{'name': 'propagation', 'with_attributes': True, 't_max': 1}], 'normalize': True}
2026-01-12 17:28:44,731 INFO Params set successfully. GK created: True
2026-01-12 17:28:44,733 INFO Setting params: {'C': 0.0013894954943731374, 'kernel_params': [{'name': 'propagation', 'with_attributes': True, 't_max': 3}], 'normalize': True}
2026-01-12 17:28:44,733 INFO Params set successfully. GK created: True
2026-01-12 17:28:44,735 INFO Setting params: {'C': 0.0013894954943731374, 'kernel_params': [{'name': 'propagation', 'with_attributes': True, 't_max': 5}], 'normalize': True}
2026-01-12 17:28:44,735 INFO Params set successfully. GK created: True
2026-01-12 17:28:44,737 INFO Setting params: {'C': 0.0013894954943731374, 'kernel_params': [{'name': 'propagation', 'with_attributes': True, 't_max': 8}], 'normalize': True}
2026-01-12 17:28:44,737 INFO Params set successfully. GK created: True
2026-01-12 17:28:44,739 INFO Setting params: {'C': 0.0013894954943731374, 'kernel_params': [{'name': 'propagation', 'with_attributes': True, 't_max': 10}], 'normalize': True}
2026-01-12 17:28:44,739 INFO Params set successfully. GK created: True
2026-01-12 17:28:44,741 INFO Setting params: {'C': 0.0013894954943731374, 'kernel_params': [{'name': 'propagation', 'with_attributes': True, 't_max': 15}], 'normalize': True}
2026-01-12 17:28:44,741 INFO Params set successfully. GK created: True
2026-01-12 17:28:44,743 INFO Setting params: {'C': 0.0013894954943731374, 'kernel_params': [{'name': 'propagation', 'with_attributes': True, 't_max': 20}], 'normalize': True}
2026-01-12 17:28:44,743 INFO Params set successfully. GK created: True
2026-01-12 17:28:44,745 INFO Setting params: {'C': 0.0071968567300115215, 'kernel_params': [{'name': 'propagation', 'with_attributes': True, 't_max': 1}], 'normalize': True}
2026-01-12 17:28:44,745 INFO Params set successfully. GK created: True
2026-01-12 17:28:44,748 INFO Setting params: {'C': 0.0071968567300115215, 'kernel_params': [{'name': 'propagation', 'with_attributes': True, 't_max': 3}], 'normalize': True}
2026-01-12 17:28:44,748 INFO Params set successfully. GK created: True
2026-01-12 17:28:44,750 INFO Setting params: {'C': 0.0071968567300115215, 'kernel_params': [{'name': 'propagation', 'with_attributes': True, 't_max': 5}], 'normalize': True}
2026-01-12 17:28:44,750 INFO Params set successfully. GK created: True
2026-01-12 17:28:44,752 INFO Setting params: {'C': 0.0071968567300115215, 'kernel_params': [{'name': 'propagation', 'with_attributes': True, 't_max': 8}], 'normalize': True}
2026-01-12 17:28:44,752 INFO Params set successfully. GK created: True
2026-01-12 17:28:44,754 INFO Setting params: {'C': 0.0071968567300115215, 'kernel_params': [{'name': 'propagation', 'with_attributes': True, 't_max': 10}], 'normalize': True}
2026-01-12 17:28:44,754 INFO Params set successfully. GK created: True
2026-01-12 17:28:44,756 INFO Setting params: {'C': 0.0071968567300115215, 'kernel_params': [{'name': 'propagation', 'with_attributes': True, 't_max': 15}], 'normalize': True}
2026-01-12 17:28:44,756 INFO Params set successfully. GK created: True
2026-01-12 17:28:44,758 INFO Setting params: {'C': 0.0071968567300115215, 'kernel_params': [{'name': 'propagation', 'with_attributes': True, 't_max': 20}], 'normalize': True}
2026-01-12 17:28:44,758 INFO Params set successfully. GK created: True
2026-01-12 17:28:44,760 INFO Setting params: {'C': 0.037275937203149416, 'kernel_params': [{'name': 'propagation', 'with_attributes': True, 't_max': 1}], 'normalize': True}
2026-01-12 17:28:44,760 INFO Params set successfully. GK created: True
2026-01-12 17:28:44,762 INFO Setting params: {'C': 0.037275937203149416, 'kernel_params': [{'name': 'propagation', 'with_attributes': True, 't_max': 3}], 'normalize': True}
2026-01-12 17:28:44,763 INFO Params set successfully. GK created: True
2026-01-12 17:28:44,765 INFO Setting params: {'C': 0.037275937203149416, 'kernel_params': [{'name': 'propagation', 'with_attributes': True, 't_max': 5}], 'normalize': True}
2026-01-12 17:28:44,765 INFO Params set successfully. GK created: True
2026-01-12 17:28:44,767 INFO Setting params: {'C': 0.037275937203149416, 'kernel_params': [{'name': 'propagation', 'with_attributes': True, 't_max': 8}], 'normalize': True}
2026-01-12 17:28:44,767 INFO Params set successfully. GK created: True
2026-01-12 17:28:44,769 INFO Setting params: {'C': 0.037275937203149416, 'kernel_params': [{'name': 'propagation', 'with_attributes': True, 't_max': 10}], 'normalize': True}
2026-01-12 17:28:44,769 INFO Params set successfully. GK created: True
2026-01-12 17:28:44,771 INFO Setting params: {'C': 0.037275937203149416, 'kernel_params': [{'name': 'propagation', 'with_attributes': True, 't_max': 15}], 'normalize': True}
2026-01-12 17:28:44,771 INFO Params set successfully. GK created: True
2026-01-12 17:28:44,773 INFO Setting params: {'C': 0.037275937203149416, 'kernel_params': [{'name': 'propagation', 'with_attributes': True, 't_max': 20}], 'normalize': True}
2026-01-12 17:28:44,773 INFO Params set successfully. GK created: True
2026-01-12 17:28:44,775 INFO Setting params: {'C': 0.19306977288832497, 'kernel_params': [{'name': 'propagation', 'with_attributes': True, 't_max': 1}], 'normalize': True}
2026-01-12 17:28:44,775 INFO Params set successfully. GK created: True
2026-01-12 17:28:44,778 INFO Setting params: {'C': 0.19306977288832497, 'kernel_params': [{'name': 'propagation', 'with_attributes': True, 't_max': 3}], 'normalize': True}
2026-01-12 17:28:44,778 INFO Params set successfully. GK created: True
2026-01-12 17:28:44,780 INFO Setting params: {'C': 0.19306977288832497, 'kernel_params': [{'name': 'propagation', 'with_attributes': True, 't_max': 5}], 'normalize': True}
2026-01-12 17:28:44,780 INFO Params set successfully. GK created: True
2026-01-12 17:28:44,782 INFO Setting params: {'C': 0.19306977288832497, 'kernel_params': [{'name': 'propagation', 'with_attributes': True, 't_max': 8}], 'normalize': True}
2026-01-12 17:28:44,782 INFO Params set successfully. GK created: True
2026-01-12 17:28:44,784 INFO Setting params: {'C': 0.19306977288832497, 'kernel_params': [{'name': 'propagation', 'with_attributes': True, 't_max': 10}], 'normalize': True}
2026-01-12 17:28:44,784 INFO Params set successfully. GK created: True
2026-01-12 17:28:44,786 INFO Setting params: {'C': 0.19306977288832497, 'kernel_params': [{'name': 'propagation', 'with_attributes': True, 't_max': 15}], 'normalize': True}
2026-01-12 17:28:44,786 INFO Params set successfully. GK created: True
2026-01-12 17:28:44,788 INFO Setting params: {'C': 0.19306977288832497, 'kernel_params': [{'name': 'propagation', 'with_attributes': True, 't_max': 20}], 'normalize': True}
2026-01-12 17:28:44,788 INFO Params set successfully. GK created: True
2026-01-12 17:28:44,790 INFO Setting params: {'C': 1.0, 'kernel_params': [{'name': 'propagation', 'with_attributes': True, 't_max': 1}], 'normalize': True}
2026-01-12 17:28:44,790 INFO Params set successfully. GK created: True
2026-01-12 17:28:44,794 INFO Setting params: {'C': 1.0, 'kernel_params': [{'name': 'propagation', 'with_attributes': True, 't_max': 3}], 'normalize': True}
2026-01-12 17:28:44,794 INFO Params set successfully. GK created: True
2026-01-12 17:28:44,796 INFO Setting params: {'C': 1.0, 'kernel_params': [{'name': 'propagation', 'with_attributes': True, 't_max': 5}], 'normalize': True}
2026-01-12 17:28:44,796 INFO Params set successfully. GK created: True
2026-01-12 17:28:44,798 INFO Setting params: {'C': 1.0, 'kernel_params': [{'name': 'propagation', 'with_attributes': True, 't_max': 8}], 'normalize': True}
2026-01-12 17:28:44,798 INFO Params set successfully. GK created: True
2026-01-12 17:28:44,800 INFO Setting params: {'C': 1.0, 'kernel_params': [{'name': 'propagation', 'with_attributes': True, 't_max': 10}], 'normalize': True}
2026-01-12 17:28:44,800 INFO Params set successfully. GK created: True
2026-01-12 17:28:44,802 INFO Setting params: {'C': 1.0, 'kernel_params': [{'name': 'propagation', 'with_attributes': True, 't_max': 15}], 'normalize': True}
2026-01-12 17:28:44,802 INFO Params set successfully. GK created: True
2026-01-12 17:28:44,805 INFO Setting params: {'C': 1.0, 'kernel_params': [{'name': 'propagation', 'with_attributes': True, 't_max': 20}], 'normalize': True}
2026-01-12 17:28:44,805 INFO Params set successfully. GK created: True
2026-01-12 17:28:44,807 INFO Setting params: {'C': 5.1794746792312125, 'kernel_params': [{'name': 'propagation', 'with_attributes': True, 't_max': 1}], 'normalize': True}
2026-01-12 17:28:44,807 INFO Params set successfully. GK created: True
2026-01-12 17:28:44,810 INFO Setting params: {'C': 5.1794746792312125, 'kernel_params': [{'name': 'propagation', 'with_attributes': True, 't_max': 3}], 'normalize': True}
2026-01-12 17:28:44,810 INFO Params set successfully. GK created: True
2026-01-12 17:28:44,812 INFO Setting params: {'C': 5.1794746792312125, 'kernel_params': [{'name': 'propagation', 'with_attributes': True, 't_max': 5}], 'normalize': True}
2026-01-12 17:28:44,812 INFO Params set successfully. GK created: True
2026-01-12 17:28:44,815 INFO Setting params: {'C': 5.1794746792312125, 'kernel_params': [{'name': 'propagation', 'with_attributes': True, 't_max': 8}], 'normalize': True}
2026-01-12 17:28:44,815 INFO Params set successfully. GK created: True
2026-01-12 17:28:44,817 INFO Setting params: {'C': 5.1794746792312125, 'kernel_params': [{'name': 'propagation', 'with_attributes': True, 't_max': 10}], 'normalize': True}
2026-01-12 17:28:44,817 INFO Params set successfully. GK created: True
2026-01-12 17:28:44,819 INFO Setting params: {'C': 5.1794746792312125, 'kernel_params': [{'name': 'propagation', 'with_attributes': True, 't_max': 15}], 'normalize': True}
2026-01-12 17:28:44,819 INFO Params set successfully. GK created: True
2026-01-12 17:28:44,821 INFO Setting params: {'C': 5.1794746792312125, 'kernel_params': [{'name': 'propagation', 'with_attributes': True, 't_max': 20}], 'normalize': True}
2026-01-12 17:28:44,821 INFO Params set successfully. GK created: True
2026-01-12 17:28:44,823 INFO Setting params: {'C': 26.826957952797272, 'kernel_params': [{'name': 'propagation', 'with_attributes': True, 't_max': 1}], 'normalize': True}
2026-01-12 17:28:44,823 INFO Params set successfully. GK created: True
2026-01-12 17:28:44,827 INFO Setting params: {'C': 26.826957952797272, 'kernel_params': [{'name': 'propagation', 'with_attributes': True, 't_max': 3}], 'normalize': True}
2026-01-12 17:28:44,827 INFO Params set successfully. GK created: True
2026-01-12 17:28:44,829 INFO Setting params: {'C': 26.826957952797272, 'kernel_params': [{'name': 'propagation', 'with_attributes': True, 't_max': 5}], 'normalize': True}
2026-01-12 17:28:44,829 INFO Params set successfully. GK created: True
2026-01-12 17:28:44,831 INFO Setting params: {'C': 26.826957952797272, 'kernel_params': [{'name': 'propagation', 'with_attributes': True, 't_max': 8}], 'normalize': True}
2026-01-12 17:28:44,831 INFO Params set successfully. GK created: True
2026-01-12 17:28:44,834 INFO Setting params: {'C': 26.826957952797272, 'kernel_params': [{'name': 'propagation', 'with_attributes': True, 't_max': 10}], 'normalize': True}
2026-01-12 17:28:44,834 INFO Params set successfully. GK created: True
2026-01-12 17:28:44,836 INFO Setting params: {'C': 26.826957952797272, 'kernel_params': [{'name': 'propagation', 'with_attributes': True, 't_max': 15}], 'normalize': True}
2026-01-12 17:28:44,836 INFO Params set successfully. GK created: True
2026-01-12 17:28:44,838 INFO Setting params: {'C': 26.826957952797272, 'kernel_params': [{'name': 'propagation', 'with_attributes': True, 't_max': 20}], 'normalize': True}
2026-01-12 17:28:44,838 INFO Params set successfully. GK created: True
2026-01-12 17:28:44,840 INFO Setting params: {'C': 138.9495494373139, 'kernel_params': [{'name': 'propagation', 'with_attributes': True, 't_max': 1}], 'normalize': True}
2026-01-12 17:28:44,840 INFO Params set successfully. GK created: True
2026-01-12 17:28:44,844 INFO Setting params: {'C': 138.9495494373139, 'kernel_params': [{'name': 'propagation', 'with_attributes': True, 't_max': 3}], 'normalize': True}
2026-01-12 17:28:44,844 INFO Params set successfully. GK created: True
2026-01-12 17:28:44,846 INFO Setting params: {'C': 138.9495494373139, 'kernel_params': [{'name': 'propagation', 'with_attributes': True, 't_max': 5}], 'normalize': True}
2026-01-12 17:28:44,846 INFO Params set successfully. GK created: True
2026-01-12 17:28:44,849 INFO Setting params: {'C': 138.9495494373139, 'kernel_params': [{'name': 'propagation', 'with_attributes': True, 't_max': 8}], 'normalize': True}
2026-01-12 17:28:44,849 INFO Params set successfully. GK created: True
2026-01-12 17:28:44,852 INFO Setting params: {'C': 138.9495494373139, 'kernel_params': [{'name': 'propagation', 'with_attributes': True, 't_max': 10}], 'normalize': True}
2026-01-12 17:28:44,852 INFO Params set successfully. GK created: True
2026-01-12 17:28:44,854 INFO Setting params: {'C': 138.9495494373139, 'kernel_params': [{'name': 'propagation', 'with_attributes': True, 't_max': 15}], 'normalize': True}
2026-01-12 17:28:44,854 INFO Params set successfully. GK created: True
2026-01-12 17:28:44,856 INFO Setting params: {'C': 138.9495494373139, 'kernel_params': [{'name': 'propagation', 'with_attributes': True, 't_max': 20}], 'normalize': True}
2026-01-12 17:28:44,856 INFO Params set successfully. GK created: True
2026-01-12 17:28:44,858 INFO Setting params: {'C': 719.6856730011528, 'kernel_params': [{'name': 'propagation', 'with_attributes': True, 't_max': 1}], 'normalize': True}
2026-01-12 17:28:44,858 INFO Params set successfully. GK created: True
2026-01-12 17:28:44,862 INFO Setting params: {'C': 719.6856730011528, 'kernel_params': [{'name': 'propagation', 'with_attributes': True, 't_max': 3}], 'normalize': True}
2026-01-12 17:28:44,862 INFO Params set successfully. GK created: True
2026-01-12 17:28:44,865 INFO Setting params: {'C': 719.6856730011528, 'kernel_params': [{'name': 'propagation', 'with_attributes': True, 't_max': 5}], 'normalize': True}
2026-01-12 17:28:44,865 INFO Params set successfully. GK created: True
2026-01-12 17:28:44,867 INFO Setting params: {'C': 719.6856730011528, 'kernel_params': [{'name': 'propagation', 'with_attributes': True, 't_max': 8}], 'normalize': True}
2026-01-12 17:28:44,867 INFO Params set successfully. GK created: True
2026-01-12 17:28:44,870 INFO Setting params: {'C': 719.6856730011528, 'kernel_params': [{'name': 'propagation', 'with_attributes': True, 't_max': 10}], 'normalize': True}
2026-01-12 17:28:44,870 INFO Params set successfully. GK created: True
2026-01-12 17:28:44,873 INFO Setting params: {'C': 719.6856730011528, 'kernel_params': [{'name': 'propagation', 'with_attributes': True, 't_max': 15}], 'normalize': True}
2026-01-12 17:28:44,873 INFO Params set successfully. GK created: True
2026-01-12 17:28:44,875 INFO Setting params: {'C': 719.6856730011528, 'kernel_params': [{'name': 'propagation', 'with_attributes': True, 't_max': 20}], 'normalize': True}
2026-01-12 17:28:44,875 INFO Params set successfully. GK created: True
2026-01-12 17:28:44,877 INFO Setting params: {'C': 3727.593720314938, 'kernel_params': [{'name': 'propagation', 'with_attributes': True, 't_max': 1}], 'normalize': True}
2026-01-12 17:28:44,877 INFO Params set successfully. GK created: True
2026-01-12 17:28:44,881 INFO Setting params: {'C': 3727.593720314938, 'kernel_params': [{'name': 'propagation', 'with_attributes': True, 't_max': 3}], 'normalize': True}
2026-01-12 17:28:44,881 INFO Params set successfully. GK created: True
2026-01-12 17:28:44,884 INFO Setting params: {'C': 3727.593720314938, 'kernel_params': [{'name': 'propagation', 'with_attributes': True, 't_max': 5}], 'normalize': True}
2026-01-12 17:28:44,884 INFO Params set successfully. GK created: True
2026-01-12 17:28:44,886 INFO Setting params: {'C': 3727.593720314938, 'kernel_params': [{'name': 'propagation', 'with_attributes': True, 't_max': 8}], 'normalize': True}
2026-01-12 17:28:44,886 INFO Params set successfully. GK created: True
2026-01-12 17:28:44,889 INFO Setting params: {'C': 3727.593720314938, 'kernel_params': [{'name': 'propagation', 'with_attributes': True, 't_max': 10}], 'normalize': True}
2026-01-12 17:28:44,889 INFO Params set successfully. GK created: True
2026-01-12 17:28:44,892 INFO Setting params: {'C': 3727.593720314938, 'kernel_params': [{'name': 'propagation', 'with_attributes': True, 't_max': 15}], 'normalize': True}
2026-01-12 17:28:44,892 INFO Params set successfully. GK created: True
2026-01-12 17:28:44,894 INFO Setting params: {'C': 3727.593720314938, 'kernel_params': [{'name': 'propagation', 'with_attributes': True, 't_max': 20}], 'normalize': True}
2026-01-12 17:28:44,894 INFO Params set successfully. GK created: True
2026-01-12 17:28:44,896 INFO Setting params: {'C': 19306.977288832535, 'kernel_params': [{'name': 'propagation', 'with_attributes': True, 't_max': 1}], 'normalize': True}
2026-01-12 17:28:44,896 INFO Params set successfully. GK created: True
2026-01-12 17:28:44,900 INFO Setting params: {'C': 19306.977288832535, 'kernel_params': [{'name': 'propagation', 'with_attributes': True, 't_max': 3}], 'normalize': True}
2026-01-12 17:28:44,900 INFO Params set successfully. GK created: True
2026-01-12 17:28:44,903 INFO Setting params: {'C': 19306.977288832535, 'kernel_params': [{'name': 'propagation', 'with_attributes': True, 't_max': 5}], 'normalize': True}
2026-01-12 17:28:44,903 INFO Params set successfully. GK created: True
2026-01-12 17:28:44,905 INFO Setting params: {'C': 19306.977288832535, 'kernel_params': [{'name': 'propagation', 'with_attributes': True, 't_max': 8}], 'normalize': True}
2026-01-12 17:28:44,905 INFO Params set successfully. GK created: True
2026-01-12 17:28:44,908 INFO Setting params: {'C': 19306.977288832535, 'kernel_params': [{'name': 'propagation', 'with_attributes': True, 't_max': 10}], 'normalize': True}
2026-01-12 17:28:44,908 INFO Params set successfully. GK created: True
2026-01-12 17:28:44,911 INFO Setting params: {'C': 19306.977288832535, 'kernel_params': [{'name': 'propagation', 'with_attributes': True, 't_max': 15}], 'normalize': True}
2026-01-12 17:28:44,911 INFO Params set successfully. GK created: True
2026-01-12 17:28:44,913 INFO Setting params: {'C': 19306.977288832535, 'kernel_params': [{'name': 'propagation', 'with_attributes': True, 't_max': 20}], 'normalize': True}
2026-01-12 17:28:44,913 INFO Params set successfully. GK created: True
2026-01-12 17:28:44,916 INFO Setting params: {'C': 100000.0, 'kernel_params': [{'name': 'propagation', 'with_attributes': True, 't_max': 1}], 'normalize': True}
2026-01-12 17:28:44,916 INFO Params set successfully. GK created: True
2026-01-12 17:28:44,919 INFO Setting params: {'C': 100000.0, 'kernel_params': [{'name': 'propagation', 'with_attributes': True, 't_max': 3}], 'normalize': True}
2026-01-12 17:28:44,919 INFO Params set successfully. GK created: True
2026-01-12 17:28:44,922 INFO Setting params: {'C': 100000.0, 'kernel_params': [{'name': 'propagation', 'with_attributes': True, 't_max': 5}], 'normalize': True}
2026-01-12 17:28:44,922 INFO Params set successfully. GK created: True
2026-01-12 17:28:44,924 INFO Setting params: {'C': 100000.0, 'kernel_params': [{'name': 'propagation', 'with_attributes': True, 't_max': 8}], 'normalize': True}
2026-01-12 17:28:44,925 INFO Params set successfully. GK created: True
2026-01-12 17:28:44,927 INFO Setting params: {'C': 100000.0, 'kernel_params': [{'name': 'propagation', 'with_attributes': True, 't_max': 10}], 'normalize': True}
2026-01-12 17:28:44,927 INFO Params set successfully. GK created: True
2026-01-12 17:28:44,930 INFO Setting params: {'C': 100000.0, 'kernel_params': [{'name': 'propagation', 'with_attributes': True, 't_max': 15}], 'normalize': True}
2026-01-12 17:28:44,930 INFO Params set successfully. GK created: True
2026-01-12 17:28:44,932 INFO Setting params: {'C': 100000.0, 'kernel_params': [{'name': 'propagation', 'with_attributes': True, 't_max': 20}], 'normalize': True}
2026-01-12 17:28:44,932 INFO Params set successfully. GK created: True
2026-01-12 17:28:44,935 INFO Setting params: {'C': 1e-05, 'kernel_params': [{'name': 'propagation', 'with_attributes': True, 't_max': 1}], 'normalize': True}
2026-01-12 17:28:44,935 INFO Params set successfully. GK created: True
2026-01-12 17:28:44,937 INFO Setting params: {'C': 1e-05, 'kernel_params': [{'name': 'propagation', 'with_attributes': True, 't_max': 3}], 'normalize': True}
2026-01-12 17:28:44,937 INFO Params set successfully. GK created: True
2026-01-12 17:28:44,939 INFO Setting params: {'C': 1e-05, 'kernel_params': [{'name': 'propagation', 'with_attributes': True, 't_max': 5}], 'normalize': True}
2026-01-12 17:28:44,939 INFO Params set successfully. GK created: True
2026-01-12 17:28:44,941 INFO Setting params: {'C': 1e-05, 'kernel_params': [{'name': 'propagation', 'with_attributes': True, 't_max': 8}], 'normalize': True}
2026-01-12 17:28:44,941 INFO Params set successfully. GK created: True
2026-01-12 17:28:44,943 INFO Setting params: {'C': 1e-05, 'kernel_params': [{'name': 'propagation', 'with_attributes': True, 't_max': 10}], 'normalize': True}
2026-01-12 17:28:44,943 INFO Params set successfully. GK created: True
2026-01-12 17:28:44,945 INFO Setting params: {'C': 1e-05, 'kernel_params': [{'name': 'propagation', 'with_attributes': True, 't_max': 15}], 'normalize': True}
2026-01-12 17:28:44,945 INFO Params set successfully. GK created: True
2026-01-12 17:28:44,947 INFO Setting params: {'C': 1e-05, 'kernel_params': [{'name': 'propagation', 'with_attributes': True, 't_max': 20}], 'normalize': True}
2026-01-12 17:28:44,947 INFO Params set successfully. GK created: True
2026-01-12 17:28:44,949 INFO Setting params: {'C': 5.1794746792312125e-05, 'kernel_params': [{'name': 'propagation', 'with_attributes': True, 't_max': 1}], 'normalize': True}
2026-01-12 17:28:44,949 INFO Params set successfully. GK created: True
2026-01-12 17:28:44,951 INFO Setting params: {'C': 5.1794746792312125e-05, 'kernel_params': [{'name': 'propagation', 'with_attributes': True, 't_max': 3}], 'normalize': True}
2026-01-12 17:28:44,951 INFO Params set successfully. GK created: True
2026-01-12 17:28:44,953 INFO Setting params: {'C': 5.1794746792312125e-05, 'kernel_params': [{'name': 'propagation', 'with_attributes': True, 't_max': 5}], 'normalize': True}
2026-01-12 17:28:44,953 INFO Params set successfully. GK created: True
2026-01-12 17:28:44,955 INFO Setting params: {'C': 5.1794746792312125e-05, 'kernel_params': [{'name': 'propagation', 'with_attributes': True, 't_max': 8}], 'normalize': True}
2026-01-12 17:28:44,955 INFO Params set successfully. GK created: True
2026-01-12 17:28:44,957 INFO Setting params: {'C': 5.1794746792312125e-05, 'kernel_params': [{'name': 'propagation', 'with_attributes': True, 't_max': 10}], 'normalize': True}
2026-01-12 17:28:44,957 INFO Params set successfully. GK created: True
2026-01-12 17:28:44,959 INFO Setting params: {'C': 5.1794746792312125e-05, 'kernel_params': [{'name': 'propagation', 'with_attributes': True, 't_max': 15}], 'normalize': True}
2026-01-12 17:28:44,959 INFO Params set successfully. GK created: True
2026-01-12 17:28:44,961 INFO Setting params: {'C': 5.1794746792312125e-05, 'kernel_params': [{'name': 'propagation', 'with_attributes': True, 't_max': 20}], 'normalize': True}
2026-01-12 17:28:44,961 INFO Params set successfully. GK created: True
2026-01-12 17:28:44,963 INFO Setting params: {'C': 0.0002682695795279727, 'kernel_params': [{'name': 'propagation', 'with_attributes': True, 't_max': 1}], 'normalize': True}
2026-01-12 17:28:44,963 INFO Params set successfully. GK created: True
2026-01-12 17:28:44,965 INFO Setting params: {'C': 0.0002682695795279727, 'kernel_params': [{'name': 'propagation', 'with_attributes': True, 't_max': 3}], 'normalize': True}
2026-01-12 17:28:44,965 INFO Params set successfully. GK created: True
2026-01-12 17:28:44,967 INFO Setting params: {'C': 0.0002682695795279727, 'kernel_params': [{'name': 'propagation', 'with_attributes': True, 't_max': 5}], 'normalize': True}
2026-01-12 17:28:44,967 INFO Params set successfully. GK created: True
2026-01-12 17:28:44,969 INFO Setting params: {'C': 0.0002682695795279727, 'kernel_params': [{'name': 'propagation', 'with_attributes': True, 't_max': 8}], 'normalize': True}
2026-01-12 17:28:44,969 INFO Params set successfully. GK created: True
2026-01-12 17:28:44,971 INFO Setting params: {'C': 0.0002682695795279727, 'kernel_params': [{'name': 'propagation', 'with_attributes': True, 't_max': 10}], 'normalize': True}
2026-01-12 17:28:44,971 INFO Params set successfully. GK created: True
2026-01-12 17:28:44,973 INFO Setting params: {'C': 0.0002682695795279727, 'kernel_params': [{'name': 'propagation', 'with_attributes': True, 't_max': 15}], 'normalize': True}
2026-01-12 17:28:44,973 INFO Params set successfully. GK created: True
2026-01-12 17:28:44,975 INFO Setting params: {'C': 0.0002682695795279727, 'kernel_params': [{'name': 'propagation', 'with_attributes': True, 't_max': 20}], 'normalize': True}
2026-01-12 17:28:44,975 INFO Params set successfully. GK created: True
2026-01-12 17:28:44,977 INFO Setting params: {'C': 0.0013894954943731374, 'kernel_params': [{'name': 'propagation', 'with_attributes': True, 't_max': 1}], 'normalize': True}
2026-01-12 17:28:44,977 INFO Params set successfully. GK created: True
2026-01-12 17:28:44,979 INFO Setting params: {'C': 0.0013894954943731374, 'kernel_params': [{'name': 'propagation', 'with_attributes': True, 't_max': 3}], 'normalize': True}
2026-01-12 17:28:44,979 INFO Params set successfully. GK created: True
2026-01-12 17:28:44,981 INFO Setting params: {'C': 0.0013894954943731374, 'kernel_params': [{'name': 'propagation', 'with_attributes': True, 't_max': 5}], 'normalize': True}
2026-01-12 17:28:44,981 INFO Params set successfully. GK created: True
2026-01-12 17:28:44,983 INFO Setting params: {'C': 0.0013894954943731374, 'kernel_params': [{'name': 'propagation', 'with_attributes': True, 't_max': 8}], 'normalize': True}
2026-01-12 17:28:44,983 INFO Params set successfully. GK created: True
2026-01-12 17:28:44,985 INFO Setting params: {'C': 0.0013894954943731374, 'kernel_params': [{'name': 'propagation', 'with_attributes': True, 't_max': 10}], 'normalize': True}
2026-01-12 17:28:44,985 INFO Params set successfully. GK created: True
2026-01-12 17:28:44,987 INFO Setting params: {'C': 0.0013894954943731374, 'kernel_params': [{'name': 'propagation', 'with_attributes': True, 't_max': 15}], 'normalize': True}
2026-01-12 17:28:44,987 INFO Params set successfully. GK created: True
2026-01-12 17:28:44,989 INFO Setting params: {'C': 0.0013894954943731374, 'kernel_params': [{'name': 'propagation', 'with_attributes': True, 't_max': 20}], 'normalize': True}
2026-01-12 17:28:44,989 INFO Params set successfully. GK created: True
2026-01-12 17:28:44,991 INFO Setting params: {'C': 0.0071968567300115215, 'kernel_params': [{'name': 'propagation', 'with_attributes': True, 't_max': 1}], 'normalize': True}
2026-01-12 17:28:44,992 INFO Params set successfully. GK created: True
2026-01-12 17:28:44,994 INFO Setting params: {'C': 0.0071968567300115215, 'kernel_params': [{'name': 'propagation', 'with_attributes': True, 't_max': 3}], 'normalize': True}
2026-01-12 17:28:44,994 INFO Params set successfully. GK created: True
2026-01-12 17:28:44,996 INFO Setting params: {'C': 0.0071968567300115215, 'kernel_params': [{'name': 'propagation', 'with_attributes': True, 't_max': 5}], 'normalize': True}
2026-01-12 17:28:44,996 INFO Params set successfully. GK created: True
2026-01-12 17:28:44,998 INFO Setting params: {'C': 0.0071968567300115215, 'kernel_params': [{'name': 'propagation', 'with_attributes': True, 't_max': 8}], 'normalize': True}
2026-01-12 17:28:44,998 INFO Params set successfully. GK created: True
2026-01-12 17:28:45,000 INFO Setting params: {'C': 0.0071968567300115215, 'kernel_params': [{'name': 'propagation', 'with_attributes': True, 't_max': 10}], 'normalize': True}
2026-01-12 17:28:45,000 INFO Params set successfully. GK created: True
2026-01-12 17:28:45,002 INFO Setting params: {'C': 0.0071968567300115215, 'kernel_params': [{'name': 'propagation', 'with_attributes': True, 't_max': 15}], 'normalize': True}
2026-01-12 17:28:45,002 INFO Params set successfully. GK created: True
2026-01-12 17:28:45,004 INFO Setting params: {'C': 0.0071968567300115215, 'kernel_params': [{'name': 'propagation', 'with_attributes': True, 't_max': 20}], 'normalize': True}
2026-01-12 17:28:45,004 INFO Params set successfully. GK created: True
2026-01-12 17:28:45,006 INFO Setting params: {'C': 0.037275937203149416, 'kernel_params': [{'name': 'propagation', 'with_attributes': True, 't_max': 1}], 'normalize': True}
2026-01-12 17:28:45,006 INFO Params set successfully. GK created: True
2026-01-12 17:28:45,009 INFO Setting params: {'C': 0.037275937203149416, 'kernel_params': [{'name': 'propagation', 'with_attributes': True, 't_max': 3}], 'normalize': True}
2026-01-12 17:28:45,009 INFO Params set successfully. GK created: True
2026-01-12 17:28:45,011 INFO Setting params: {'C': 0.037275937203149416, 'kernel_params': [{'name': 'propagation', 'with_attributes': True, 't_max': 5}], 'normalize': True}
2026-01-12 17:28:45,011 INFO Params set successfully. GK created: True
2026-01-12 17:28:45,013 INFO Setting params: {'C': 0.037275937203149416, 'kernel_params': [{'name': 'propagation', 'with_attributes': True, 't_max': 8}], 'normalize': True}
2026-01-12 17:28:45,013 INFO Params set successfully. GK created: True
2026-01-12 17:28:45,015 INFO Setting params: {'C': 0.037275937203149416, 'kernel_params': [{'name': 'propagation', 'with_attributes': True, 't_max': 10}], 'normalize': True}
2026-01-12 17:28:45,015 INFO Params set successfully. GK created: True
2026-01-12 17:28:45,017 INFO Setting params: {'C': 0.037275937203149416, 'kernel_params': [{'name': 'propagation', 'with_attributes': True, 't_max': 15}], 'normalize': True}
2026-01-12 17:28:45,017 INFO Params set successfully. GK created: True
2026-01-12 17:28:45,019 INFO Setting params: {'C': 0.037275937203149416, 'kernel_params': [{'name': 'propagation', 'with_attributes': True, 't_max': 20}], 'normalize': True}
2026-01-12 17:28:45,019 INFO Params set successfully. GK created: True
2026-01-12 17:28:45,021 INFO Setting params: {'C': 0.19306977288832497, 'kernel_params': [{'name': 'propagation', 'with_attributes': True, 't_max': 1}], 'normalize': True}
2026-01-12 17:28:45,021 INFO Params set successfully. GK created: True
2026-01-12 17:28:45,024 INFO Setting params: {'C': 0.19306977288832497, 'kernel_params': [{'name': 'propagation', 'with_attributes': True, 't_max': 3}], 'normalize': True}
2026-01-12 17:28:45,024 INFO Params set successfully. GK created: True
2026-01-12 17:28:45,026 INFO Setting params: {'C': 0.19306977288832497, 'kernel_params': [{'name': 'propagation', 'with_attributes': True, 't_max': 5}], 'normalize': True}
2026-01-12 17:28:45,026 INFO Params set successfully. GK created: True
2026-01-12 17:28:45,028 INFO Setting params: {'C': 0.19306977288832497, 'kernel_params': [{'name': 'propagation', 'with_attributes': True, 't_max': 8}], 'normalize': True}
2026-01-12 17:28:45,028 INFO Params set successfully. GK created: True
2026-01-12 17:28:45,030 INFO Setting params: {'C': 0.19306977288832497, 'kernel_params': [{'name': 'propagation', 'with_attributes': True, 't_max': 10}], 'normalize': True}
2026-01-12 17:28:45,030 INFO Params set successfully. GK created: True
2026-01-12 17:28:45,032 INFO Setting params: {'C': 0.19306977288832497, 'kernel_params': [{'name': 'propagation', 'with_attributes': True, 't_max': 15}], 'normalize': True}
2026-01-12 17:28:45,032 INFO Params set successfully. GK created: True
2026-01-12 17:28:45,034 INFO Setting params: {'C': 0.19306977288832497, 'kernel_params': [{'name': 'propagation', 'with_attributes': True, 't_max': 20}], 'normalize': True}
2026-01-12 17:28:45,034 INFO Params set successfully. GK created: True
2026-01-12 17:28:45,036 INFO Setting params: {'C': 1.0, 'kernel_params': [{'name': 'propagation', 'with_attributes': True, 't_max': 1}], 'normalize': True}
2026-01-12 17:28:45,036 INFO Params set successfully. GK created: True
2026-01-12 17:28:45,040 INFO Setting params: {'C': 1.0, 'kernel_params': [{'name': 'propagation', 'with_attributes': True, 't_max': 3}], 'normalize': True}
2026-01-12 17:28:45,040 INFO Params set successfully. GK created: True
2026-01-12 17:28:45,042 INFO Setting params: {'C': 1.0, 'kernel_params': [{'name': 'propagation', 'with_attributes': True, 't_max': 5}], 'normalize': True}
2026-01-12 17:28:45,042 INFO Params set successfully. GK created: True
2026-01-12 17:28:45,044 INFO Setting params: {'C': 1.0, 'kernel_params': [{'name': 'propagation', 'with_attributes': True, 't_max': 8}], 'normalize': True}
2026-01-12 17:28:45,044 INFO Params set successfully. GK created: True
2026-01-12 17:28:45,046 INFO Setting params: {'C': 1.0, 'kernel_params': [{'name': 'propagation', 'with_attributes': True, 't_max': 10}], 'normalize': True}
2026-01-12 17:28:45,047 INFO Params set successfully. GK created: True
2026-01-12 17:28:45,049 INFO Setting params: {'C': 1.0, 'kernel_params': [{'name': 'propagation', 'with_attributes': True, 't_max': 15}], 'normalize': True}
2026-01-12 17:28:45,049 INFO Params set successfully. GK created: True
2026-01-12 17:28:45,051 INFO Setting params: {'C': 1.0, 'kernel_params': [{'name': 'propagation', 'with_attributes': True, 't_max': 20}], 'normalize': True}
2026-01-12 17:28:45,051 INFO Params set successfully. GK created: True
2026-01-12 17:28:45,053 INFO Setting params: {'C': 5.1794746792312125, 'kernel_params': [{'name': 'propagation', 'with_attributes': True, 't_max': 1}], 'normalize': True}
2026-01-12 17:28:45,053 INFO Params set successfully. GK created: True
2026-01-12 17:28:45,056 INFO Setting params: {'C': 5.1794746792312125, 'kernel_params': [{'name': 'propagation', 'with_attributes': True, 't_max': 3}], 'normalize': True}
2026-01-12 17:28:45,057 INFO Params set successfully. GK created: True
2026-01-12 17:28:45,059 INFO Setting params: {'C': 5.1794746792312125, 'kernel_params': [{'name': 'propagation', 'with_attributes': True, 't_max': 5}], 'normalize': True}
2026-01-12 17:28:45,059 INFO Params set successfully. GK created: True
2026-01-12 17:28:45,061 INFO Setting params: {'C': 5.1794746792312125, 'kernel_params': [{'name': 'propagation', 'with_attributes': True, 't_max': 8}], 'normalize': True}
2026-01-12 17:28:45,061 INFO Params set successfully. GK created: True
2026-01-12 17:28:45,063 INFO Setting params: {'C': 5.1794746792312125, 'kernel_params': [{'name': 'propagation', 'with_attributes': True, 't_max': 10}], 'normalize': True}
2026-01-12 17:28:45,063 INFO Params set successfully. GK created: True
2026-01-12 17:28:45,065 INFO Setting params: {'C': 5.1794746792312125, 'kernel_params': [{'name': 'propagation', 'with_attributes': True, 't_max': 15}], 'normalize': True}
2026-01-12 17:28:45,065 INFO Params set successfully. GK created: True
2026-01-12 17:28:45,068 INFO Setting params: {'C': 5.1794746792312125, 'kernel_params': [{'name': 'propagation', 'with_attributes': True, 't_max': 20}], 'normalize': True}
2026-01-12 17:28:45,068 INFO Params set successfully. GK created: True
2026-01-12 17:28:45,070 INFO Setting params: {'C': 26.826957952797272, 'kernel_params': [{'name': 'propagation', 'with_attributes': True, 't_max': 1}], 'normalize': True}
2026-01-12 17:28:45,070 INFO Params set successfully. GK created: True
2026-01-12 17:28:45,073 INFO Setting params: {'C': 26.826957952797272, 'kernel_params': [{'name': 'propagation', 'with_attributes': True, 't_max': 3}], 'normalize': True}
2026-01-12 17:28:45,073 INFO Params set successfully. GK created: True
2026-01-12 17:28:45,076 INFO Setting params: {'C': 26.826957952797272, 'kernel_params': [{'name': 'propagation', 'with_attributes': True, 't_max': 5}], 'normalize': True}
2026-01-12 17:28:45,076 INFO Params set successfully. GK created: True
2026-01-12 17:28:45,078 INFO Setting params: {'C': 26.826957952797272, 'kernel_params': [{'name': 'propagation', 'with_attributes': True, 't_max': 8}], 'normalize': True}
2026-01-12 17:28:45,078 INFO Params set successfully. GK created: True
2026-01-12 17:28:45,080 INFO Setting params: {'C': 26.826957952797272, 'kernel_params': [{'name': 'propagation', 'with_attributes': True, 't_max': 10}], 'normalize': True}
2026-01-12 17:28:45,080 INFO Params set successfully. GK created: True
2026-01-12 17:28:45,082 INFO Setting params: {'C': 26.826957952797272, 'kernel_params': [{'name': 'propagation', 'with_attributes': True, 't_max': 15}], 'normalize': True}
2026-01-12 17:28:45,082 INFO Params set successfully. GK created: True
2026-01-12 17:28:45,085 INFO Setting params: {'C': 26.826957952797272, 'kernel_params': [{'name': 'propagation', 'with_attributes': True, 't_max': 20}], 'normalize': True}
2026-01-12 17:28:45,085 INFO Params set successfully. GK created: True
2026-01-12 17:28:45,087 INFO Setting params: {'C': 138.9495494373139, 'kernel_params': [{'name': 'propagation', 'with_attributes': True, 't_max': 1}], 'normalize': True}
2026-01-12 17:28:45,087 INFO Params set successfully. GK created: True
2026-01-12 17:28:45,090 INFO Setting params: {'C': 138.9495494373139, 'kernel_params': [{'name': 'propagation', 'with_attributes': True, 't_max': 3}], 'normalize': True}
2026-01-12 17:28:45,090 INFO Params set successfully. GK created: True
2026-01-12 17:28:45,093 INFO Setting params: {'C': 138.9495494373139, 'kernel_params': [{'name': 'propagation', 'with_attributes': True, 't_max': 5}], 'normalize': True}
2026-01-12 17:28:45,093 INFO Params set successfully. GK created: True
2026-01-12 17:28:45,095 INFO Setting params: {'C': 138.9495494373139, 'kernel_params': [{'name': 'propagation', 'with_attributes': True, 't_max': 8}], 'normalize': True}
2026-01-12 17:28:45,095 INFO Params set successfully. GK created: True
2026-01-12 17:28:45,098 INFO Setting params: {'C': 138.9495494373139, 'kernel_params': [{'name': 'propagation', 'with_attributes': True, 't_max': 10}], 'normalize': True}
2026-01-12 17:28:45,098 INFO Params set successfully. GK created: True
2026-01-12 17:28:45,100 INFO Setting params: {'C': 138.9495494373139, 'kernel_params': [{'name': 'propagation', 'with_attributes': True, 't_max': 15}], 'normalize': True}
2026-01-12 17:28:45,100 INFO Params set successfully. GK created: True
2026-01-12 17:28:45,103 INFO Setting params: {'C': 138.9495494373139, 'kernel_params': [{'name': 'propagation', 'with_attributes': True, 't_max': 20}], 'normalize': True}
2026-01-12 17:28:45,103 INFO Params set successfully. GK created: True
2026-01-12 17:28:45,105 INFO Setting params: {'C': 719.6856730011528, 'kernel_params': [{'name': 'propagation', 'with_attributes': True, 't_max': 1}], 'normalize': True}
2026-01-12 17:28:45,105 INFO Params set successfully. GK created: True
2026-01-12 17:28:45,108 INFO Setting params: {'C': 719.6856730011528, 'kernel_params': [{'name': 'propagation', 'with_attributes': True, 't_max': 3}], 'normalize': True}
2026-01-12 17:28:45,109 INFO Params set successfully. GK created: True
2026-01-12 17:28:45,111 INFO Setting params: {'C': 719.6856730011528, 'kernel_params': [{'name': 'propagation', 'with_attributes': True, 't_max': 5}], 'normalize': True}
2026-01-12 17:28:45,111 INFO Params set successfully. GK created: True
2026-01-12 17:28:45,114 INFO Setting params: {'C': 719.6856730011528, 'kernel_params': [{'name': 'propagation', 'with_attributes': True, 't_max': 8}], 'normalize': True}
2026-01-12 17:28:45,114 INFO Params set successfully. GK created: True
2026-01-12 17:28:45,117 INFO Setting params: {'C': 719.6856730011528, 'kernel_params': [{'name': 'propagation', 'with_attributes': True, 't_max': 10}], 'normalize': True}
2026-01-12 17:28:45,117 INFO Params set successfully. GK created: True
2026-01-12 17:28:45,119 INFO Setting params: {'C': 719.6856730011528, 'kernel_params': [{'name': 'propagation', 'with_attributes': True, 't_max': 15}], 'normalize': True}
2026-01-12 17:28:45,119 INFO Params set successfully. GK created: True
2026-01-12 17:28:45,121 INFO Setting params: {'C': 719.6856730011528, 'kernel_params': [{'name': 'propagation', 'with_attributes': True, 't_max': 20}], 'normalize': True}
2026-01-12 17:28:45,121 INFO Params set successfully. GK created: True
2026-01-12 17:28:45,124 INFO Setting params: {'C': 3727.593720314938, 'kernel_params': [{'name': 'propagation', 'with_attributes': True, 't_max': 1}], 'normalize': True}
2026-01-12 17:28:45,124 INFO Params set successfully. GK created: True
2026-01-12 17:28:45,127 INFO Setting params: {'C': 3727.593720314938, 'kernel_params': [{'name': 'propagation', 'with_attributes': True, 't_max': 3}], 'normalize': True}
2026-01-12 17:28:45,128 INFO Params set successfully. GK created: True
2026-01-12 17:28:45,130 INFO Setting params: {'C': 3727.593720314938, 'kernel_params': [{'name': 'propagation', 'with_attributes': True, 't_max': 5}], 'normalize': True}
2026-01-12 17:28:45,130 INFO Params set successfully. GK created: True
2026-01-12 17:28:45,133 INFO Setting params: {'C': 3727.593720314938, 'kernel_params': [{'name': 'propagation', 'with_attributes': True, 't_max': 8}], 'normalize': True}
2026-01-12 17:28:45,133 INFO Params set successfully. GK created: True
2026-01-12 17:28:45,136 INFO Setting params: {'C': 3727.593720314938, 'kernel_params': [{'name': 'propagation', 'with_attributes': True, 't_max': 10}], 'normalize': True}
2026-01-12 17:28:45,136 INFO Params set successfully. GK created: True
2026-01-12 17:28:45,138 INFO Setting params: {'C': 3727.593720314938, 'kernel_params': [{'name': 'propagation', 'with_attributes': True, 't_max': 15}], 'normalize': True}
2026-01-12 17:28:45,138 INFO Params set successfully. GK created: True
2026-01-12 17:28:45,140 INFO Setting params: {'C': 3727.593720314938, 'kernel_params': [{'name': 'propagation', 'with_attributes': True, 't_max': 20}], 'normalize': True}
2026-01-12 17:28:45,140 INFO Params set successfully. GK created: True
2026-01-12 17:28:45,143 INFO Setting params: {'C': 19306.977288832535, 'kernel_params': [{'name': 'propagation', 'with_attributes': True, 't_max': 1}], 'normalize': True}
2026-01-12 17:28:45,143 INFO Params set successfully. GK created: True
2026-01-12 17:28:45,147 INFO Setting params: {'C': 19306.977288832535, 'kernel_params': [{'name': 'propagation', 'with_attributes': True, 't_max': 3}], 'normalize': True}
2026-01-12 17:28:45,147 INFO Params set successfully. GK created: True
2026-01-12 17:28:45,149 INFO Setting params: {'C': 19306.977288832535, 'kernel_params': [{'name': 'propagation', 'with_attributes': True, 't_max': 5}], 'normalize': True}
2026-01-12 17:28:45,149 INFO Params set successfully. GK created: True
2026-01-12 17:28:45,152 INFO Setting params: {'C': 19306.977288832535, 'kernel_params': [{'name': 'propagation', 'with_attributes': True, 't_max': 8}], 'normalize': True}
2026-01-12 17:28:45,152 INFO Params set successfully. GK created: True
2026-01-12 17:28:45,155 INFO Setting params: {'C': 19306.977288832535, 'kernel_params': [{'name': 'propagation', 'with_attributes': True, 't_max': 10}], 'normalize': True}
2026-01-12 17:28:45,155 INFO Params set successfully. GK created: True
2026-01-12 17:28:45,157 INFO Setting params: {'C': 19306.977288832535, 'kernel_params': [{'name': 'propagation', 'with_attributes': True, 't_max': 15}], 'normalize': True}
2026-01-12 17:28:45,157 INFO Params set successfully. GK created: True
2026-01-12 17:28:45,159 INFO Setting params: {'C': 19306.977288832535, 'kernel_params': [{'name': 'propagation', 'with_attributes': True, 't_max': 20}], 'normalize': True}
2026-01-12 17:28:45,160 INFO Params set successfully. GK created: True
2026-01-12 17:28:45,162 INFO Setting params: {'C': 100000.0, 'kernel_params': [{'name': 'propagation', 'with_attributes': True, 't_max': 1}], 'normalize': True}
2026-01-12 17:28:45,162 INFO Params set successfully. GK created: True
2026-01-12 17:28:45,166 INFO Setting params: {'C': 100000.0, 'kernel_params': [{'name': 'propagation', 'with_attributes': True, 't_max': 3}], 'normalize': True}
2026-01-12 17:28:45,166 INFO Params set successfully. GK created: True
2026-01-12 17:28:45,168 INFO Setting params: {'C': 100000.0, 'kernel_params': [{'name': 'propagation', 'with_attributes': True, 't_max': 5}], 'normalize': True}
2026-01-12 17:28:45,168 INFO Params set successfully. GK created: True
2026-01-12 17:28:45,171 INFO Setting params: {'C': 100000.0, 'kernel_params': [{'name': 'propagation', 'with_attributes': True, 't_max': 8}], 'normalize': True}
2026-01-12 17:28:45,171 INFO Params set successfully. GK created: True
2026-01-12 17:28:45,174 INFO Setting params: {'C': 100000.0, 'kernel_params': [{'name': 'propagation', 'with_attributes': True, 't_max': 10}], 'normalize': True}
2026-01-12 17:28:45,174 INFO Params set successfully. GK created: True
2026-01-12 17:28:45,176 INFO Setting params: {'C': 100000.0, 'kernel_params': [{'name': 'propagation', 'with_attributes': True, 't_max': 15}], 'normalize': True}
2026-01-12 17:28:45,176 INFO Params set successfully. GK created: True
2026-01-12 17:28:45,179 INFO Setting params: {'C': 100000.0, 'kernel_params': [{'name': 'propagation', 'with_attributes': True, 't_max': 20}], 'normalize': True}
2026-01-12 17:28:45,179 INFO Params set successfully. GK created: True
2026-01-12 17:28:45,181 INFO Setting params: {'C': 1e-05, 'kernel_params': [{'name': 'propagation', 'with_attributes': True, 't_max': 1}], 'normalize': True}
2026-01-12 17:28:45,181 INFO Params set successfully. GK created: True
2026-01-12 17:28:45,183 INFO Setting params: {'C': 1e-05, 'kernel_params': [{'name': 'propagation', 'with_attributes': True, 't_max': 3}], 'normalize': True}
2026-01-12 17:28:45,183 INFO Params set successfully. GK created: True
2026-01-12 17:28:45,185 INFO Setting params: {'C': 1e-05, 'kernel_params': [{'name': 'propagation', 'with_attributes': True, 't_max': 5}], 'normalize': True}
2026-01-12 17:28:45,185 INFO Params set successfully. GK created: True
2026-01-12 17:28:45,187 INFO Setting params: {'C': 1e-05, 'kernel_params': [{'name': 'propagation', 'with_attributes': True, 't_max': 8}], 'normalize': True}
2026-01-12 17:28:45,187 INFO Params set successfully. GK created: True
2026-01-12 17:28:45,189 INFO Setting params: {'C': 1e-05, 'kernel_params': [{'name': 'propagation', 'with_attributes': True, 't_max': 10}], 'normalize': True}
2026-01-12 17:28:45,189 INFO Params set successfully. GK created: True
2026-01-12 17:28:45,191 INFO Setting params: {'C': 1e-05, 'kernel_params': [{'name': 'propagation', 'with_attributes': True, 't_max': 15}], 'normalize': True}
2026-01-12 17:28:45,191 INFO Params set successfully. GK created: True
2026-01-12 17:28:45,193 INFO Setting params: {'C': 1e-05, 'kernel_params': [{'name': 'propagation', 'with_attributes': True, 't_max': 20}], 'normalize': True}
2026-01-12 17:28:45,193 INFO Params set successfully. GK created: True
2026-01-12 17:28:45,195 INFO Setting params: {'C': 5.1794746792312125e-05, 'kernel_params': [{'name': 'propagation', 'with_attributes': True, 't_max': 1}], 'normalize': True}
2026-01-12 17:28:45,195 INFO Params set successfully. GK created: True
2026-01-12 17:28:45,197 INFO Setting params: {'C': 5.1794746792312125e-05, 'kernel_params': [{'name': 'propagation', 'with_attributes': True, 't_max': 3}], 'normalize': True}
2026-01-12 17:28:45,197 INFO Params set successfully. GK created: True
2026-01-12 17:28:45,199 INFO Setting params: {'C': 5.1794746792312125e-05, 'kernel_params': [{'name': 'propagation', 'with_attributes': True, 't_max': 5}], 'normalize': True}
2026-01-12 17:28:45,199 INFO Params set successfully. GK created: True
2026-01-12 17:28:45,201 INFO Setting params: {'C': 5.1794746792312125e-05, 'kernel_params': [{'name': 'propagation', 'with_attributes': True, 't_max': 8}], 'normalize': True}
2026-01-12 17:28:45,201 INFO Params set successfully. GK created: True
2026-01-12 17:28:45,203 INFO Setting params: {'C': 5.1794746792312125e-05, 'kernel_params': [{'name': 'propagation', 'with_attributes': True, 't_max': 10}], 'normalize': True}
2026-01-12 17:28:45,203 INFO Params set successfully. GK created: True
2026-01-12 17:28:45,205 INFO Setting params: {'C': 5.1794746792312125e-05, 'kernel_params': [{'name': 'propagation', 'with_attributes': True, 't_max': 15}], 'normalize': True}
2026-01-12 17:28:45,205 INFO Params set successfully. GK created: True
2026-01-12 17:28:45,207 INFO Setting params: {'C': 5.1794746792312125e-05, 'kernel_params': [{'name': 'propagation', 'with_attributes': True, 't_max': 20}], 'normalize': True}
2026-01-12 17:28:45,207 INFO Params set successfully. GK created: True
2026-01-12 17:28:45,209 INFO Setting params: {'C': 0.0002682695795279727, 'kernel_params': [{'name': 'propagation', 'with_attributes': True, 't_max': 1}], 'normalize': True}
2026-01-12 17:28:45,209 INFO Params set successfully. GK created: True
2026-01-12 17:28:45,211 INFO Setting params: {'C': 0.0002682695795279727, 'kernel_params': [{'name': 'propagation', 'with_attributes': True, 't_max': 3}], 'normalize': True}
2026-01-12 17:28:45,211 INFO Params set successfully. GK created: True
2026-01-12 17:28:45,213 INFO Setting params: {'C': 0.0002682695795279727, 'kernel_params': [{'name': 'propagation', 'with_attributes': True, 't_max': 5}], 'normalize': True}
2026-01-12 17:28:45,213 INFO Params set successfully. GK created: True
2026-01-12 17:28:45,215 INFO Setting params: {'C': 0.0002682695795279727, 'kernel_params': [{'name': 'propagation', 'with_attributes': True, 't_max': 8}], 'normalize': True}
2026-01-12 17:28:45,215 INFO Params set successfully. GK created: True
2026-01-12 17:28:45,217 INFO Setting params: {'C': 0.0002682695795279727, 'kernel_params': [{'name': 'propagation', 'with_attributes': True, 't_max': 10}], 'normalize': True}
2026-01-12 17:28:45,217 INFO Params set successfully. GK created: True
2026-01-12 17:28:45,219 INFO Setting params: {'C': 0.0002682695795279727, 'kernel_params': [{'name': 'propagation', 'with_attributes': True, 't_max': 15}], 'normalize': True}
2026-01-12 17:28:45,219 INFO Params set successfully. GK created: True
2026-01-12 17:28:45,221 INFO Setting params: {'C': 0.0002682695795279727, 'kernel_params': [{'name': 'propagation', 'with_attributes': True, 't_max': 20}], 'normalize': True}
2026-01-12 17:28:45,221 INFO Params set successfully. GK created: True
2026-01-12 17:28:45,223 INFO Setting params: {'C': 0.0013894954943731374, 'kernel_params': [{'name': 'propagation', 'with_attributes': True, 't_max': 1}], 'normalize': True}
2026-01-12 17:28:45,223 INFO Params set successfully. GK created: True
2026-01-12 17:28:45,225 INFO Setting params: {'C': 0.0013894954943731374, 'kernel_params': [{'name': 'propagation', 'with_attributes': True, 't_max': 3}], 'normalize': True}
2026-01-12 17:28:45,225 INFO Params set successfully. GK created: True
2026-01-12 17:28:45,227 INFO Setting params: {'C': 0.0013894954943731374, 'kernel_params': [{'name': 'propagation', 'with_attributes': True, 't_max': 5}], 'normalize': True}
2026-01-12 17:28:45,228 INFO Params set successfully. GK created: True
2026-01-12 17:28:45,229 INFO Setting params: {'C': 0.0013894954943731374, 'kernel_params': [{'name': 'propagation', 'with_attributes': True, 't_max': 8}], 'normalize': True}
2026-01-12 17:28:45,230 INFO Params set successfully. GK created: True
2026-01-12 17:28:45,231 INFO Setting params: {'C': 0.0013894954943731374, 'kernel_params': [{'name': 'propagation', 'with_attributes': True, 't_max': 10}], 'normalize': True}
2026-01-12 17:28:45,232 INFO Params set successfully. GK created: True
2026-01-12 17:28:45,233 INFO Setting params: {'C': 0.0013894954943731374, 'kernel_params': [{'name': 'propagation', 'with_attributes': True, 't_max': 15}], 'normalize': True}
2026-01-12 17:28:45,234 INFO Params set successfully. GK created: True
2026-01-12 17:28:45,236 INFO Setting params: {'C': 0.0013894954943731374, 'kernel_params': [{'name': 'propagation', 'with_attributes': True, 't_max': 20}], 'normalize': True}
2026-01-12 17:28:45,236 INFO Params set successfully. GK created: True
2026-01-12 17:28:45,238 INFO Setting params: {'C': 0.0071968567300115215, 'kernel_params': [{'name': 'propagation', 'with_attributes': True, 't_max': 1}], 'normalize': True}
2026-01-12 17:28:45,238 INFO Params set successfully. GK created: True
2026-01-12 17:28:45,240 INFO Setting params: {'C': 0.0071968567300115215, 'kernel_params': [{'name': 'propagation', 'with_attributes': True, 't_max': 3}], 'normalize': True}
2026-01-12 17:28:45,240 INFO Params set successfully. GK created: True
2026-01-12 17:28:45,242 INFO Setting params: {'C': 0.0071968567300115215, 'kernel_params': [{'name': 'propagation', 'with_attributes': True, 't_max': 5}], 'normalize': True}
2026-01-12 17:28:45,242 INFO Params set successfully. GK created: True
2026-01-12 17:28:45,244 INFO Setting params: {'C': 0.0071968567300115215, 'kernel_params': [{'name': 'propagation', 'with_attributes': True, 't_max': 8}], 'normalize': True}
2026-01-12 17:28:45,244 INFO Params set successfully. GK created: True
2026-01-12 17:28:45,246 INFO Setting params: {'C': 0.0071968567300115215, 'kernel_params': [{'name': 'propagation', 'with_attributes': True, 't_max': 10}], 'normalize': True}
2026-01-12 17:28:45,246 INFO Params set successfully. GK created: True
2026-01-12 17:28:45,248 INFO Setting params: {'C': 0.0071968567300115215, 'kernel_params': [{'name': 'propagation', 'with_attributes': True, 't_max': 15}], 'normalize': True}
2026-01-12 17:28:45,248 INFO Params set successfully. GK created: True
2026-01-12 17:28:45,250 INFO Setting params: {'C': 0.0071968567300115215, 'kernel_params': [{'name': 'propagation', 'with_attributes': True, 't_max': 20}], 'normalize': True}
2026-01-12 17:28:45,250 INFO Params set successfully. GK created: True
2026-01-12 17:28:45,252 INFO Setting params: {'C': 0.037275937203149416, 'kernel_params': [{'name': 'propagation', 'with_attributes': True, 't_max': 1}], 'normalize': True}
2026-01-12 17:28:45,252 INFO Params set successfully. GK created: True
2026-01-12 17:28:45,255 INFO Setting params: {'C': 0.037275937203149416, 'kernel_params': [{'name': 'propagation', 'with_attributes': True, 't_max': 3}], 'normalize': True}
2026-01-12 17:28:45,255 INFO Params set successfully. GK created: True
2026-01-12 17:28:45,257 INFO Setting params: {'C': 0.037275937203149416, 'kernel_params': [{'name': 'propagation', 'with_attributes': True, 't_max': 5}], 'normalize': True}
2026-01-12 17:28:45,257 INFO Params set successfully. GK created: True
2026-01-12 17:28:45,259 INFO Setting params: {'C': 0.037275937203149416, 'kernel_params': [{'name': 'propagation', 'with_attributes': True, 't_max': 8}], 'normalize': True}
2026-01-12 17:28:45,259 INFO Params set successfully. GK created: True
2026-01-12 17:28:45,261 INFO Setting params: {'C': 0.037275937203149416, 'kernel_params': [{'name': 'propagation', 'with_attributes': True, 't_max': 10}], 'normalize': True}
2026-01-12 17:28:45,261 INFO Params set successfully. GK created: True
2026-01-12 17:28:45,263 INFO Setting params: {'C': 0.037275937203149416, 'kernel_params': [{'name': 'propagation', 'with_attributes': True, 't_max': 15}], 'normalize': True}
2026-01-12 17:28:45,263 INFO Params set successfully. GK created: True
2026-01-12 17:28:45,265 INFO Setting params: {'C': 0.037275937203149416, 'kernel_params': [{'name': 'propagation', 'with_attributes': True, 't_max': 20}], 'normalize': True}
2026-01-12 17:28:45,265 INFO Params set successfully. GK created: True
2026-01-12 17:28:45,267 INFO Setting params: {'C': 0.19306977288832497, 'kernel_params': [{'name': 'propagation', 'with_attributes': True, 't_max': 1}], 'normalize': True}
2026-01-12 17:28:45,267 INFO Params set successfully. GK created: True
2026-01-12 17:28:45,270 INFO Setting params: {'C': 0.19306977288832497, 'kernel_params': [{'name': 'propagation', 'with_attributes': True, 't_max': 3}], 'normalize': True}
2026-01-12 17:28:45,270 INFO Params set successfully. GK created: True
2026-01-12 17:28:45,272 INFO Setting params: {'C': 0.19306977288832497, 'kernel_params': [{'name': 'propagation', 'with_attributes': True, 't_max': 5}], 'normalize': True}
2026-01-12 17:28:45,272 INFO Params set successfully. GK created: True
2026-01-12 17:28:45,274 INFO Setting params: {'C': 0.19306977288832497, 'kernel_params': [{'name': 'propagation', 'with_attributes': True, 't_max': 8}], 'normalize': True}
2026-01-12 17:28:45,274 INFO Params set successfully. GK created: True
2026-01-12 17:28:45,276 INFO Setting params: {'C': 0.19306977288832497, 'kernel_params': [{'name': 'propagation', 'with_attributes': True, 't_max': 10}], 'normalize': True}
2026-01-12 17:28:45,276 INFO Params set successfully. GK created: True
2026-01-12 17:28:45,278 INFO Setting params: {'C': 0.19306977288832497, 'kernel_params': [{'name': 'propagation', 'with_attributes': True, 't_max': 15}], 'normalize': True}
2026-01-12 17:28:45,278 INFO Params set successfully. GK created: True
2026-01-12 17:28:45,280 INFO Setting params: {'C': 0.19306977288832497, 'kernel_params': [{'name': 'propagation', 'with_attributes': True, 't_max': 20}], 'normalize': True}
2026-01-12 17:28:45,280 INFO Params set successfully. GK created: True
2026-01-12 17:28:45,282 INFO Setting params: {'C': 1.0, 'kernel_params': [{'name': 'propagation', 'with_attributes': True, 't_max': 1}], 'normalize': True}
2026-01-12 17:28:45,282 INFO Params set successfully. GK created: True
2026-01-12 17:28:45,286 INFO Setting params: {'C': 1.0, 'kernel_params': [{'name': 'propagation', 'with_attributes': True, 't_max': 3}], 'normalize': True}
2026-01-12 17:28:45,286 INFO Params set successfully. GK created: True
2026-01-12 17:28:45,288 INFO Setting params: {'C': 1.0, 'kernel_params': [{'name': 'propagation', 'with_attributes': True, 't_max': 5}], 'normalize': True}
2026-01-12 17:28:45,288 INFO Params set successfully. GK created: True
2026-01-12 17:28:45,290 INFO Setting params: {'C': 1.0, 'kernel_params': [{'name': 'propagation', 'with_attributes': True, 't_max': 8}], 'normalize': True}
2026-01-12 17:28:45,290 INFO Params set successfully. GK created: True
2026-01-12 17:28:45,293 INFO Setting params: {'C': 1.0, 'kernel_params': [{'name': 'propagation', 'with_attributes': True, 't_max': 10}], 'normalize': True}
2026-01-12 17:28:45,293 INFO Params set successfully. GK created: True
2026-01-12 17:28:45,295 INFO Setting params: {'C': 1.0, 'kernel_params': [{'name': 'propagation', 'with_attributes': True, 't_max': 15}], 'normalize': True}
2026-01-12 17:28:45,295 INFO Params set successfully. GK created: True
2026-01-12 17:28:45,297 INFO Setting params: {'C': 1.0, 'kernel_params': [{'name': 'propagation', 'with_attributes': True, 't_max': 20}], 'normalize': True}
2026-01-12 17:28:45,297 INFO Params set successfully. GK created: True
2026-01-12 17:28:45,299 INFO Setting params: {'C': 5.1794746792312125, 'kernel_params': [{'name': 'propagation', 'with_attributes': True, 't_max': 1}], 'normalize': True}
2026-01-12 17:28:45,299 INFO Params set successfully. GK created: True
2026-01-12 17:28:45,303 INFO Setting params: {'C': 5.1794746792312125, 'kernel_params': [{'name': 'propagation', 'with_attributes': True, 't_max': 3}], 'normalize': True}
2026-01-12 17:28:45,303 INFO Params set successfully. GK created: True
2026-01-12 17:28:45,305 INFO Setting params: {'C': 5.1794746792312125, 'kernel_params': [{'name': 'propagation', 'with_attributes': True, 't_max': 5}], 'normalize': True}
2026-01-12 17:28:45,305 INFO Params set successfully. GK created: True
2026-01-12 17:28:45,307 INFO Setting params: {'C': 5.1794746792312125, 'kernel_params': [{'name': 'propagation', 'with_attributes': True, 't_max': 8}], 'normalize': True}
2026-01-12 17:28:45,307 INFO Params set successfully. GK created: True
2026-01-12 17:28:45,309 INFO Setting params: {'C': 5.1794746792312125, 'kernel_params': [{'name': 'propagation', 'with_attributes': True, 't_max': 10}], 'normalize': True}
2026-01-12 17:28:45,309 INFO Params set successfully. GK created: True
2026-01-12 17:28:45,311 INFO Setting params: {'C': 5.1794746792312125, 'kernel_params': [{'name': 'propagation', 'with_attributes': True, 't_max': 15}], 'normalize': True}
2026-01-12 17:28:45,312 INFO Params set successfully. GK created: True
2026-01-12 17:28:45,314 INFO Setting params: {'C': 5.1794746792312125, 'kernel_params': [{'name': 'propagation', 'with_attributes': True, 't_max': 20}], 'normalize': True}
2026-01-12 17:28:45,314 INFO Params set successfully. GK created: True
2026-01-12 17:28:45,316 INFO Setting params: {'C': 26.826957952797272, 'kernel_params': [{'name': 'propagation', 'with_attributes': True, 't_max': 1}], 'normalize': True}
2026-01-12 17:28:45,316 INFO Params set successfully. GK created: True
2026-01-12 17:28:45,319 INFO Setting params: {'C': 26.826957952797272, 'kernel_params': [{'name': 'propagation', 'with_attributes': True, 't_max': 3}], 'normalize': True}
2026-01-12 17:28:45,320 INFO Params set successfully. GK created: True
2026-01-12 17:28:45,322 INFO Setting params: {'C': 26.826957952797272, 'kernel_params': [{'name': 'propagation', 'with_attributes': True, 't_max': 5}], 'normalize': True}
2026-01-12 17:28:45,322 INFO Params set successfully. GK created: True
2026-01-12 17:28:45,324 INFO Setting params: {'C': 26.826957952797272, 'kernel_params': [{'name': 'propagation', 'with_attributes': True, 't_max': 8}], 'normalize': True}
2026-01-12 17:28:45,324 INFO Params set successfully. GK created: True
2026-01-12 17:28:45,326 INFO Setting params: {'C': 26.826957952797272, 'kernel_params': [{'name': 'propagation', 'with_attributes': True, 't_max': 10}], 'normalize': True}
2026-01-12 17:28:45,326 INFO Params set successfully. GK created: True
2026-01-12 17:28:45,329 INFO Setting params: {'C': 26.826957952797272, 'kernel_params': [{'name': 'propagation', 'with_attributes': True, 't_max': 15}], 'normalize': True}
2026-01-12 17:28:45,329 INFO Params set successfully. GK created: True
2026-01-12 17:28:45,331 INFO Setting params: {'C': 26.826957952797272, 'kernel_params': [{'name': 'propagation', 'with_attributes': True, 't_max': 20}], 'normalize': True}
2026-01-12 17:28:45,331 INFO Params set successfully. GK created: True
2026-01-12 17:28:45,333 INFO Setting params: {'C': 138.9495494373139, 'kernel_params': [{'name': 'propagation', 'with_attributes': True, 't_max': 1}], 'normalize': True}
2026-01-12 17:28:45,333 INFO Params set successfully. GK created: True
2026-01-12 17:28:45,337 INFO Setting params: {'C': 138.9495494373139, 'kernel_params': [{'name': 'propagation', 'with_attributes': True, 't_max': 3}], 'normalize': True}
2026-01-12 17:28:45,337 INFO Params set successfully. GK created: True
2026-01-12 17:28:45,339 INFO Setting params: {'C': 138.9495494373139, 'kernel_params': [{'name': 'propagation', 'with_attributes': True, 't_max': 5}], 'normalize': True}
2026-01-12 17:28:45,339 INFO Params set successfully. GK created: True
2026-01-12 17:28:45,342 INFO Setting params: {'C': 138.9495494373139, 'kernel_params': [{'name': 'propagation', 'with_attributes': True, 't_max': 8}], 'normalize': True}
2026-01-12 17:28:45,342 INFO Params set successfully. GK created: True
2026-01-12 17:28:45,345 INFO Setting params: {'C': 138.9495494373139, 'kernel_params': [{'name': 'propagation', 'with_attributes': True, 't_max': 10}], 'normalize': True}
2026-01-12 17:28:45,345 INFO Params set successfully. GK created: True
2026-01-12 17:28:45,347 INFO Setting params: {'C': 138.9495494373139, 'kernel_params': [{'name': 'propagation', 'with_attributes': True, 't_max': 15}], 'normalize': True}
2026-01-12 17:28:45,347 INFO Params set successfully. GK created: True
2026-01-12 17:28:45,349 INFO Setting params: {'C': 138.9495494373139, 'kernel_params': [{'name': 'propagation', 'with_attributes': True, 't_max': 20}], 'normalize': True}
2026-01-12 17:28:45,349 INFO Params set successfully. GK created: True
2026-01-12 17:28:45,351 INFO Setting params: {'C': 719.6856730011528, 'kernel_params': [{'name': 'propagation', 'with_attributes': True, 't_max': 1}], 'normalize': True}
2026-01-12 17:28:45,351 INFO Params set successfully. GK created: True
2026-01-12 17:28:45,355 INFO Setting params: {'C': 719.6856730011528, 'kernel_params': [{'name': 'propagation', 'with_attributes': True, 't_max': 3}], 'normalize': True}
2026-01-12 17:28:45,355 INFO Params set successfully. GK created: True
2026-01-12 17:28:45,358 INFO Setting params: {'C': 719.6856730011528, 'kernel_params': [{'name': 'propagation', 'with_attributes': True, 't_max': 5}], 'normalize': True}
2026-01-12 17:28:45,358 INFO Params set successfully. GK created: True
2026-01-12 17:28:45,360 INFO Setting params: {'C': 719.6856730011528, 'kernel_params': [{'name': 'propagation', 'with_attributes': True, 't_max': 8}], 'normalize': True}
2026-01-12 17:28:45,361 INFO Params set successfully. GK created: True
2026-01-12 17:28:45,363 INFO Setting params: {'C': 719.6856730011528, 'kernel_params': [{'name': 'propagation', 'with_attributes': True, 't_max': 10}], 'normalize': True}
2026-01-12 17:28:45,363 INFO Params set successfully. GK created: True
2026-01-12 17:28:45,366 INFO Setting params: {'C': 719.6856730011528, 'kernel_params': [{'name': 'propagation', 'with_attributes': True, 't_max': 15}], 'normalize': True}
2026-01-12 17:28:45,366 INFO Params set successfully. GK created: True
2026-01-12 17:28:45,368 INFO Setting params: {'C': 719.6856730011528, 'kernel_params': [{'name': 'propagation', 'with_attributes': True, 't_max': 20}], 'normalize': True}
2026-01-12 17:28:45,368 INFO Params set successfully. GK created: True
2026-01-12 17:28:45,371 INFO Setting params: {'C': 3727.593720314938, 'kernel_params': [{'name': 'propagation', 'with_attributes': True, 't_max': 1}], 'normalize': True}
2026-01-12 17:28:45,371 INFO Params set successfully. GK created: True
2026-01-12 17:28:45,374 INFO Setting params: {'C': 3727.593720314938, 'kernel_params': [{'name': 'propagation', 'with_attributes': True, 't_max': 3}], 'normalize': True}
2026-01-12 17:28:45,374 INFO Params set successfully. GK created: True
2026-01-12 17:28:45,377 INFO Setting params: {'C': 3727.593720314938, 'kernel_params': [{'name': 'propagation', 'with_attributes': True, 't_max': 5}], 'normalize': True}
2026-01-12 17:28:45,377 INFO Params set successfully. GK created: True
2026-01-12 17:28:45,380 INFO Setting params: {'C': 3727.593720314938, 'kernel_params': [{'name': 'propagation', 'with_attributes': True, 't_max': 8}], 'normalize': True}
2026-01-12 17:28:45,380 INFO Params set successfully. GK created: True
2026-01-12 17:28:45,383 INFO Setting params: {'C': 3727.593720314938, 'kernel_params': [{'name': 'propagation', 'with_attributes': True, 't_max': 10}], 'normalize': True}
2026-01-12 17:28:45,383 INFO Params set successfully. GK created: True
2026-01-12 17:28:45,385 INFO Setting params: {'C': 3727.593720314938, 'kernel_params': [{'name': 'propagation', 'with_attributes': True, 't_max': 15}], 'normalize': True}
2026-01-12 17:28:45,385 INFO Params set successfully. GK created: True
2026-01-12 17:28:45,388 INFO Setting params: {'C': 3727.593720314938, 'kernel_params': [{'name': 'propagation', 'with_attributes': True, 't_max': 20}], 'normalize': True}
2026-01-12 17:28:45,388 INFO Params set successfully. GK created: True
2026-01-12 17:28:45,390 INFO Setting params: {'C': 19306.977288832535, 'kernel_params': [{'name': 'propagation', 'with_attributes': True, 't_max': 1}], 'normalize': True}
2026-01-12 17:28:45,390 INFO Params set successfully. GK created: True
2026-01-12 17:28:45,394 INFO Setting params: {'C': 19306.977288832535, 'kernel_params': [{'name': 'propagation', 'with_attributes': True, 't_max': 3}], 'normalize': True}
2026-01-12 17:28:45,394 INFO Params set successfully. GK created: True
2026-01-12 17:28:45,397 INFO Setting params: {'C': 19306.977288832535, 'kernel_params': [{'name': 'propagation', 'with_attributes': True, 't_max': 5}], 'normalize': True}
2026-01-12 17:28:45,397 INFO Params set successfully. GK created: True
2026-01-12 17:28:45,399 INFO Setting params: {'C': 19306.977288832535, 'kernel_params': [{'name': 'propagation', 'with_attributes': True, 't_max': 8}], 'normalize': True}
2026-01-12 17:28:45,399 INFO Params set successfully. GK created: True
2026-01-12 17:28:45,402 INFO Setting params: {'C': 19306.977288832535, 'kernel_params': [{'name': 'propagation', 'with_attributes': True, 't_max': 10}], 'normalize': True}
2026-01-12 17:28:45,402 INFO Params set successfully. GK created: True
2026-01-12 17:28:45,405 INFO Setting params: {'C': 19306.977288832535, 'kernel_params': [{'name': 'propagation', 'with_attributes': True, 't_max': 15}], 'normalize': True}
2026-01-12 17:28:45,405 INFO Params set successfully. GK created: True
2026-01-12 17:28:45,407 INFO Setting params: {'C': 19306.977288832535, 'kernel_params': [{'name': 'propagation', 'with_attributes': True, 't_max': 20}], 'normalize': True}
2026-01-12 17:28:45,407 INFO Params set successfully. GK created: True
2026-01-12 17:28:45,410 INFO Setting params: {'C': 100000.0, 'kernel_params': [{'name': 'propagation', 'with_attributes': True, 't_max': 1}], 'normalize': True}
2026-01-12 17:28:45,410 INFO Params set successfully. GK created: True
2026-01-12 17:28:45,413 INFO Setting params: {'C': 100000.0, 'kernel_params': [{'name': 'propagation', 'with_attributes': True, 't_max': 3}], 'normalize': True}
2026-01-12 17:28:45,413 INFO Params set successfully. GK created: True
2026-01-12 17:28:45,416 INFO Setting params: {'C': 100000.0, 'kernel_params': [{'name': 'propagation', 'with_attributes': True, 't_max': 5}], 'normalize': True}
2026-01-12 17:28:45,416 INFO Params set successfully. GK created: True
2026-01-12 17:28:45,419 INFO Setting params: {'C': 100000.0, 'kernel_params': [{'name': 'propagation', 'with_attributes': True, 't_max': 8}], 'normalize': True}
2026-01-12 17:28:45,419 INFO Params set successfully. GK created: True
2026-01-12 17:28:45,422 INFO Setting params: {'C': 100000.0, 'kernel_params': [{'name': 'propagation', 'with_attributes': True, 't_max': 10}], 'normalize': True}
2026-01-12 17:28:45,422 INFO Params set successfully. GK created: True
2026-01-12 17:28:45,424 INFO Setting params: {'C': 100000.0, 'kernel_params': [{'name': 'propagation', 'with_attributes': True, 't_max': 15}], 'normalize': True}
2026-01-12 17:28:45,424 INFO Params set successfully. GK created: True
2026-01-12 17:28:45,427 INFO Setting params: {'C': 100000.0, 'kernel_params': [{'name': 'propagation', 'with_attributes': True, 't_max': 20}], 'normalize': True}
2026-01-12 17:28:45,427 INFO Params set successfully. GK created: True
2026-01-12 17:28:45,429 INFO Setting params: {'C': 1e-05, 'kernel_params': [{'name': 'propagation', 'with_attributes': True, 't_max': 1}], 'normalize': True}
2026-01-12 17:28:45,429 INFO Params set successfully. GK created: True
2026-01-12 17:28:45,431 INFO Setting params: {'C': 1e-05, 'kernel_params': [{'name': 'propagation', 'with_attributes': True, 't_max': 3}], 'normalize': True}
2026-01-12 17:28:45,431 INFO Params set successfully. GK created: True
2026-01-12 17:28:45,433 INFO Setting params: {'C': 1e-05, 'kernel_params': [{'name': 'propagation', 'with_attributes': True, 't_max': 5}], 'normalize': True}
2026-01-12 17:28:45,433 INFO Params set successfully. GK created: True
2026-01-12 17:28:45,435 INFO Setting params: {'C': 1e-05, 'kernel_params': [{'name': 'propagation', 'with_attributes': True, 't_max': 8}], 'normalize': True}
2026-01-12 17:28:45,435 INFO Params set successfully. GK created: True
2026-01-12 17:28:45,437 INFO Setting params: {'C': 1e-05, 'kernel_params': [{'name': 'propagation', 'with_attributes': True, 't_max': 10}], 'normalize': True}
2026-01-12 17:28:45,437 INFO Params set successfully. GK created: True
2026-01-12 17:28:45,439 INFO Setting params: {'C': 1e-05, 'kernel_params': [{'name': 'propagation', 'with_attributes': True, 't_max': 15}], 'normalize': True}
2026-01-12 17:28:45,439 INFO Params set successfully. GK created: True
2026-01-12 17:28:45,441 INFO Setting params: {'C': 1e-05, 'kernel_params': [{'name': 'propagation', 'with_attributes': True, 't_max': 20}], 'normalize': True}
2026-01-12 17:28:45,441 INFO Params set successfully. GK created: True
2026-01-12 17:28:45,443 INFO Setting params: {'C': 5.1794746792312125e-05, 'kernel_params': [{'name': 'propagation', 'with_attributes': True, 't_max': 1}], 'normalize': True}
2026-01-12 17:28:45,443 INFO Params set successfully. GK created: True
2026-01-12 17:28:45,445 INFO Setting params: {'C': 5.1794746792312125e-05, 'kernel_params': [{'name': 'propagation', 'with_attributes': True, 't_max': 3}], 'normalize': True}
2026-01-12 17:28:45,445 INFO Params set successfully. GK created: True
2026-01-12 17:28:45,447 INFO Setting params: {'C': 5.1794746792312125e-05, 'kernel_params': [{'name': 'propagation', 'with_attributes': True, 't_max': 5}], 'normalize': True}
2026-01-12 17:28:45,447 INFO Params set successfully. GK created: True
2026-01-12 17:28:45,449 INFO Setting params: {'C': 5.1794746792312125e-05, 'kernel_params': [{'name': 'propagation', 'with_attributes': True, 't_max': 8}], 'normalize': True}
2026-01-12 17:28:45,449 INFO Params set successfully. GK created: True
2026-01-12 17:28:45,451 INFO Setting params: {'C': 5.1794746792312125e-05, 'kernel_params': [{'name': 'propagation', 'with_attributes': True, 't_max': 10}], 'normalize': True}
2026-01-12 17:28:45,451 INFO Params set successfully. GK created: True
2026-01-12 17:28:45,453 INFO Setting params: {'C': 5.1794746792312125e-05, 'kernel_params': [{'name': 'propagation', 'with_attributes': True, 't_max': 15}], 'normalize': True}
2026-01-12 17:28:45,453 INFO Params set successfully. GK created: True
2026-01-12 17:28:45,455 INFO Setting params: {'C': 5.1794746792312125e-05, 'kernel_params': [{'name': 'propagation', 'with_attributes': True, 't_max': 20}], 'normalize': True}
2026-01-12 17:28:45,456 INFO Params set successfully. GK created: True
2026-01-12 17:28:45,458 INFO Setting params: {'C': 0.0002682695795279727, 'kernel_params': [{'name': 'propagation', 'with_attributes': True, 't_max': 1}], 'normalize': True}
2026-01-12 17:28:45,458 INFO Params set successfully. GK created: True
2026-01-12 17:28:45,460 INFO Setting params: {'C': 0.0002682695795279727, 'kernel_params': [{'name': 'propagation', 'with_attributes': True, 't_max': 3}], 'normalize': True}
2026-01-12 17:28:45,460 INFO Params set successfully. GK created: True
2026-01-12 17:28:45,462 INFO Setting params: {'C': 0.0002682695795279727, 'kernel_params': [{'name': 'propagation', 'with_attributes': True, 't_max': 5}], 'normalize': True}
2026-01-12 17:28:45,462 INFO Params set successfully. GK created: True
2026-01-12 17:28:45,464 INFO Setting params: {'C': 0.0002682695795279727, 'kernel_params': [{'name': 'propagation', 'with_attributes': True, 't_max': 8}], 'normalize': True}
2026-01-12 17:28:45,464 INFO Params set successfully. GK created: True
2026-01-12 17:28:45,466 INFO Setting params: {'C': 0.0002682695795279727, 'kernel_params': [{'name': 'propagation', 'with_attributes': True, 't_max': 10}], 'normalize': True}
2026-01-12 17:28:45,466 INFO Params set successfully. GK created: True
2026-01-12 17:28:45,468 INFO Setting params: {'C': 0.0002682695795279727, 'kernel_params': [{'name': 'propagation', 'with_attributes': True, 't_max': 15}], 'normalize': True}
2026-01-12 17:28:45,468 INFO Params set successfully. GK created: True
2026-01-12 17:28:45,470 INFO Setting params: {'C': 0.0002682695795279727, 'kernel_params': [{'name': 'propagation', 'with_attributes': True, 't_max': 20}], 'normalize': True}
2026-01-12 17:28:45,470 INFO Params set successfully. GK created: True
2026-01-12 17:28:45,472 INFO Setting params: {'C': 0.0013894954943731374, 'kernel_params': [{'name': 'propagation', 'with_attributes': True, 't_max': 1}], 'normalize': True}
2026-01-12 17:28:45,472 INFO Params set successfully. GK created: True
2026-01-12 17:28:45,474 INFO Setting params: {'C': 0.0013894954943731374, 'kernel_params': [{'name': 'propagation', 'with_attributes': True, 't_max': 3}], 'normalize': True}
2026-01-12 17:28:45,474 INFO Params set successfully. GK created: True
2026-01-12 17:28:45,476 INFO Setting params: {'C': 0.0013894954943731374, 'kernel_params': [{'name': 'propagation', 'with_attributes': True, 't_max': 5}], 'normalize': True}
2026-01-12 17:28:45,476 INFO Params set successfully. GK created: True
2026-01-12 17:28:45,478 INFO Setting params: {'C': 0.0013894954943731374, 'kernel_params': [{'name': 'propagation', 'with_attributes': True, 't_max': 8}], 'normalize': True}
2026-01-12 17:28:45,478 INFO Params set successfully. GK created: True
2026-01-12 17:28:45,480 INFO Setting params: {'C': 0.0013894954943731374, 'kernel_params': [{'name': 'propagation', 'with_attributes': True, 't_max': 10}], 'normalize': True}
2026-01-12 17:28:45,480 INFO Params set successfully. GK created: True
2026-01-12 17:28:45,482 INFO Setting params: {'C': 0.0013894954943731374, 'kernel_params': [{'name': 'propagation', 'with_attributes': True, 't_max': 15}], 'normalize': True}
2026-01-12 17:28:45,482 INFO Params set successfully. GK created: True
2026-01-12 17:28:45,484 INFO Setting params: {'C': 0.0013894954943731374, 'kernel_params': [{'name': 'propagation', 'with_attributes': True, 't_max': 20}], 'normalize': True}
2026-01-12 17:28:45,484 INFO Params set successfully. GK created: True
2026-01-12 17:28:45,486 INFO Setting params: {'C': 0.0071968567300115215, 'kernel_params': [{'name': 'propagation', 'with_attributes': True, 't_max': 1}], 'normalize': True}
2026-01-12 17:28:45,486 INFO Params set successfully. GK created: True
2026-01-12 17:28:45,489 INFO Setting params: {'C': 0.0071968567300115215, 'kernel_params': [{'name': 'propagation', 'with_attributes': True, 't_max': 3}], 'normalize': True}
2026-01-12 17:28:45,489 INFO Params set successfully. GK created: True
2026-01-12 17:28:45,491 INFO Setting params: {'C': 0.0071968567300115215, 'kernel_params': [{'name': 'propagation', 'with_attributes': True, 't_max': 5}], 'normalize': True}
2026-01-12 17:28:45,491 INFO Params set successfully. GK created: True
2026-01-12 17:28:45,493 INFO Setting params: {'C': 0.0071968567300115215, 'kernel_params': [{'name': 'propagation', 'with_attributes': True, 't_max': 8}], 'normalize': True}
2026-01-12 17:28:45,493 INFO Params set successfully. GK created: True
2026-01-12 17:28:45,495 INFO Setting params: {'C': 0.0071968567300115215, 'kernel_params': [{'name': 'propagation', 'with_attributes': True, 't_max': 10}], 'normalize': True}
2026-01-12 17:28:45,495 INFO Params set successfully. GK created: True
2026-01-12 17:28:45,497 INFO Setting params: {'C': 0.0071968567300115215, 'kernel_params': [{'name': 'propagation', 'with_attributes': True, 't_max': 15}], 'normalize': True}
2026-01-12 17:28:45,497 INFO Params set successfully. GK created: True
2026-01-12 17:28:45,499 INFO Setting params: {'C': 0.0071968567300115215, 'kernel_params': [{'name': 'propagation', 'with_attributes': True, 't_max': 20}], 'normalize': True}
2026-01-12 17:28:45,499 INFO Params set successfully. GK created: True
2026-01-12 17:28:45,501 INFO Setting params: {'C': 0.037275937203149416, 'kernel_params': [{'name': 'propagation', 'with_attributes': True, 't_max': 1}], 'normalize': True}
2026-01-12 17:28:45,501 INFO Params set successfully. GK created: True
2026-01-12 17:28:45,503 INFO Setting params: {'C': 0.037275937203149416, 'kernel_params': [{'name': 'propagation', 'with_attributes': True, 't_max': 3}], 'normalize': True}
2026-01-12 17:28:45,503 INFO Params set successfully. GK created: True
2026-01-12 17:28:45,505 INFO Setting params: {'C': 0.037275937203149416, 'kernel_params': [{'name': 'propagation', 'with_attributes': True, 't_max': 5}], 'normalize': True}
2026-01-12 17:28:45,505 INFO Params set successfully. GK created: True
2026-01-12 17:28:45,507 INFO Setting params: {'C': 0.037275937203149416, 'kernel_params': [{'name': 'propagation', 'with_attributes': True, 't_max': 8}], 'normalize': True}
2026-01-12 17:28:45,507 INFO Params set successfully. GK created: True
2026-01-12 17:28:45,509 INFO Setting params: {'C': 0.037275937203149416, 'kernel_params': [{'name': 'propagation', 'with_attributes': True, 't_max': 10}], 'normalize': True}
2026-01-12 17:28:45,510 INFO Params set successfully. GK created: True
2026-01-12 17:28:45,511 INFO Setting params: {'C': 0.037275937203149416, 'kernel_params': [{'name': 'propagation', 'with_attributes': True, 't_max': 15}], 'normalize': True}
2026-01-12 17:28:45,512 INFO Params set successfully. GK created: True
2026-01-12 17:28:45,513 INFO Setting params: {'C': 0.037275937203149416, 'kernel_params': [{'name': 'propagation', 'with_attributes': True, 't_max': 20}], 'normalize': True}
2026-01-12 17:28:45,514 INFO Params set successfully. GK created: True
2026-01-12 17:28:45,515 INFO Setting params: {'C': 0.19306977288832497, 'kernel_params': [{'name': 'propagation', 'with_attributes': True, 't_max': 1}], 'normalize': True}
2026-01-12 17:28:45,516 INFO Params set successfully. GK created: True
2026-01-12 17:28:45,518 INFO Setting params: {'C': 0.19306977288832497, 'kernel_params': [{'name': 'propagation', 'with_attributes': True, 't_max': 3}], 'normalize': True}
2026-01-12 17:28:45,518 INFO Params set successfully. GK created: True
2026-01-12 17:28:45,521 INFO Setting params: {'C': 0.19306977288832497, 'kernel_params': [{'name': 'propagation', 'with_attributes': True, 't_max': 5}], 'normalize': True}
2026-01-12 17:28:45,521 INFO Params set successfully. GK created: True
2026-01-12 17:28:45,523 INFO Setting params: {'C': 0.19306977288832497, 'kernel_params': [{'name': 'propagation', 'with_attributes': True, 't_max': 8}], 'normalize': True}
2026-01-12 17:28:45,523 INFO Params set successfully. GK created: True
2026-01-12 17:28:45,525 INFO Setting params: {'C': 0.19306977288832497, 'kernel_params': [{'name': 'propagation', 'with_attributes': True, 't_max': 10}], 'normalize': True}
2026-01-12 17:28:45,525 INFO Params set successfully. GK created: True
2026-01-12 17:28:45,527 INFO Setting params: {'C': 0.19306977288832497, 'kernel_params': [{'name': 'propagation', 'with_attributes': True, 't_max': 15}], 'normalize': True}
2026-01-12 17:28:45,527 INFO Params set successfully. GK created: True
2026-01-12 17:28:45,529 INFO Setting params: {'C': 0.19306977288832497, 'kernel_params': [{'name': 'propagation', 'with_attributes': True, 't_max': 20}], 'normalize': True}
2026-01-12 17:28:45,529 INFO Params set successfully. GK created: True
2026-01-12 17:28:45,531 INFO Setting params: {'C': 1.0, 'kernel_params': [{'name': 'propagation', 'with_attributes': True, 't_max': 1}], 'normalize': True}
2026-01-12 17:28:45,531 INFO Params set successfully. GK created: True
2026-01-12 17:28:45,534 INFO Setting params: {'C': 1.0, 'kernel_params': [{'name': 'propagation', 'with_attributes': True, 't_max': 3}], 'normalize': True}
2026-01-12 17:28:45,535 INFO Params set successfully. GK created: True
2026-01-12 17:28:45,537 INFO Setting params: {'C': 1.0, 'kernel_params': [{'name': 'propagation', 'with_attributes': True, 't_max': 5}], 'normalize': True}
2026-01-12 17:28:45,537 INFO Params set successfully. GK created: True
2026-01-12 17:28:45,539 INFO Setting params: {'C': 1.0, 'kernel_params': [{'name': 'propagation', 'with_attributes': True, 't_max': 8}], 'normalize': True}
2026-01-12 17:28:45,539 INFO Params set successfully. GK created: True
2026-01-12 17:28:45,541 INFO Setting params: {'C': 1.0, 'kernel_params': [{'name': 'propagation', 'with_attributes': True, 't_max': 10}], 'normalize': True}
2026-01-12 17:28:45,541 INFO Params set successfully. GK created: True
2026-01-12 17:28:45,543 INFO Setting params: {'C': 1.0, 'kernel_params': [{'name': 'propagation', 'with_attributes': True, 't_max': 15}], 'normalize': True}
2026-01-12 17:28:45,543 INFO Params set successfully. GK created: True
2026-01-12 17:28:45,545 INFO Setting params: {'C': 1.0, 'kernel_params': [{'name': 'propagation', 'with_attributes': True, 't_max': 20}], 'normalize': True}
2026-01-12 17:28:45,545 INFO Params set successfully. GK created: True
2026-01-12 17:28:45,547 INFO Setting params: {'C': 5.1794746792312125, 'kernel_params': [{'name': 'propagation', 'with_attributes': True, 't_max': 1}], 'normalize': True}
2026-01-12 17:28:45,548 INFO Params set successfully. GK created: True
2026-01-12 17:28:45,551 INFO Setting params: {'C': 5.1794746792312125, 'kernel_params': [{'name': 'propagation', 'with_attributes': True, 't_max': 3}], 'normalize': True}
2026-01-12 17:28:45,551 INFO Params set successfully. GK created: True
2026-01-12 17:28:45,553 INFO Setting params: {'C': 5.1794746792312125, 'kernel_params': [{'name': 'propagation', 'with_attributes': True, 't_max': 5}], 'normalize': True}
2026-01-12 17:28:45,553 INFO Params set successfully. GK created: True
2026-01-12 17:28:45,556 INFO Setting params: {'C': 5.1794746792312125, 'kernel_params': [{'name': 'propagation', 'with_attributes': True, 't_max': 8}], 'normalize': True}
2026-01-12 17:28:45,556 INFO Params set successfully. GK created: True
2026-01-12 17:28:45,558 INFO Setting params: {'C': 5.1794746792312125, 'kernel_params': [{'name': 'propagation', 'with_attributes': True, 't_max': 10}], 'normalize': True}
2026-01-12 17:28:45,558 INFO Params set successfully. GK created: True
2026-01-12 17:28:45,560 INFO Setting params: {'C': 5.1794746792312125, 'kernel_params': [{'name': 'propagation', 'with_attributes': True, 't_max': 15}], 'normalize': True}
2026-01-12 17:28:45,560 INFO Params set successfully. GK created: True
2026-01-12 17:28:45,562 INFO Setting params: {'C': 5.1794746792312125, 'kernel_params': [{'name': 'propagation', 'with_attributes': True, 't_max': 20}], 'normalize': True}
2026-01-12 17:28:45,562 INFO Params set successfully. GK created: True
2026-01-12 17:28:45,564 INFO Setting params: {'C': 26.826957952797272, 'kernel_params': [{'name': 'propagation', 'with_attributes': True, 't_max': 1}], 'normalize': True}
2026-01-12 17:28:45,564 INFO Params set successfully. GK created: True
2026-01-12 17:28:45,568 INFO Setting params: {'C': 26.826957952797272, 'kernel_params': [{'name': 'propagation', 'with_attributes': True, 't_max': 3}], 'normalize': True}
2026-01-12 17:28:45,568 INFO Params set successfully. GK created: True
2026-01-12 17:28:45,570 INFO Setting params: {'C': 26.826957952797272, 'kernel_params': [{'name': 'propagation', 'with_attributes': True, 't_max': 5}], 'normalize': True}
2026-01-12 17:28:45,570 INFO Params set successfully. GK created: True
2026-01-12 17:28:45,572 INFO Setting params: {'C': 26.826957952797272, 'kernel_params': [{'name': 'propagation', 'with_attributes': True, 't_max': 8}], 'normalize': True}
2026-01-12 17:28:45,572 INFO Params set successfully. GK created: True
2026-01-12 17:28:45,575 INFO Setting params: {'C': 26.826957952797272, 'kernel_params': [{'name': 'propagation', 'with_attributes': True, 't_max': 10}], 'normalize': True}
2026-01-12 17:28:45,575 INFO Params set successfully. GK created: True
2026-01-12 17:28:45,577 INFO Setting params: {'C': 26.826957952797272, 'kernel_params': [{'name': 'propagation', 'with_attributes': True, 't_max': 15}], 'normalize': True}
2026-01-12 17:28:45,577 INFO Params set successfully. GK created: True
2026-01-12 17:28:45,579 INFO Setting params: {'C': 26.826957952797272, 'kernel_params': [{'name': 'propagation', 'with_attributes': True, 't_max': 20}], 'normalize': True}
2026-01-12 17:28:45,579 INFO Params set successfully. GK created: True
2026-01-12 17:28:45,581 INFO Setting params: {'C': 138.9495494373139, 'kernel_params': [{'name': 'propagation', 'with_attributes': True, 't_max': 1}], 'normalize': True}
2026-01-12 17:28:45,581 INFO Params set successfully. GK created: True
2026-01-12 17:28:45,585 INFO Setting params: {'C': 138.9495494373139, 'kernel_params': [{'name': 'propagation', 'with_attributes': True, 't_max': 3}], 'normalize': True}
2026-01-12 17:28:45,585 INFO Params set successfully. GK created: True
2026-01-12 17:28:45,588 INFO Setting params: {'C': 138.9495494373139, 'kernel_params': [{'name': 'propagation', 'with_attributes': True, 't_max': 5}], 'normalize': True}
2026-01-12 17:28:45,588 INFO Params set successfully. GK created: True
2026-01-12 17:28:45,590 INFO Setting params: {'C': 138.9495494373139, 'kernel_params': [{'name': 'propagation', 'with_attributes': True, 't_max': 8}], 'normalize': True}
2026-01-12 17:28:45,590 INFO Params set successfully. GK created: True
2026-01-12 17:28:45,593 INFO Setting params: {'C': 138.9495494373139, 'kernel_params': [{'name': 'propagation', 'with_attributes': True, 't_max': 10}], 'normalize': True}
2026-01-12 17:28:45,593 INFO Params set successfully. GK created: True
2026-01-12 17:28:45,595 INFO Setting params: {'C': 138.9495494373139, 'kernel_params': [{'name': 'propagation', 'with_attributes': True, 't_max': 15}], 'normalize': True}
2026-01-12 17:28:45,595 INFO Params set successfully. GK created: True
2026-01-12 17:28:45,598 INFO Setting params: {'C': 138.9495494373139, 'kernel_params': [{'name': 'propagation', 'with_attributes': True, 't_max': 20}], 'normalize': True}
2026-01-12 17:28:45,598 INFO Params set successfully. GK created: True
2026-01-12 17:28:45,600 INFO Setting params: {'C': 719.6856730011528, 'kernel_params': [{'name': 'propagation', 'with_attributes': True, 't_max': 1}], 'normalize': True}
2026-01-12 17:28:45,600 INFO Params set successfully. GK created: True
2026-01-12 17:28:45,603 INFO Setting params: {'C': 719.6856730011528, 'kernel_params': [{'name': 'propagation', 'with_attributes': True, 't_max': 3}], 'normalize': True}
2026-01-12 17:28:45,603 INFO Params set successfully. GK created: True
2026-01-12 17:28:45,606 INFO Setting params: {'C': 719.6856730011528, 'kernel_params': [{'name': 'propagation', 'with_attributes': True, 't_max': 5}], 'normalize': True}
2026-01-12 17:28:45,606 INFO Params set successfully. GK created: True
2026-01-12 17:28:45,609 INFO Setting params: {'C': 719.6856730011528, 'kernel_params': [{'name': 'propagation', 'with_attributes': True, 't_max': 8}], 'normalize': True}
2026-01-12 17:28:45,609 INFO Params set successfully. GK created: True
2026-01-12 17:28:45,612 INFO Setting params: {'C': 719.6856730011528, 'kernel_params': [{'name': 'propagation', 'with_attributes': True, 't_max': 10}], 'normalize': True}
2026-01-12 17:28:45,612 INFO Params set successfully. GK created: True
2026-01-12 17:28:45,614 INFO Setting params: {'C': 719.6856730011528, 'kernel_params': [{'name': 'propagation', 'with_attributes': True, 't_max': 15}], 'normalize': True}
2026-01-12 17:28:45,614 INFO Params set successfully. GK created: True
2026-01-12 17:28:45,617 INFO Setting params: {'C': 719.6856730011528, 'kernel_params': [{'name': 'propagation', 'with_attributes': True, 't_max': 20}], 'normalize': True}
2026-01-12 17:28:45,617 INFO Params set successfully. GK created: True
2026-01-12 17:28:45,619 INFO Setting params: {'C': 3727.593720314938, 'kernel_params': [{'name': 'propagation', 'with_attributes': True, 't_max': 1}], 'normalize': True}
2026-01-12 17:28:45,619 INFO Params set successfully. GK created: True
2026-01-12 17:28:45,623 INFO Setting params: {'C': 3727.593720314938, 'kernel_params': [{'name': 'propagation', 'with_attributes': True, 't_max': 3}], 'normalize': True}
2026-01-12 17:28:45,623 INFO Params set successfully. GK created: True
2026-01-12 17:28:45,625 INFO Setting params: {'C': 3727.593720314938, 'kernel_params': [{'name': 'propagation', 'with_attributes': True, 't_max': 5}], 'normalize': True}
2026-01-12 17:28:45,626 INFO Params set successfully. GK created: True
2026-01-12 17:28:45,628 INFO Setting params: {'C': 3727.593720314938, 'kernel_params': [{'name': 'propagation', 'with_attributes': True, 't_max': 8}], 'normalize': True}
2026-01-12 17:28:45,628 INFO Params set successfully. GK created: True
2026-01-12 17:28:45,631 INFO Setting params: {'C': 3727.593720314938, 'kernel_params': [{'name': 'propagation', 'with_attributes': True, 't_max': 10}], 'normalize': True}
2026-01-12 17:28:45,631 INFO Params set successfully. GK created: True
2026-01-12 17:28:45,633 INFO Setting params: {'C': 3727.593720314938, 'kernel_params': [{'name': 'propagation', 'with_attributes': True, 't_max': 15}], 'normalize': True}
2026-01-12 17:28:45,633 INFO Params set successfully. GK created: True
2026-01-12 17:28:45,636 INFO Setting params: {'C': 3727.593720314938, 'kernel_params': [{'name': 'propagation', 'with_attributes': True, 't_max': 20}], 'normalize': True}
2026-01-12 17:28:45,636 INFO Params set successfully. GK created: True
2026-01-12 17:28:45,638 INFO Setting params: {'C': 19306.977288832535, 'kernel_params': [{'name': 'propagation', 'with_attributes': True, 't_max': 1}], 'normalize': True}
2026-01-12 17:28:45,638 INFO Params set successfully. GK created: True
2026-01-12 17:28:45,642 INFO Setting params: {'C': 19306.977288832535, 'kernel_params': [{'name': 'propagation', 'with_attributes': True, 't_max': 3}], 'normalize': True}
2026-01-12 17:28:45,642 INFO Params set successfully. GK created: True
2026-01-12 17:28:45,645 INFO Setting params: {'C': 19306.977288832535, 'kernel_params': [{'name': 'propagation', 'with_attributes': True, 't_max': 5}], 'normalize': True}
2026-01-12 17:28:45,645 INFO Params set successfully. GK created: True
2026-01-12 17:28:45,647 INFO Setting params: {'C': 19306.977288832535, 'kernel_params': [{'name': 'propagation', 'with_attributes': True, 't_max': 8}], 'normalize': True}
2026-01-12 17:28:45,647 INFO Params set successfully. GK created: True
2026-01-12 17:28:45,650 INFO Setting params: {'C': 19306.977288832535, 'kernel_params': [{'name': 'propagation', 'with_attributes': True, 't_max': 10}], 'normalize': True}
2026-01-12 17:28:45,650 INFO Params set successfully. GK created: True
2026-01-12 17:28:45,653 INFO Setting params: {'C': 19306.977288832535, 'kernel_params': [{'name': 'propagation', 'with_attributes': True, 't_max': 15}], 'normalize': True}
2026-01-12 17:28:45,653 INFO Params set successfully. GK created: True
2026-01-12 17:28:45,655 INFO Setting params: {'C': 19306.977288832535, 'kernel_params': [{'name': 'propagation', 'with_attributes': True, 't_max': 20}], 'normalize': True}
2026-01-12 17:28:45,655 INFO Params set successfully. GK created: True
2026-01-12 17:28:45,658 INFO Setting params: {'C': 100000.0, 'kernel_params': [{'name': 'propagation', 'with_attributes': True, 't_max': 1}], 'normalize': True}
2026-01-12 17:28:45,658 INFO Params set successfully. GK created: True
2026-01-12 17:28:45,661 INFO Setting params: {'C': 100000.0, 'kernel_params': [{'name': 'propagation', 'with_attributes': True, 't_max': 3}], 'normalize': True}
2026-01-12 17:28:45,662 INFO Params set successfully. GK created: True
2026-01-12 17:28:45,664 INFO Setting params: {'C': 100000.0, 'kernel_params': [{'name': 'propagation', 'with_attributes': True, 't_max': 5}], 'normalize': True}
2026-01-12 17:28:45,664 INFO Params set successfully. GK created: True
2026-01-12 17:28:45,667 INFO Setting params: {'C': 100000.0, 'kernel_params': [{'name': 'propagation', 'with_attributes': True, 't_max': 8}], 'normalize': True}
2026-01-12 17:28:45,667 INFO Params set successfully. GK created: True
2026-01-12 17:28:45,670 INFO Setting params: {'C': 100000.0, 'kernel_params': [{'name': 'propagation', 'with_attributes': True, 't_max': 10}], 'normalize': True}
2026-01-12 17:28:45,670 INFO Params set successfully. GK created: True
2026-01-12 17:28:45,672 INFO Setting params: {'C': 100000.0, 'kernel_params': [{'name': 'propagation', 'with_attributes': True, 't_max': 15}], 'normalize': True}
2026-01-12 17:28:45,672 INFO Params set successfully. GK created: True
2026-01-12 17:28:45,675 INFO Setting params: {'C': 100000.0, 'kernel_params': [{'name': 'propagation', 'with_attributes': True, 't_max': 20}], 'normalize': True}
2026-01-12 17:28:45,675 INFO Params set successfully. GK created: True
2026-01-12 17:28:45,677 INFO ############ All params Done for one inner cut ############
2026-01-12 17:28:45,677 INFO ############ One inner CV Done ############
2026-01-12 17:28:45,678 INFO Best params : {'C': 3727.593720314938, 'kernel_params': [{'name': 'propagation', 'with_attributes': True, 't_max': 15}], 'normalize': True}
2026-01-12 17:28:45,678 INFO Best inner score : 0.9390457643622201
2026-01-12 17:28:45,685 INFO Outer accuracy: 1.0
2026-01-12 17:28:45,685 INFO Outer F1 (macro): 1.0
2026-01-12 17:28:45,685 INFO Outer F1 (weighted): 1.0
2026-01-12 17:28:45,685 INFO By-class accuracies:
2026-01-12 17:28:45,685 INFO   Class A.1: Accuracy=1.0000
2026-01-12 17:28:45,685 INFO   Class B.1: Accuracy=1.0000
2026-01-12 17:28:45,685 INFO   Class B.2: Accuracy=1.0000
2026-01-12 17:28:45,685 INFO   Class B.4: Accuracy=1.0000
2026-01-12 17:28:45,685 INFO   Class C: Accuracy=1.0000
2026-01-12 17:28:45,685 INFO   Class D.1: Accuracy=1.0000
2026-01-12 17:28:45,685 INFO   Class E.1: Accuracy=1.0000
2026-01-12 17:28:45,685 INFO   Class E.2: Accuracy=1.0000
2026-01-12 17:28:45,685 INFO   Class F: Accuracy=1.0000
2026-01-12 17:28:45,685 INFO   Class J.1: Accuracy=1.0000
2026-01-12 17:28:45,685 INFO Classification Report:
2026-01-12 17:28:45,685 INFO {'A.1': {'precision': 1.0, 'recall': 1.0, 'f1-score': 1.0, 'support': 3.0}, 'B.1': {'precision': 1.0, 'recall': 1.0, 'f1-score': 1.0, 'support': 10.0}, 'B.2': {'precision': 1.0, 'recall': 1.0, 'f1-score': 1.0, 'support': 4.0}, 'B.4': {'precision': 1.0, 'recall': 1.0, 'f1-score': 1.0, 'support': 1.0}, 'C': {'precision': 1.0, 'recall': 1.0, 'f1-score': 1.0, 'support': 1.0}, 'D.1': {'precision': 1.0, 'recall': 1.0, 'f1-score': 1.0, 'support': 5.0}, 'E.1': {'precision': 1.0, 'recall': 1.0, 'f1-score': 1.0, 'support': 11.0}, 'E.2': {'precision': 1.0, 'recall': 1.0, 'f1-score': 1.0, 'support': 3.0}, 'F': {'precision': 1.0, 'recall': 1.0, 'f1-score': 1.0, 'support': 2.0}, 'J.1': {'precision': 1.0, 'recall': 1.0, 'f1-score': 1.0, 'support': 4.0}, 'accuracy': 1.0, 'macro avg': {'precision': 1.0, 'recall': 1.0, 'f1-score': 1.0, 'support': 44.0}, 'weighted avg': {'precision': 1.0, 'recall': 1.0, 'f1-score': 1.0, 'support': 44.0}}
2026-01-12 17:28:45,685 INFO ############ One outer Done ############
2026-01-12 17:28:45,686 INFO Setting params: {'C': 1e-05, 'kernel_params': [{'name': 'propagation', 'with_attributes': True, 't_max': 1}], 'normalize': True}
2026-01-12 17:28:45,686 INFO Params set successfully. GK created: True
2026-01-12 17:28:45,688 INFO Setting params: {'C': 1e-05, 'kernel_params': [{'name': 'propagation', 'with_attributes': True, 't_max': 3}], 'normalize': True}
2026-01-12 17:28:45,688 INFO Params set successfully. GK created: True
2026-01-12 17:28:45,690 INFO Setting params: {'C': 1e-05, 'kernel_params': [{'name': 'propagation', 'with_attributes': True, 't_max': 5}], 'normalize': True}
2026-01-12 17:28:45,690 INFO Params set successfully. GK created: True
2026-01-12 17:28:45,693 INFO Setting params: {'C': 1e-05, 'kernel_params': [{'name': 'propagation', 'with_attributes': True, 't_max': 8}], 'normalize': True}
2026-01-12 17:28:45,693 INFO Params set successfully. GK created: True
2026-01-12 17:28:45,695 INFO Setting params: {'C': 1e-05, 'kernel_params': [{'name': 'propagation', 'with_attributes': True, 't_max': 10}], 'normalize': True}
2026-01-12 17:28:45,695 INFO Params set successfully. GK created: True
2026-01-12 17:28:45,697 INFO Setting params: {'C': 1e-05, 'kernel_params': [{'name': 'propagation', 'with_attributes': True, 't_max': 15}], 'normalize': True}
2026-01-12 17:28:45,697 INFO Params set successfully. GK created: True
2026-01-12 17:28:45,699 INFO Setting params: {'C': 1e-05, 'kernel_params': [{'name': 'propagation', 'with_attributes': True, 't_max': 20}], 'normalize': True}
2026-01-12 17:28:45,699 INFO Params set successfully. GK created: True
2026-01-12 17:28:45,701 INFO Setting params: {'C': 5.1794746792312125e-05, 'kernel_params': [{'name': 'propagation', 'with_attributes': True, 't_max': 1}], 'normalize': True}
2026-01-12 17:28:45,701 INFO Params set successfully. GK created: True
2026-01-12 17:28:45,703 INFO Setting params: {'C': 5.1794746792312125e-05, 'kernel_params': [{'name': 'propagation', 'with_attributes': True, 't_max': 3}], 'normalize': True}
2026-01-12 17:28:45,703 INFO Params set successfully. GK created: True
2026-01-12 17:28:45,705 INFO Setting params: {'C': 5.1794746792312125e-05, 'kernel_params': [{'name': 'propagation', 'with_attributes': True, 't_max': 5}], 'normalize': True}
2026-01-12 17:28:45,705 INFO Params set successfully. GK created: True
2026-01-12 17:28:45,707 INFO Setting params: {'C': 5.1794746792312125e-05, 'kernel_params': [{'name': 'propagation', 'with_attributes': True, 't_max': 8}], 'normalize': True}
2026-01-12 17:28:45,707 INFO Params set successfully. GK created: True
2026-01-12 17:28:45,709 INFO Setting params: {'C': 5.1794746792312125e-05, 'kernel_params': [{'name': 'propagation', 'with_attributes': True, 't_max': 10}], 'normalize': True}
2026-01-12 17:28:45,709 INFO Params set successfully. GK created: True
2026-01-12 17:28:45,711 INFO Setting params: {'C': 5.1794746792312125e-05, 'kernel_params': [{'name': 'propagation', 'with_attributes': True, 't_max': 15}], 'normalize': True}
2026-01-12 17:28:45,711 INFO Params set successfully. GK created: True
2026-01-12 17:28:45,713 INFO Setting params: {'C': 5.1794746792312125e-05, 'kernel_params': [{'name': 'propagation', 'with_attributes': True, 't_max': 20}], 'normalize': True}
2026-01-12 17:28:45,713 INFO Params set successfully. GK created: True
2026-01-12 17:28:45,715 INFO Setting params: {'C': 0.0002682695795279727, 'kernel_params': [{'name': 'propagation', 'with_attributes': True, 't_max': 1}], 'normalize': True}
2026-01-12 17:28:45,715 INFO Params set successfully. GK created: True
2026-01-12 17:28:45,717 INFO Setting params: {'C': 0.0002682695795279727, 'kernel_params': [{'name': 'propagation', 'with_attributes': True, 't_max': 3}], 'normalize': True}
2026-01-12 17:28:45,717 INFO Params set successfully. GK created: True
2026-01-12 17:28:45,719 INFO Setting params: {'C': 0.0002682695795279727, 'kernel_params': [{'name': 'propagation', 'with_attributes': True, 't_max': 5}], 'normalize': True}
2026-01-12 17:28:45,719 INFO Params set successfully. GK created: True
2026-01-12 17:28:45,721 INFO Setting params: {'C': 0.0002682695795279727, 'kernel_params': [{'name': 'propagation', 'with_attributes': True, 't_max': 8}], 'normalize': True}
2026-01-12 17:28:45,721 INFO Params set successfully. GK created: True
2026-01-12 17:28:45,723 INFO Setting params: {'C': 0.0002682695795279727, 'kernel_params': [{'name': 'propagation', 'with_attributes': True, 't_max': 10}], 'normalize': True}
2026-01-12 17:28:45,723 INFO Params set successfully. GK created: True
2026-01-12 17:28:45,725 INFO Setting params: {'C': 0.0002682695795279727, 'kernel_params': [{'name': 'propagation', 'with_attributes': True, 't_max': 15}], 'normalize': True}
2026-01-12 17:28:45,725 INFO Params set successfully. GK created: True
2026-01-12 17:28:45,728 INFO Setting params: {'C': 0.0002682695795279727, 'kernel_params': [{'name': 'propagation', 'with_attributes': True, 't_max': 20}], 'normalize': True}
2026-01-12 17:28:45,728 INFO Params set successfully. GK created: True
2026-01-12 17:28:45,730 INFO Setting params: {'C': 0.0013894954943731374, 'kernel_params': [{'name': 'propagation', 'with_attributes': True, 't_max': 1}], 'normalize': True}
2026-01-12 17:28:45,730 INFO Params set successfully. GK created: True
2026-01-12 17:28:45,732 INFO Setting params: {'C': 0.0013894954943731374, 'kernel_params': [{'name': 'propagation', 'with_attributes': True, 't_max': 3}], 'normalize': True}
2026-01-12 17:28:45,732 INFO Params set successfully. GK created: True
2026-01-12 17:28:45,734 INFO Setting params: {'C': 0.0013894954943731374, 'kernel_params': [{'name': 'propagation', 'with_attributes': True, 't_max': 5}], 'normalize': True}
2026-01-12 17:28:45,734 INFO Params set successfully. GK created: True
2026-01-12 17:28:45,736 INFO Setting params: {'C': 0.0013894954943731374, 'kernel_params': [{'name': 'propagation', 'with_attributes': True, 't_max': 8}], 'normalize': True}
2026-01-12 17:28:45,736 INFO Params set successfully. GK created: True
2026-01-12 17:28:45,738 INFO Setting params: {'C': 0.0013894954943731374, 'kernel_params': [{'name': 'propagation', 'with_attributes': True, 't_max': 10}], 'normalize': True}
2026-01-12 17:28:45,738 INFO Params set successfully. GK created: True
2026-01-12 17:28:45,740 INFO Setting params: {'C': 0.0013894954943731374, 'kernel_params': [{'name': 'propagation', 'with_attributes': True, 't_max': 15}], 'normalize': True}
2026-01-12 17:28:45,740 INFO Params set successfully. GK created: True
2026-01-12 17:28:45,742 INFO Setting params: {'C': 0.0013894954943731374, 'kernel_params': [{'name': 'propagation', 'with_attributes': True, 't_max': 20}], 'normalize': True}
2026-01-12 17:28:45,742 INFO Params set successfully. GK created: True
2026-01-12 17:28:45,744 INFO Setting params: {'C': 0.0071968567300115215, 'kernel_params': [{'name': 'propagation', 'with_attributes': True, 't_max': 1}], 'normalize': True}
2026-01-12 17:28:45,744 INFO Params set successfully. GK created: True
2026-01-12 17:28:45,746 INFO Setting params: {'C': 0.0071968567300115215, 'kernel_params': [{'name': 'propagation', 'with_attributes': True, 't_max': 3}], 'normalize': True}
2026-01-12 17:28:45,747 INFO Params set successfully. GK created: True
2026-01-12 17:28:45,748 INFO Setting params: {'C': 0.0071968567300115215, 'kernel_params': [{'name': 'propagation', 'with_attributes': True, 't_max': 5}], 'normalize': True}
2026-01-12 17:28:45,749 INFO Params set successfully. GK created: True
2026-01-12 17:28:45,750 INFO Setting params: {'C': 0.0071968567300115215, 'kernel_params': [{'name': 'propagation', 'with_attributes': True, 't_max': 8}], 'normalize': True}
2026-01-12 17:28:45,751 INFO Params set successfully. GK created: True
2026-01-12 17:28:45,753 INFO Setting params: {'C': 0.0071968567300115215, 'kernel_params': [{'name': 'propagation', 'with_attributes': True, 't_max': 10}], 'normalize': True}
2026-01-12 17:28:45,753 INFO Params set successfully. GK created: True
2026-01-12 17:28:45,755 INFO Setting params: {'C': 0.0071968567300115215, 'kernel_params': [{'name': 'propagation', 'with_attributes': True, 't_max': 15}], 'normalize': True}
2026-01-12 17:28:45,755 INFO Params set successfully. GK created: True
2026-01-12 17:28:45,757 INFO Setting params: {'C': 0.0071968567300115215, 'kernel_params': [{'name': 'propagation', 'with_attributes': True, 't_max': 20}], 'normalize': True}
2026-01-12 17:28:45,757 INFO Params set successfully. GK created: True
2026-01-12 17:28:45,759 INFO Setting params: {'C': 0.037275937203149416, 'kernel_params': [{'name': 'propagation', 'with_attributes': True, 't_max': 1}], 'normalize': True}
2026-01-12 17:28:45,759 INFO Params set successfully. GK created: True
2026-01-12 17:28:45,761 INFO Setting params: {'C': 0.037275937203149416, 'kernel_params': [{'name': 'propagation', 'with_attributes': True, 't_max': 3}], 'normalize': True}
2026-01-12 17:28:45,761 INFO Params set successfully. GK created: True
2026-01-12 17:28:45,764 INFO Setting params: {'C': 0.037275937203149416, 'kernel_params': [{'name': 'propagation', 'with_attributes': True, 't_max': 5}], 'normalize': True}
2026-01-12 17:28:45,764 INFO Params set successfully. GK created: True
2026-01-12 17:28:45,766 INFO Setting params: {'C': 0.037275937203149416, 'kernel_params': [{'name': 'propagation', 'with_attributes': True, 't_max': 8}], 'normalize': True}
2026-01-12 17:28:45,766 INFO Params set successfully. GK created: True
2026-01-12 17:28:45,768 INFO Setting params: {'C': 0.037275937203149416, 'kernel_params': [{'name': 'propagation', 'with_attributes': True, 't_max': 10}], 'normalize': True}
2026-01-12 17:28:45,768 INFO Params set successfully. GK created: True
2026-01-12 17:28:45,770 INFO Setting params: {'C': 0.037275937203149416, 'kernel_params': [{'name': 'propagation', 'with_attributes': True, 't_max': 15}], 'normalize': True}
2026-01-12 17:28:45,770 INFO Params set successfully. GK created: True
2026-01-12 17:28:45,772 INFO Setting params: {'C': 0.037275937203149416, 'kernel_params': [{'name': 'propagation', 'with_attributes': True, 't_max': 20}], 'normalize': True}
2026-01-12 17:28:45,772 INFO Params set successfully. GK created: True
2026-01-12 17:28:45,774 INFO Setting params: {'C': 0.19306977288832497, 'kernel_params': [{'name': 'propagation', 'with_attributes': True, 't_max': 1}], 'normalize': True}
2026-01-12 17:28:45,774 INFO Params set successfully. GK created: True
2026-01-12 17:28:45,777 INFO Setting params: {'C': 0.19306977288832497, 'kernel_params': [{'name': 'propagation', 'with_attributes': True, 't_max': 3}], 'normalize': True}
2026-01-12 17:28:45,777 INFO Params set successfully. GK created: True
2026-01-12 17:28:45,779 INFO Setting params: {'C': 0.19306977288832497, 'kernel_params': [{'name': 'propagation', 'with_attributes': True, 't_max': 5}], 'normalize': True}
2026-01-12 17:28:45,779 INFO Params set successfully. GK created: True
2026-01-12 17:28:45,781 INFO Setting params: {'C': 0.19306977288832497, 'kernel_params': [{'name': 'propagation', 'with_attributes': True, 't_max': 8}], 'normalize': True}
2026-01-12 17:28:45,781 INFO Params set successfully. GK created: True
2026-01-12 17:28:45,783 INFO Setting params: {'C': 0.19306977288832497, 'kernel_params': [{'name': 'propagation', 'with_attributes': True, 't_max': 10}], 'normalize': True}
2026-01-12 17:28:45,783 INFO Params set successfully. GK created: True
2026-01-12 17:28:45,785 INFO Setting params: {'C': 0.19306977288832497, 'kernel_params': [{'name': 'propagation', 'with_attributes': True, 't_max': 15}], 'normalize': True}
2026-01-12 17:28:45,785 INFO Params set successfully. GK created: True
2026-01-12 17:28:45,787 INFO Setting params: {'C': 0.19306977288832497, 'kernel_params': [{'name': 'propagation', 'with_attributes': True, 't_max': 20}], 'normalize': True}
2026-01-12 17:28:45,787 INFO Params set successfully. GK created: True
2026-01-12 17:28:45,789 INFO Setting params: {'C': 1.0, 'kernel_params': [{'name': 'propagation', 'with_attributes': True, 't_max': 1}], 'normalize': True}
2026-01-12 17:28:45,789 INFO Params set successfully. GK created: True
2026-01-12 17:28:45,793 INFO Setting params: {'C': 1.0, 'kernel_params': [{'name': 'propagation', 'with_attributes': True, 't_max': 3}], 'normalize': True}
2026-01-12 17:28:45,793 INFO Params set successfully. GK created: True
2026-01-12 17:28:45,795 INFO Setting params: {'C': 1.0, 'kernel_params': [{'name': 'propagation', 'with_attributes': True, 't_max': 5}], 'normalize': True}
2026-01-12 17:28:45,795 INFO Params set successfully. GK created: True
2026-01-12 17:28:45,797 INFO Setting params: {'C': 1.0, 'kernel_params': [{'name': 'propagation', 'with_attributes': True, 't_max': 8}], 'normalize': True}
2026-01-12 17:28:45,797 INFO Params set successfully. GK created: True
2026-01-12 17:28:45,800 INFO Setting params: {'C': 1.0, 'kernel_params': [{'name': 'propagation', 'with_attributes': True, 't_max': 10}], 'normalize': True}
2026-01-12 17:28:45,800 INFO Params set successfully. GK created: True
2026-01-12 17:28:45,802 INFO Setting params: {'C': 1.0, 'kernel_params': [{'name': 'propagation', 'with_attributes': True, 't_max': 15}], 'normalize': True}
2026-01-12 17:28:45,802 INFO Params set successfully. GK created: True
2026-01-12 17:28:45,804 INFO Setting params: {'C': 1.0, 'kernel_params': [{'name': 'propagation', 'with_attributes': True, 't_max': 20}], 'normalize': True}
2026-01-12 17:28:45,804 INFO Params set successfully. GK created: True
2026-01-12 17:28:45,806 INFO Setting params: {'C': 5.1794746792312125, 'kernel_params': [{'name': 'propagation', 'with_attributes': True, 't_max': 1}], 'normalize': True}
2026-01-12 17:28:45,806 INFO Params set successfully. GK created: True
2026-01-12 17:28:45,810 INFO Setting params: {'C': 5.1794746792312125, 'kernel_params': [{'name': 'propagation', 'with_attributes': True, 't_max': 3}], 'normalize': True}
2026-01-12 17:28:45,810 INFO Params set successfully. GK created: True
2026-01-12 17:28:45,812 INFO Setting params: {'C': 5.1794746792312125, 'kernel_params': [{'name': 'propagation', 'with_attributes': True, 't_max': 5}], 'normalize': True}
2026-01-12 17:28:45,812 INFO Params set successfully. GK created: True
2026-01-12 17:28:45,814 INFO Setting params: {'C': 5.1794746792312125, 'kernel_params': [{'name': 'propagation', 'with_attributes': True, 't_max': 8}], 'normalize': True}
2026-01-12 17:28:45,814 INFO Params set successfully. GK created: True
2026-01-12 17:28:45,816 INFO Setting params: {'C': 5.1794746792312125, 'kernel_params': [{'name': 'propagation', 'with_attributes': True, 't_max': 10}], 'normalize': True}
2026-01-12 17:28:45,816 INFO Params set successfully. GK created: True
2026-01-12 17:28:45,819 INFO Setting params: {'C': 5.1794746792312125, 'kernel_params': [{'name': 'propagation', 'with_attributes': True, 't_max': 15}], 'normalize': True}
2026-01-12 17:28:45,819 INFO Params set successfully. GK created: True
2026-01-12 17:28:45,821 INFO Setting params: {'C': 5.1794746792312125, 'kernel_params': [{'name': 'propagation', 'with_attributes': True, 't_max': 20}], 'normalize': True}
2026-01-12 17:28:45,821 INFO Params set successfully. GK created: True
2026-01-12 17:28:45,823 INFO Setting params: {'C': 26.826957952797272, 'kernel_params': [{'name': 'propagation', 'with_attributes': True, 't_max': 1}], 'normalize': True}
2026-01-12 17:28:45,823 INFO Params set successfully. GK created: True
2026-01-12 17:28:45,827 INFO Setting params: {'C': 26.826957952797272, 'kernel_params': [{'name': 'propagation', 'with_attributes': True, 't_max': 3}], 'normalize': True}
2026-01-12 17:28:45,827 INFO Params set successfully. GK created: True
2026-01-12 17:28:45,829 INFO Setting params: {'C': 26.826957952797272, 'kernel_params': [{'name': 'propagation', 'with_attributes': True, 't_max': 5}], 'normalize': True}
2026-01-12 17:28:45,829 INFO Params set successfully. GK created: True
2026-01-12 17:28:45,831 INFO Setting params: {'C': 26.826957952797272, 'kernel_params': [{'name': 'propagation', 'with_attributes': True, 't_max': 8}], 'normalize': True}
2026-01-12 17:28:45,831 INFO Params set successfully. GK created: True
2026-01-12 17:28:45,834 INFO Setting params: {'C': 26.826957952797272, 'kernel_params': [{'name': 'propagation', 'with_attributes': True, 't_max': 10}], 'normalize': True}
2026-01-12 17:28:45,834 INFO Params set successfully. GK created: True
2026-01-12 17:28:45,836 INFO Setting params: {'C': 26.826957952797272, 'kernel_params': [{'name': 'propagation', 'with_attributes': True, 't_max': 15}], 'normalize': True}
2026-01-12 17:28:45,836 INFO Params set successfully. GK created: True
2026-01-12 17:28:45,838 INFO Setting params: {'C': 26.826957952797272, 'kernel_params': [{'name': 'propagation', 'with_attributes': True, 't_max': 20}], 'normalize': True}
2026-01-12 17:28:45,838 INFO Params set successfully. GK created: True
2026-01-12 17:28:45,840 INFO Setting params: {'C': 138.9495494373139, 'kernel_params': [{'name': 'propagation', 'with_attributes': True, 't_max': 1}], 'normalize': True}
2026-01-12 17:28:45,840 INFO Params set successfully. GK created: True
2026-01-12 17:28:45,844 INFO Setting params: {'C': 138.9495494373139, 'kernel_params': [{'name': 'propagation', 'with_attributes': True, 't_max': 3}], 'normalize': True}
2026-01-12 17:28:45,844 INFO Params set successfully. GK created: True
2026-01-12 17:28:45,846 INFO Setting params: {'C': 138.9495494373139, 'kernel_params': [{'name': 'propagation', 'with_attributes': True, 't_max': 5}], 'normalize': True}
2026-01-12 17:28:45,846 INFO Params set successfully. GK created: True
2026-01-12 17:28:45,849 INFO Setting params: {'C': 138.9495494373139, 'kernel_params': [{'name': 'propagation', 'with_attributes': True, 't_max': 8}], 'normalize': True}
2026-01-12 17:28:45,849 INFO Params set successfully. GK created: True
2026-01-12 17:28:45,852 INFO Setting params: {'C': 138.9495494373139, 'kernel_params': [{'name': 'propagation', 'with_attributes': True, 't_max': 10}], 'normalize': True}
2026-01-12 17:28:45,852 INFO Params set successfully. GK created: True
2026-01-12 17:28:45,854 INFO Setting params: {'C': 138.9495494373139, 'kernel_params': [{'name': 'propagation', 'with_attributes': True, 't_max': 15}], 'normalize': True}
2026-01-12 17:28:45,854 INFO Params set successfully. GK created: True
2026-01-12 17:28:45,856 INFO Setting params: {'C': 138.9495494373139, 'kernel_params': [{'name': 'propagation', 'with_attributes': True, 't_max': 20}], 'normalize': True}
2026-01-12 17:28:45,856 INFO Params set successfully. GK created: True
2026-01-12 17:28:45,859 INFO Setting params: {'C': 719.6856730011528, 'kernel_params': [{'name': 'propagation', 'with_attributes': True, 't_max': 1}], 'normalize': True}
2026-01-12 17:28:45,859 INFO Params set successfully. GK created: True
2026-01-12 17:28:45,862 INFO Setting params: {'C': 719.6856730011528, 'kernel_params': [{'name': 'propagation', 'with_attributes': True, 't_max': 3}], 'normalize': True}
2026-01-12 17:28:45,862 INFO Params set successfully. GK created: True
2026-01-12 17:28:45,865 INFO Setting params: {'C': 719.6856730011528, 'kernel_params': [{'name': 'propagation', 'with_attributes': True, 't_max': 5}], 'normalize': True}
2026-01-12 17:28:45,865 INFO Params set successfully. GK created: True
2026-01-12 17:28:45,868 INFO Setting params: {'C': 719.6856730011528, 'kernel_params': [{'name': 'propagation', 'with_attributes': True, 't_max': 8}], 'normalize': True}
2026-01-12 17:28:45,868 INFO Params set successfully. GK created: True
2026-01-12 17:28:45,871 INFO Setting params: {'C': 719.6856730011528, 'kernel_params': [{'name': 'propagation', 'with_attributes': True, 't_max': 10}], 'normalize': True}
2026-01-12 17:28:45,871 INFO Params set successfully. GK created: True
2026-01-12 17:28:45,873 INFO Setting params: {'C': 719.6856730011528, 'kernel_params': [{'name': 'propagation', 'with_attributes': True, 't_max': 15}], 'normalize': True}
2026-01-12 17:28:45,873 INFO Params set successfully. GK created: True
2026-01-12 17:28:45,875 INFO Setting params: {'C': 719.6856730011528, 'kernel_params': [{'name': 'propagation', 'with_attributes': True, 't_max': 20}], 'normalize': True}
2026-01-12 17:28:45,875 INFO Params set successfully. GK created: True
2026-01-12 17:28:45,878 INFO Setting params: {'C': 3727.593720314938, 'kernel_params': [{'name': 'propagation', 'with_attributes': True, 't_max': 1}], 'normalize': True}
2026-01-12 17:28:45,878 INFO Params set successfully. GK created: True
2026-01-12 17:28:45,881 INFO Setting params: {'C': 3727.593720314938, 'kernel_params': [{'name': 'propagation', 'with_attributes': True, 't_max': 3}], 'normalize': True}
2026-01-12 17:28:45,881 INFO Params set successfully. GK created: True
2026-01-12 17:28:45,884 INFO Setting params: {'C': 3727.593720314938, 'kernel_params': [{'name': 'propagation', 'with_attributes': True, 't_max': 5}], 'normalize': True}
2026-01-12 17:28:45,884 INFO Params set successfully. GK created: True
2026-01-12 17:28:45,887 INFO Setting params: {'C': 3727.593720314938, 'kernel_params': [{'name': 'propagation', 'with_attributes': True, 't_max': 8}], 'normalize': True}
2026-01-12 17:28:45,887 INFO Params set successfully. GK created: True
2026-01-12 17:28:45,890 INFO Setting params: {'C': 3727.593720314938, 'kernel_params': [{'name': 'propagation', 'with_attributes': True, 't_max': 10}], 'normalize': True}
2026-01-12 17:28:45,890 INFO Params set successfully. GK created: True
2026-01-12 17:28:45,892 INFO Setting params: {'C': 3727.593720314938, 'kernel_params': [{'name': 'propagation', 'with_attributes': True, 't_max': 15}], 'normalize': True}
2026-01-12 17:28:45,892 INFO Params set successfully. GK created: True
2026-01-12 17:28:45,895 INFO Setting params: {'C': 3727.593720314938, 'kernel_params': [{'name': 'propagation', 'with_attributes': True, 't_max': 20}], 'normalize': True}
2026-01-12 17:28:45,895 INFO Params set successfully. GK created: True
2026-01-12 17:28:45,897 INFO Setting params: {'C': 19306.977288832535, 'kernel_params': [{'name': 'propagation', 'with_attributes': True, 't_max': 1}], 'normalize': True}
2026-01-12 17:28:45,897 INFO Params set successfully. GK created: True
2026-01-12 17:28:45,901 INFO Setting params: {'C': 19306.977288832535, 'kernel_params': [{'name': 'propagation', 'with_attributes': True, 't_max': 3}], 'normalize': True}
2026-01-12 17:28:45,901 INFO Params set successfully. GK created: True
2026-01-12 17:28:45,904 INFO Setting params: {'C': 19306.977288832535, 'kernel_params': [{'name': 'propagation', 'with_attributes': True, 't_max': 5}], 'normalize': True}
2026-01-12 17:28:45,904 INFO Params set successfully. GK created: True
2026-01-12 17:28:45,906 INFO Setting params: {'C': 19306.977288832535, 'kernel_params': [{'name': 'propagation', 'with_attributes': True, 't_max': 8}], 'normalize': True}
2026-01-12 17:28:45,906 INFO Params set successfully. GK created: True
2026-01-12 17:28:45,909 INFO Setting params: {'C': 19306.977288832535, 'kernel_params': [{'name': 'propagation', 'with_attributes': True, 't_max': 10}], 'normalize': True}
2026-01-12 17:28:45,909 INFO Params set successfully. GK created: True
2026-01-12 17:28:45,912 INFO Setting params: {'C': 19306.977288832535, 'kernel_params': [{'name': 'propagation', 'with_attributes': True, 't_max': 15}], 'normalize': True}
2026-01-12 17:28:45,912 INFO Params set successfully. GK created: True
2026-01-12 17:28:45,914 INFO Setting params: {'C': 19306.977288832535, 'kernel_params': [{'name': 'propagation', 'with_attributes': True, 't_max': 20}], 'normalize': True}
2026-01-12 17:28:45,914 INFO Params set successfully. GK created: True
2026-01-12 17:28:45,917 INFO Setting params: {'C': 100000.0, 'kernel_params': [{'name': 'propagation', 'with_attributes': True, 't_max': 1}], 'normalize': True}
2026-01-12 17:28:45,917 INFO Params set successfully. GK created: True
2026-01-12 17:28:45,920 INFO Setting params: {'C': 100000.0, 'kernel_params': [{'name': 'propagation', 'with_attributes': True, 't_max': 3}], 'normalize': True}
2026-01-12 17:28:45,920 INFO Params set successfully. GK created: True
2026-01-12 17:28:45,923 INFO Setting params: {'C': 100000.0, 'kernel_params': [{'name': 'propagation', 'with_attributes': True, 't_max': 5}], 'normalize': True}
2026-01-12 17:28:45,923 INFO Params set successfully. GK created: True
2026-01-12 17:28:45,926 INFO Setting params: {'C': 100000.0, 'kernel_params': [{'name': 'propagation', 'with_attributes': True, 't_max': 8}], 'normalize': True}
2026-01-12 17:28:45,926 INFO Params set successfully. GK created: True
2026-01-12 17:28:45,929 INFO Setting params: {'C': 100000.0, 'kernel_params': [{'name': 'propagation', 'with_attributes': True, 't_max': 10}], 'normalize': True}
2026-01-12 17:28:45,929 INFO Params set successfully. GK created: True
2026-01-12 17:28:45,931 INFO Setting params: {'C': 100000.0, 'kernel_params': [{'name': 'propagation', 'with_attributes': True, 't_max': 15}], 'normalize': True}
2026-01-12 17:28:45,931 INFO Params set successfully. GK created: True
2026-01-12 17:28:45,934 INFO Setting params: {'C': 100000.0, 'kernel_params': [{'name': 'propagation', 'with_attributes': True, 't_max': 20}], 'normalize': True}
2026-01-12 17:28:45,934 INFO Params set successfully. GK created: True
2026-01-12 17:28:45,936 INFO Setting params: {'C': 1e-05, 'kernel_params': [{'name': 'propagation', 'with_attributes': True, 't_max': 1}], 'normalize': True}
2026-01-12 17:28:45,936 INFO Params set successfully. GK created: True
2026-01-12 17:28:45,938 INFO Setting params: {'C': 1e-05, 'kernel_params': [{'name': 'propagation', 'with_attributes': True, 't_max': 3}], 'normalize': True}
2026-01-12 17:28:45,938 INFO Params set successfully. GK created: True
2026-01-12 17:28:45,940 INFO Setting params: {'C': 1e-05, 'kernel_params': [{'name': 'propagation', 'with_attributes': True, 't_max': 5}], 'normalize': True}
2026-01-12 17:28:45,940 INFO Params set successfully. GK created: True
2026-01-12 17:28:45,942 INFO Setting params: {'C': 1e-05, 'kernel_params': [{'name': 'propagation', 'with_attributes': True, 't_max': 8}], 'normalize': True}
2026-01-12 17:28:45,943 INFO Params set successfully. GK created: True
2026-01-12 17:28:45,945 INFO Setting params: {'C': 1e-05, 'kernel_params': [{'name': 'propagation', 'with_attributes': True, 't_max': 10}], 'normalize': True}
2026-01-12 17:28:45,945 INFO Params set successfully. GK created: True
2026-01-12 17:28:45,947 INFO Setting params: {'C': 1e-05, 'kernel_params': [{'name': 'propagation', 'with_attributes': True, 't_max': 15}], 'normalize': True}
2026-01-12 17:28:45,947 INFO Params set successfully. GK created: True
2026-01-12 17:28:45,949 INFO Setting params: {'C': 1e-05, 'kernel_params': [{'name': 'propagation', 'with_attributes': True, 't_max': 20}], 'normalize': True}
2026-01-12 17:28:45,949 INFO Params set successfully. GK created: True
2026-01-12 17:28:45,951 INFO Setting params: {'C': 5.1794746792312125e-05, 'kernel_params': [{'name': 'propagation', 'with_attributes': True, 't_max': 1}], 'normalize': True}
2026-01-12 17:28:45,951 INFO Params set successfully. GK created: True
2026-01-12 17:28:45,953 INFO Setting params: {'C': 5.1794746792312125e-05, 'kernel_params': [{'name': 'propagation', 'with_attributes': True, 't_max': 3}], 'normalize': True}
2026-01-12 17:28:45,953 INFO Params set successfully. GK created: True
2026-01-12 17:28:45,955 INFO Setting params: {'C': 5.1794746792312125e-05, 'kernel_params': [{'name': 'propagation', 'with_attributes': True, 't_max': 5}], 'normalize': True}
2026-01-12 17:28:45,955 INFO Params set successfully. GK created: True
2026-01-12 17:28:45,957 INFO Setting params: {'C': 5.1794746792312125e-05, 'kernel_params': [{'name': 'propagation', 'with_attributes': True, 't_max': 8}], 'normalize': True}
2026-01-12 17:28:45,957 INFO Params set successfully. GK created: True
2026-01-12 17:28:45,959 INFO Setting params: {'C': 5.1794746792312125e-05, 'kernel_params': [{'name': 'propagation', 'with_attributes': True, 't_max': 10}], 'normalize': True}
2026-01-12 17:28:45,959 INFO Params set successfully. GK created: True
2026-01-12 17:28:45,961 INFO Setting params: {'C': 5.1794746792312125e-05, 'kernel_params': [{'name': 'propagation', 'with_attributes': True, 't_max': 15}], 'normalize': True}
2026-01-12 17:28:45,961 INFO Params set successfully. GK created: True
2026-01-12 17:28:45,963 INFO Setting params: {'C': 5.1794746792312125e-05, 'kernel_params': [{'name': 'propagation', 'with_attributes': True, 't_max': 20}], 'normalize': True}
2026-01-12 17:28:45,963 INFO Params set successfully. GK created: True
2026-01-12 17:28:45,965 INFO Setting params: {'C': 0.0002682695795279727, 'kernel_params': [{'name': 'propagation', 'with_attributes': True, 't_max': 1}], 'normalize': True}
2026-01-12 17:28:45,965 INFO Params set successfully. GK created: True
2026-01-12 17:28:45,967 INFO Setting params: {'C': 0.0002682695795279727, 'kernel_params': [{'name': 'propagation', 'with_attributes': True, 't_max': 3}], 'normalize': True}
2026-01-12 17:28:45,967 INFO Params set successfully. GK created: True
2026-01-12 17:28:45,969 INFO Setting params: {'C': 0.0002682695795279727, 'kernel_params': [{'name': 'propagation', 'with_attributes': True, 't_max': 5}], 'normalize': True}
2026-01-12 17:28:45,969 INFO Params set successfully. GK created: True
2026-01-12 17:28:45,971 INFO Setting params: {'C': 0.0002682695795279727, 'kernel_params': [{'name': 'propagation', 'with_attributes': True, 't_max': 8}], 'normalize': True}
2026-01-12 17:28:45,971 INFO Params set successfully. GK created: True
2026-01-12 17:28:45,973 INFO Setting params: {'C': 0.0002682695795279727, 'kernel_params': [{'name': 'propagation', 'with_attributes': True, 't_max': 10}], 'normalize': True}
2026-01-12 17:28:45,973 INFO Params set successfully. GK created: True
2026-01-12 17:28:45,975 INFO Setting params: {'C': 0.0002682695795279727, 'kernel_params': [{'name': 'propagation', 'with_attributes': True, 't_max': 15}], 'normalize': True}
2026-01-12 17:28:45,975 INFO Params set successfully. GK created: True
2026-01-12 17:28:45,977 INFO Setting params: {'C': 0.0002682695795279727, 'kernel_params': [{'name': 'propagation', 'with_attributes': True, 't_max': 20}], 'normalize': True}
2026-01-12 17:28:45,977 INFO Params set successfully. GK created: True
2026-01-12 17:28:45,979 INFO Setting params: {'C': 0.0013894954943731374, 'kernel_params': [{'name': 'propagation', 'with_attributes': True, 't_max': 1}], 'normalize': True}
2026-01-12 17:28:45,979 INFO Params set successfully. GK created: True
2026-01-12 17:28:45,982 INFO Setting params: {'C': 0.0013894954943731374, 'kernel_params': [{'name': 'propagation', 'with_attributes': True, 't_max': 3}], 'normalize': True}
2026-01-12 17:28:45,982 INFO Params set successfully. GK created: True
2026-01-12 17:28:45,984 INFO Setting params: {'C': 0.0013894954943731374, 'kernel_params': [{'name': 'propagation', 'with_attributes': True, 't_max': 5}], 'normalize': True}
2026-01-12 17:28:45,984 INFO Params set successfully. GK created: True
2026-01-12 17:28:45,986 INFO Setting params: {'C': 0.0013894954943731374, 'kernel_params': [{'name': 'propagation', 'with_attributes': True, 't_max': 8}], 'normalize': True}
2026-01-12 17:28:45,986 INFO Params set successfully. GK created: True
2026-01-12 17:28:45,988 INFO Setting params: {'C': 0.0013894954943731374, 'kernel_params': [{'name': 'propagation', 'with_attributes': True, 't_max': 10}], 'normalize': True}
2026-01-12 17:28:45,988 INFO Params set successfully. GK created: True
2026-01-12 17:28:45,990 INFO Setting params: {'C': 0.0013894954943731374, 'kernel_params': [{'name': 'propagation', 'with_attributes': True, 't_max': 15}], 'normalize': True}
2026-01-12 17:28:45,990 INFO Params set successfully. GK created: True
2026-01-12 17:28:45,992 INFO Setting params: {'C': 0.0013894954943731374, 'kernel_params': [{'name': 'propagation', 'with_attributes': True, 't_max': 20}], 'normalize': True}
2026-01-12 17:28:45,993 INFO Params set successfully. GK created: True
2026-01-12 17:28:45,994 INFO Setting params: {'C': 0.0071968567300115215, 'kernel_params': [{'name': 'propagation', 'with_attributes': True, 't_max': 1}], 'normalize': True}
2026-01-12 17:28:45,995 INFO Params set successfully. GK created: True
2026-01-12 17:28:45,997 INFO Setting params: {'C': 0.0071968567300115215, 'kernel_params': [{'name': 'propagation', 'with_attributes': True, 't_max': 3}], 'normalize': True}
2026-01-12 17:28:45,997 INFO Params set successfully. GK created: True
2026-01-12 17:28:45,999 INFO Setting params: {'C': 0.0071968567300115215, 'kernel_params': [{'name': 'propagation', 'with_attributes': True, 't_max': 5}], 'normalize': True}
2026-01-12 17:28:45,999 INFO Params set successfully. GK created: True
2026-01-12 17:28:46,001 INFO Setting params: {'C': 0.0071968567300115215, 'kernel_params': [{'name': 'propagation', 'with_attributes': True, 't_max': 8}], 'normalize': True}
2026-01-12 17:28:46,001 INFO Params set successfully. GK created: True
2026-01-12 17:28:46,003 INFO Setting params: {'C': 0.0071968567300115215, 'kernel_params': [{'name': 'propagation', 'with_attributes': True, 't_max': 10}], 'normalize': True}
2026-01-12 17:28:46,003 INFO Params set successfully. GK created: True
2026-01-12 17:28:46,005 INFO Setting params: {'C': 0.0071968567300115215, 'kernel_params': [{'name': 'propagation', 'with_attributes': True, 't_max': 15}], 'normalize': True}
2026-01-12 17:28:46,005 INFO Params set successfully. GK created: True
2026-01-12 17:28:46,007 INFO Setting params: {'C': 0.0071968567300115215, 'kernel_params': [{'name': 'propagation', 'with_attributes': True, 't_max': 20}], 'normalize': True}
2026-01-12 17:28:46,007 INFO Params set successfully. GK created: True
2026-01-12 17:28:46,009 INFO Setting params: {'C': 0.037275937203149416, 'kernel_params': [{'name': 'propagation', 'with_attributes': True, 't_max': 1}], 'normalize': True}
2026-01-12 17:28:46,009 INFO Params set successfully. GK created: True
2026-01-12 17:28:46,012 INFO Setting params: {'C': 0.037275937203149416, 'kernel_params': [{'name': 'propagation', 'with_attributes': True, 't_max': 3}], 'normalize': True}
2026-01-12 17:28:46,012 INFO Params set successfully. GK created: True
2026-01-12 17:28:46,014 INFO Setting params: {'C': 0.037275937203149416, 'kernel_params': [{'name': 'propagation', 'with_attributes': True, 't_max': 5}], 'normalize': True}
2026-01-12 17:28:46,014 INFO Params set successfully. GK created: True
2026-01-12 17:28:46,016 INFO Setting params: {'C': 0.037275937203149416, 'kernel_params': [{'name': 'propagation', 'with_attributes': True, 't_max': 8}], 'normalize': True}
2026-01-12 17:28:46,016 INFO Params set successfully. GK created: True
2026-01-12 17:28:46,018 INFO Setting params: {'C': 0.037275937203149416, 'kernel_params': [{'name': 'propagation', 'with_attributes': True, 't_max': 10}], 'normalize': True}
2026-01-12 17:28:46,018 INFO Params set successfully. GK created: True
2026-01-12 17:28:46,020 INFO Setting params: {'C': 0.037275937203149416, 'kernel_params': [{'name': 'propagation', 'with_attributes': True, 't_max': 15}], 'normalize': True}
2026-01-12 17:28:46,020 INFO Params set successfully. GK created: True
2026-01-12 17:28:46,022 INFO Setting params: {'C': 0.037275937203149416, 'kernel_params': [{'name': 'propagation', 'with_attributes': True, 't_max': 20}], 'normalize': True}
2026-01-12 17:28:46,022 INFO Params set successfully. GK created: True
2026-01-12 17:28:46,024 INFO Setting params: {'C': 0.19306977288832497, 'kernel_params': [{'name': 'propagation', 'with_attributes': True, 't_max': 1}], 'normalize': True}
2026-01-12 17:28:46,024 INFO Params set successfully. GK created: True
2026-01-12 17:28:46,027 INFO Setting params: {'C': 0.19306977288832497, 'kernel_params': [{'name': 'propagation', 'with_attributes': True, 't_max': 3}], 'normalize': True}
2026-01-12 17:28:46,027 INFO Params set successfully. GK created: True
2026-01-12 17:28:46,029 INFO Setting params: {'C': 0.19306977288832497, 'kernel_params': [{'name': 'propagation', 'with_attributes': True, 't_max': 5}], 'normalize': True}
2026-01-12 17:28:46,029 INFO Params set successfully. GK created: True
2026-01-12 17:28:46,031 INFO Setting params: {'C': 0.19306977288832497, 'kernel_params': [{'name': 'propagation', 'with_attributes': True, 't_max': 8}], 'normalize': True}
2026-01-12 17:28:46,031 INFO Params set successfully. GK created: True
2026-01-12 17:28:46,033 INFO Setting params: {'C': 0.19306977288832497, 'kernel_params': [{'name': 'propagation', 'with_attributes': True, 't_max': 10}], 'normalize': True}
2026-01-12 17:28:46,033 INFO Params set successfully. GK created: True
2026-01-12 17:28:46,035 INFO Setting params: {'C': 0.19306977288832497, 'kernel_params': [{'name': 'propagation', 'with_attributes': True, 't_max': 15}], 'normalize': True}
2026-01-12 17:28:46,035 INFO Params set successfully. GK created: True
2026-01-12 17:28:46,037 INFO Setting params: {'C': 0.19306977288832497, 'kernel_params': [{'name': 'propagation', 'with_attributes': True, 't_max': 20}], 'normalize': True}
2026-01-12 17:28:46,038 INFO Params set successfully. GK created: True
2026-01-12 17:28:46,039 INFO Setting params: {'C': 1.0, 'kernel_params': [{'name': 'propagation', 'with_attributes': True, 't_max': 1}], 'normalize': True}
2026-01-12 17:28:46,040 INFO Params set successfully. GK created: True
2026-01-12 17:28:46,043 INFO Setting params: {'C': 1.0, 'kernel_params': [{'name': 'propagation', 'with_attributes': True, 't_max': 3}], 'normalize': True}
2026-01-12 17:28:46,043 INFO Params set successfully. GK created: True
2026-01-12 17:28:46,045 INFO Setting params: {'C': 1.0, 'kernel_params': [{'name': 'propagation', 'with_attributes': True, 't_max': 5}], 'normalize': True}
2026-01-12 17:28:46,045 INFO Params set successfully. GK created: True
2026-01-12 17:28:46,047 INFO Setting params: {'C': 1.0, 'kernel_params': [{'name': 'propagation', 'with_attributes': True, 't_max': 8}], 'normalize': True}
2026-01-12 17:28:46,047 INFO Params set successfully. GK created: True
2026-01-12 17:28:46,050 INFO Setting params: {'C': 1.0, 'kernel_params': [{'name': 'propagation', 'with_attributes': True, 't_max': 10}], 'normalize': True}
2026-01-12 17:28:46,050 INFO Params set successfully. GK created: True
2026-01-12 17:28:46,052 INFO Setting params: {'C': 1.0, 'kernel_params': [{'name': 'propagation', 'with_attributes': True, 't_max': 15}], 'normalize': True}
2026-01-12 17:28:46,052 INFO Params set successfully. GK created: True
2026-01-12 17:28:46,054 INFO Setting params: {'C': 1.0, 'kernel_params': [{'name': 'propagation', 'with_attributes': True, 't_max': 20}], 'normalize': True}
2026-01-12 17:28:46,054 INFO Params set successfully. GK created: True
2026-01-12 17:28:46,056 INFO Setting params: {'C': 5.1794746792312125, 'kernel_params': [{'name': 'propagation', 'with_attributes': True, 't_max': 1}], 'normalize': True}
2026-01-12 17:28:46,056 INFO Params set successfully. GK created: True
2026-01-12 17:28:46,060 INFO Setting params: {'C': 5.1794746792312125, 'kernel_params': [{'name': 'propagation', 'with_attributes': True, 't_max': 3}], 'normalize': True}
2026-01-12 17:28:46,060 INFO Params set successfully. GK created: True
2026-01-12 17:28:46,062 INFO Setting params: {'C': 5.1794746792312125, 'kernel_params': [{'name': 'propagation', 'with_attributes': True, 't_max': 5}], 'normalize': True}
2026-01-12 17:28:46,062 INFO Params set successfully. GK created: True
2026-01-12 17:28:46,064 INFO Setting params: {'C': 5.1794746792312125, 'kernel_params': [{'name': 'propagation', 'with_attributes': True, 't_max': 8}], 'normalize': True}
2026-01-12 17:28:46,064 INFO Params set successfully. GK created: True
2026-01-12 17:28:46,066 INFO Setting params: {'C': 5.1794746792312125, 'kernel_params': [{'name': 'propagation', 'with_attributes': True, 't_max': 10}], 'normalize': True}
2026-01-12 17:28:46,066 INFO Params set successfully. GK created: True
2026-01-12 17:28:46,069 INFO Setting params: {'C': 5.1794746792312125, 'kernel_params': [{'name': 'propagation', 'with_attributes': True, 't_max': 15}], 'normalize': True}
2026-01-12 17:28:46,069 INFO Params set successfully. GK created: True
2026-01-12 17:28:46,071 INFO Setting params: {'C': 5.1794746792312125, 'kernel_params': [{'name': 'propagation', 'with_attributes': True, 't_max': 20}], 'normalize': True}
2026-01-12 17:28:46,071 INFO Params set successfully. GK created: True
2026-01-12 17:28:46,073 INFO Setting params: {'C': 26.826957952797272, 'kernel_params': [{'name': 'propagation', 'with_attributes': True, 't_max': 1}], 'normalize': True}
2026-01-12 17:28:46,073 INFO Params set successfully. GK created: True
2026-01-12 17:28:46,077 INFO Setting params: {'C': 26.826957952797272, 'kernel_params': [{'name': 'propagation', 'with_attributes': True, 't_max': 3}], 'normalize': True}
2026-01-12 17:28:46,077 INFO Params set successfully. GK created: True
2026-01-12 17:28:46,079 INFO Setting params: {'C': 26.826957952797272, 'kernel_params': [{'name': 'propagation', 'with_attributes': True, 't_max': 5}], 'normalize': True}
2026-01-12 17:28:46,079 INFO Params set successfully. GK created: True
2026-01-12 17:28:46,081 INFO Setting params: {'C': 26.826957952797272, 'kernel_params': [{'name': 'propagation', 'with_attributes': True, 't_max': 8}], 'normalize': True}
2026-01-12 17:28:46,081 INFO Params set successfully. GK created: True
2026-01-12 17:28:46,083 INFO Setting params: {'C': 26.826957952797272, 'kernel_params': [{'name': 'propagation', 'with_attributes': True, 't_max': 10}], 'normalize': True}
2026-01-12 17:28:46,083 INFO Params set successfully. GK created: True
2026-01-12 17:28:46,086 INFO Setting params: {'C': 26.826957952797272, 'kernel_params': [{'name': 'propagation', 'with_attributes': True, 't_max': 15}], 'normalize': True}
2026-01-12 17:28:46,086 INFO Params set successfully. GK created: True
2026-01-12 17:28:46,088 INFO Setting params: {'C': 26.826957952797272, 'kernel_params': [{'name': 'propagation', 'with_attributes': True, 't_max': 20}], 'normalize': True}
2026-01-12 17:28:46,088 INFO Params set successfully. GK created: True
2026-01-12 17:28:46,090 INFO Setting params: {'C': 138.9495494373139, 'kernel_params': [{'name': 'propagation', 'with_attributes': True, 't_max': 1}], 'normalize': True}
2026-01-12 17:28:46,090 INFO Params set successfully. GK created: True
2026-01-12 17:28:46,094 INFO Setting params: {'C': 138.9495494373139, 'kernel_params': [{'name': 'propagation', 'with_attributes': True, 't_max': 3}], 'normalize': True}
2026-01-12 17:28:46,094 INFO Params set successfully. GK created: True
2026-01-12 17:28:46,096 INFO Setting params: {'C': 138.9495494373139, 'kernel_params': [{'name': 'propagation', 'with_attributes': True, 't_max': 5}], 'normalize': True}
2026-01-12 17:28:46,096 INFO Params set successfully. GK created: True
2026-01-12 17:28:46,098 INFO Setting params: {'C': 138.9495494373139, 'kernel_params': [{'name': 'propagation', 'with_attributes': True, 't_max': 8}], 'normalize': True}
2026-01-12 17:28:46,099 INFO Params set successfully. GK created: True
2026-01-12 17:28:46,101 INFO Setting params: {'C': 138.9495494373139, 'kernel_params': [{'name': 'propagation', 'with_attributes': True, 't_max': 10}], 'normalize': True}
2026-01-12 17:28:46,101 INFO Params set successfully. GK created: True
2026-01-12 17:28:46,104 INFO Setting params: {'C': 138.9495494373139, 'kernel_params': [{'name': 'propagation', 'with_attributes': True, 't_max': 15}], 'normalize': True}
2026-01-12 17:28:46,104 INFO Params set successfully. GK created: True
2026-01-12 17:28:46,106 INFO Setting params: {'C': 138.9495494373139, 'kernel_params': [{'name': 'propagation', 'with_attributes': True, 't_max': 20}], 'normalize': True}
2026-01-12 17:28:46,106 INFO Params set successfully. GK created: True
2026-01-12 17:28:46,108 INFO Setting params: {'C': 719.6856730011528, 'kernel_params': [{'name': 'propagation', 'with_attributes': True, 't_max': 1}], 'normalize': True}
2026-01-12 17:28:46,108 INFO Params set successfully. GK created: True
2026-01-12 17:28:46,112 INFO Setting params: {'C': 719.6856730011528, 'kernel_params': [{'name': 'propagation', 'with_attributes': True, 't_max': 3}], 'normalize': True}
2026-01-12 17:28:46,112 INFO Params set successfully. GK created: True
2026-01-12 17:28:46,114 INFO Setting params: {'C': 719.6856730011528, 'kernel_params': [{'name': 'propagation', 'with_attributes': True, 't_max': 5}], 'normalize': True}
2026-01-12 17:28:46,114 INFO Params set successfully. GK created: True
2026-01-12 17:28:46,117 INFO Setting params: {'C': 719.6856730011528, 'kernel_params': [{'name': 'propagation', 'with_attributes': True, 't_max': 8}], 'normalize': True}
2026-01-12 17:28:46,117 INFO Params set successfully. GK created: True
2026-01-12 17:28:46,120 INFO Setting params: {'C': 719.6856730011528, 'kernel_params': [{'name': 'propagation', 'with_attributes': True, 't_max': 10}], 'normalize': True}
2026-01-12 17:28:46,120 INFO Params set successfully. GK created: True
2026-01-12 17:28:46,122 INFO Setting params: {'C': 719.6856730011528, 'kernel_params': [{'name': 'propagation', 'with_attributes': True, 't_max': 15}], 'normalize': True}
2026-01-12 17:28:46,122 INFO Params set successfully. GK created: True
2026-01-12 17:28:46,125 INFO Setting params: {'C': 719.6856730011528, 'kernel_params': [{'name': 'propagation', 'with_attributes': True, 't_max': 20}], 'normalize': True}
2026-01-12 17:28:46,125 INFO Params set successfully. GK created: True
2026-01-12 17:28:46,127 INFO Setting params: {'C': 3727.593720314938, 'kernel_params': [{'name': 'propagation', 'with_attributes': True, 't_max': 1}], 'normalize': True}
2026-01-12 17:28:46,127 INFO Params set successfully. GK created: True
2026-01-12 17:28:46,131 INFO Setting params: {'C': 3727.593720314938, 'kernel_params': [{'name': 'propagation', 'with_attributes': True, 't_max': 3}], 'normalize': True}
2026-01-12 17:28:46,131 INFO Params set successfully. GK created: True
2026-01-12 17:28:46,133 INFO Setting params: {'C': 3727.593720314938, 'kernel_params': [{'name': 'propagation', 'with_attributes': True, 't_max': 5}], 'normalize': True}
2026-01-12 17:28:46,133 INFO Params set successfully. GK created: True
2026-01-12 17:28:46,136 INFO Setting params: {'C': 3727.593720314938, 'kernel_params': [{'name': 'propagation', 'with_attributes': True, 't_max': 8}], 'normalize': True}
2026-01-12 17:28:46,136 INFO Params set successfully. GK created: True
2026-01-12 17:28:46,139 INFO Setting params: {'C': 3727.593720314938, 'kernel_params': [{'name': 'propagation', 'with_attributes': True, 't_max': 10}], 'normalize': True}
2026-01-12 17:28:46,139 INFO Params set successfully. GK created: True
2026-01-12 17:28:46,141 INFO Setting params: {'C': 3727.593720314938, 'kernel_params': [{'name': 'propagation', 'with_attributes': True, 't_max': 15}], 'normalize': True}
2026-01-12 17:28:46,141 INFO Params set successfully. GK created: True
2026-01-12 17:28:46,143 INFO Setting params: {'C': 3727.593720314938, 'kernel_params': [{'name': 'propagation', 'with_attributes': True, 't_max': 20}], 'normalize': True}
2026-01-12 17:28:46,144 INFO Params set successfully. GK created: True
2026-01-12 17:28:46,146 INFO Setting params: {'C': 19306.977288832535, 'kernel_params': [{'name': 'propagation', 'with_attributes': True, 't_max': 1}], 'normalize': True}
2026-01-12 17:28:46,146 INFO Params set successfully. GK created: True
2026-01-12 17:28:46,150 INFO Setting params: {'C': 19306.977288832535, 'kernel_params': [{'name': 'propagation', 'with_attributes': True, 't_max': 3}], 'normalize': True}
2026-01-12 17:28:46,150 INFO Params set successfully. GK created: True
2026-01-12 17:28:46,152 INFO Setting params: {'C': 19306.977288832535, 'kernel_params': [{'name': 'propagation', 'with_attributes': True, 't_max': 5}], 'normalize': True}
2026-01-12 17:28:46,152 INFO Params set successfully. GK created: True
2026-01-12 17:28:46,155 INFO Setting params: {'C': 19306.977288832535, 'kernel_params': [{'name': 'propagation', 'with_attributes': True, 't_max': 8}], 'normalize': True}
2026-01-12 17:28:46,155 INFO Params set successfully. GK created: True
2026-01-12 17:28:46,158 INFO Setting params: {'C': 19306.977288832535, 'kernel_params': [{'name': 'propagation', 'with_attributes': True, 't_max': 10}], 'normalize': True}
2026-01-12 17:28:46,158 INFO Params set successfully. GK created: True
2026-01-12 17:28:46,160 INFO Setting params: {'C': 19306.977288832535, 'kernel_params': [{'name': 'propagation', 'with_attributes': True, 't_max': 15}], 'normalize': True}
2026-01-12 17:28:46,160 INFO Params set successfully. GK created: True
2026-01-12 17:28:46,162 INFO Setting params: {'C': 19306.977288832535, 'kernel_params': [{'name': 'propagation', 'with_attributes': True, 't_max': 20}], 'normalize': True}
2026-01-12 17:28:46,162 INFO Params set successfully. GK created: True
2026-01-12 17:28:46,165 INFO Setting params: {'C': 100000.0, 'kernel_params': [{'name': 'propagation', 'with_attributes': True, 't_max': 1}], 'normalize': True}
2026-01-12 17:28:46,165 INFO Params set successfully. GK created: True
2026-01-12 17:28:46,168 INFO Setting params: {'C': 100000.0, 'kernel_params': [{'name': 'propagation', 'with_attributes': True, 't_max': 3}], 'normalize': True}
2026-01-12 17:28:46,168 INFO Params set successfully. GK created: True
2026-01-12 17:28:46,171 INFO Setting params: {'C': 100000.0, 'kernel_params': [{'name': 'propagation', 'with_attributes': True, 't_max': 5}], 'normalize': True}
2026-01-12 17:28:46,171 INFO Params set successfully. GK created: True
2026-01-12 17:28:46,174 INFO Setting params: {'C': 100000.0, 'kernel_params': [{'name': 'propagation', 'with_attributes': True, 't_max': 8}], 'normalize': True}
2026-01-12 17:28:46,174 INFO Params set successfully. GK created: True
2026-01-12 17:28:46,176 INFO Setting params: {'C': 100000.0, 'kernel_params': [{'name': 'propagation', 'with_attributes': True, 't_max': 10}], 'normalize': True}
2026-01-12 17:28:46,176 INFO Params set successfully. GK created: True
2026-01-12 17:28:46,179 INFO Setting params: {'C': 100000.0, 'kernel_params': [{'name': 'propagation', 'with_attributes': True, 't_max': 15}], 'normalize': True}
2026-01-12 17:28:46,179 INFO Params set successfully. GK created: True
2026-01-12 17:28:46,181 INFO Setting params: {'C': 100000.0, 'kernel_params': [{'name': 'propagation', 'with_attributes': True, 't_max': 20}], 'normalize': True}
2026-01-12 17:28:46,181 INFO Params set successfully. GK created: True
2026-01-12 17:28:46,184 INFO Setting params: {'C': 1e-05, 'kernel_params': [{'name': 'propagation', 'with_attributes': True, 't_max': 1}], 'normalize': True}
2026-01-12 17:28:46,184 INFO Params set successfully. GK created: True
2026-01-12 17:28:46,186 INFO Setting params: {'C': 1e-05, 'kernel_params': [{'name': 'propagation', 'with_attributes': True, 't_max': 3}], 'normalize': True}
2026-01-12 17:28:46,186 INFO Params set successfully. GK created: True
2026-01-12 17:28:46,188 INFO Setting params: {'C': 1e-05, 'kernel_params': [{'name': 'propagation', 'with_attributes': True, 't_max': 5}], 'normalize': True}
2026-01-12 17:28:46,188 INFO Params set successfully. GK created: True
2026-01-12 17:28:46,190 INFO Setting params: {'C': 1e-05, 'kernel_params': [{'name': 'propagation', 'with_attributes': True, 't_max': 8}], 'normalize': True}
2026-01-12 17:28:46,190 INFO Params set successfully. GK created: True
2026-01-12 17:28:46,192 INFO Setting params: {'C': 1e-05, 'kernel_params': [{'name': 'propagation', 'with_attributes': True, 't_max': 10}], 'normalize': True}
2026-01-12 17:28:46,192 INFO Params set successfully. GK created: True
2026-01-12 17:28:46,194 INFO Setting params: {'C': 1e-05, 'kernel_params': [{'name': 'propagation', 'with_attributes': True, 't_max': 15}], 'normalize': True}
2026-01-12 17:28:46,194 INFO Params set successfully. GK created: True
2026-01-12 17:28:46,196 INFO Setting params: {'C': 1e-05, 'kernel_params': [{'name': 'propagation', 'with_attributes': True, 't_max': 20}], 'normalize': True}
2026-01-12 17:28:46,196 INFO Params set successfully. GK created: True
2026-01-12 17:28:46,198 INFO Setting params: {'C': 5.1794746792312125e-05, 'kernel_params': [{'name': 'propagation', 'with_attributes': True, 't_max': 1}], 'normalize': True}
2026-01-12 17:28:46,198 INFO Params set successfully. GK created: True
2026-01-12 17:28:46,200 INFO Setting params: {'C': 5.1794746792312125e-05, 'kernel_params': [{'name': 'propagation', 'with_attributes': True, 't_max': 3}], 'normalize': True}
2026-01-12 17:28:46,200 INFO Params set successfully. GK created: True
2026-01-12 17:28:46,202 INFO Setting params: {'C': 5.1794746792312125e-05, 'kernel_params': [{'name': 'propagation', 'with_attributes': True, 't_max': 5}], 'normalize': True}
2026-01-12 17:28:46,202 INFO Params set successfully. GK created: True
2026-01-12 17:28:46,204 INFO Setting params: {'C': 5.1794746792312125e-05, 'kernel_params': [{'name': 'propagation', 'with_attributes': True, 't_max': 8}], 'normalize': True}
2026-01-12 17:28:46,204 INFO Params set successfully. GK created: True
2026-01-12 17:28:46,206 INFO Setting params: {'C': 5.1794746792312125e-05, 'kernel_params': [{'name': 'propagation', 'with_attributes': True, 't_max': 10}], 'normalize': True}
2026-01-12 17:28:46,206 INFO Params set successfully. GK created: True
2026-01-12 17:28:46,208 INFO Setting params: {'C': 5.1794746792312125e-05, 'kernel_params': [{'name': 'propagation', 'with_attributes': True, 't_max': 15}], 'normalize': True}
2026-01-12 17:28:46,208 INFO Params set successfully. GK created: True
2026-01-12 17:28:46,210 INFO Setting params: {'C': 5.1794746792312125e-05, 'kernel_params': [{'name': 'propagation', 'with_attributes': True, 't_max': 20}], 'normalize': True}
2026-01-12 17:28:46,210 INFO Params set successfully. GK created: True
2026-01-12 17:28:46,212 INFO Setting params: {'C': 0.0002682695795279727, 'kernel_params': [{'name': 'propagation', 'with_attributes': True, 't_max': 1}], 'normalize': True}
2026-01-12 17:28:46,212 INFO Params set successfully. GK created: True
2026-01-12 17:28:46,214 INFO Setting params: {'C': 0.0002682695795279727, 'kernel_params': [{'name': 'propagation', 'with_attributes': True, 't_max': 3}], 'normalize': True}
2026-01-12 17:28:46,214 INFO Params set successfully. GK created: True
2026-01-12 17:28:46,216 INFO Setting params: {'C': 0.0002682695795279727, 'kernel_params': [{'name': 'propagation', 'with_attributes': True, 't_max': 5}], 'normalize': True}
2026-01-12 17:28:46,216 INFO Params set successfully. GK created: True
2026-01-12 17:28:46,218 INFO Setting params: {'C': 0.0002682695795279727, 'kernel_params': [{'name': 'propagation', 'with_attributes': True, 't_max': 8}], 'normalize': True}
2026-01-12 17:28:46,218 INFO Params set successfully. GK created: True
2026-01-12 17:28:46,220 INFO Setting params: {'C': 0.0002682695795279727, 'kernel_params': [{'name': 'propagation', 'with_attributes': True, 't_max': 10}], 'normalize': True}
2026-01-12 17:28:46,220 INFO Params set successfully. GK created: True
2026-01-12 17:28:46,222 INFO Setting params: {'C': 0.0002682695795279727, 'kernel_params': [{'name': 'propagation', 'with_attributes': True, 't_max': 15}], 'normalize': True}
2026-01-12 17:28:46,222 INFO Params set successfully. GK created: True
2026-01-12 17:28:46,224 INFO Setting params: {'C': 0.0002682695795279727, 'kernel_params': [{'name': 'propagation', 'with_attributes': True, 't_max': 20}], 'normalize': True}
2026-01-12 17:28:46,224 INFO Params set successfully. GK created: True
2026-01-12 17:28:46,226 INFO Setting params: {'C': 0.0013894954943731374, 'kernel_params': [{'name': 'propagation', 'with_attributes': True, 't_max': 1}], 'normalize': True}
2026-01-12 17:28:46,226 INFO Params set successfully. GK created: True
2026-01-12 17:28:46,229 INFO Setting params: {'C': 0.0013894954943731374, 'kernel_params': [{'name': 'propagation', 'with_attributes': True, 't_max': 3}], 'normalize': True}
2026-01-12 17:28:46,229 INFO Params set successfully. GK created: True
2026-01-12 17:28:46,231 INFO Setting params: {'C': 0.0013894954943731374, 'kernel_params': [{'name': 'propagation', 'with_attributes': True, 't_max': 5}], 'normalize': True}
2026-01-12 17:28:46,231 INFO Params set successfully. GK created: True
2026-01-12 17:28:46,233 INFO Setting params: {'C': 0.0013894954943731374, 'kernel_params': [{'name': 'propagation', 'with_attributes': True, 't_max': 8}], 'normalize': True}
2026-01-12 17:28:46,233 INFO Params set successfully. GK created: True
2026-01-12 17:28:46,235 INFO Setting params: {'C': 0.0013894954943731374, 'kernel_params': [{'name': 'propagation', 'with_attributes': True, 't_max': 10}], 'normalize': True}
2026-01-12 17:28:46,235 INFO Params set successfully. GK created: True
2026-01-12 17:28:46,237 INFO Setting params: {'C': 0.0013894954943731374, 'kernel_params': [{'name': 'propagation', 'with_attributes': True, 't_max': 15}], 'normalize': True}
2026-01-12 17:28:46,237 INFO Params set successfully. GK created: True
2026-01-12 17:28:46,239 INFO Setting params: {'C': 0.0013894954943731374, 'kernel_params': [{'name': 'propagation', 'with_attributes': True, 't_max': 20}], 'normalize': True}
2026-01-12 17:28:46,239 INFO Params set successfully. GK created: True
2026-01-12 17:28:46,241 INFO Setting params: {'C': 0.0071968567300115215, 'kernel_params': [{'name': 'propagation', 'with_attributes': True, 't_max': 1}], 'normalize': True}
2026-01-12 17:28:46,241 INFO Params set successfully. GK created: True
2026-01-12 17:28:46,243 INFO Setting params: {'C': 0.0071968567300115215, 'kernel_params': [{'name': 'propagation', 'with_attributes': True, 't_max': 3}], 'normalize': True}
2026-01-12 17:28:46,243 INFO Params set successfully. GK created: True
2026-01-12 17:28:46,245 INFO Setting params: {'C': 0.0071968567300115215, 'kernel_params': [{'name': 'propagation', 'with_attributes': True, 't_max': 5}], 'normalize': True}
2026-01-12 17:28:46,245 INFO Params set successfully. GK created: True
2026-01-12 17:28:46,247 INFO Setting params: {'C': 0.0071968567300115215, 'kernel_params': [{'name': 'propagation', 'with_attributes': True, 't_max': 8}], 'normalize': True}
2026-01-12 17:28:46,247 INFO Params set successfully. GK created: True
2026-01-12 17:28:46,249 INFO Setting params: {'C': 0.0071968567300115215, 'kernel_params': [{'name': 'propagation', 'with_attributes': True, 't_max': 10}], 'normalize': True}
2026-01-12 17:28:46,249 INFO Params set successfully. GK created: True
2026-01-12 17:28:46,251 INFO Setting params: {'C': 0.0071968567300115215, 'kernel_params': [{'name': 'propagation', 'with_attributes': True, 't_max': 15}], 'normalize': True}
2026-01-12 17:28:46,251 INFO Params set successfully. GK created: True
2026-01-12 17:28:46,253 INFO Setting params: {'C': 0.0071968567300115215, 'kernel_params': [{'name': 'propagation', 'with_attributes': True, 't_max': 20}], 'normalize': True}
2026-01-12 17:28:46,253 INFO Params set successfully. GK created: True
2026-01-12 17:28:46,255 INFO Setting params: {'C': 0.037275937203149416, 'kernel_params': [{'name': 'propagation', 'with_attributes': True, 't_max': 1}], 'normalize': True}
2026-01-12 17:28:46,255 INFO Params set successfully. GK created: True
2026-01-12 17:28:46,258 INFO Setting params: {'C': 0.037275937203149416, 'kernel_params': [{'name': 'propagation', 'with_attributes': True, 't_max': 3}], 'normalize': True}
2026-01-12 17:28:46,258 INFO Params set successfully. GK created: True
2026-01-12 17:28:46,260 INFO Setting params: {'C': 0.037275937203149416, 'kernel_params': [{'name': 'propagation', 'with_attributes': True, 't_max': 5}], 'normalize': True}
2026-01-12 17:28:46,260 INFO Params set successfully. GK created: True
2026-01-12 17:28:46,262 INFO Setting params: {'C': 0.037275937203149416, 'kernel_params': [{'name': 'propagation', 'with_attributes': True, 't_max': 8}], 'normalize': True}
2026-01-12 17:28:46,262 INFO Params set successfully. GK created: True
2026-01-12 17:28:46,264 INFO Setting params: {'C': 0.037275937203149416, 'kernel_params': [{'name': 'propagation', 'with_attributes': True, 't_max': 10}], 'normalize': True}
2026-01-12 17:28:46,264 INFO Params set successfully. GK created: True
2026-01-12 17:28:46,266 INFO Setting params: {'C': 0.037275937203149416, 'kernel_params': [{'name': 'propagation', 'with_attributes': True, 't_max': 15}], 'normalize': True}
2026-01-12 17:28:46,266 INFO Params set successfully. GK created: True
2026-01-12 17:28:46,268 INFO Setting params: {'C': 0.037275937203149416, 'kernel_params': [{'name': 'propagation', 'with_attributes': True, 't_max': 20}], 'normalize': True}
2026-01-12 17:28:46,268 INFO Params set successfully. GK created: True
2026-01-12 17:28:46,270 INFO Setting params: {'C': 0.19306977288832497, 'kernel_params': [{'name': 'propagation', 'with_attributes': True, 't_max': 1}], 'normalize': True}
2026-01-12 17:28:46,270 INFO Params set successfully. GK created: True
2026-01-12 17:28:46,273 INFO Setting params: {'C': 0.19306977288832497, 'kernel_params': [{'name': 'propagation', 'with_attributes': True, 't_max': 3}], 'normalize': True}
2026-01-12 17:28:46,273 INFO Params set successfully. GK created: True
2026-01-12 17:28:46,275 INFO Setting params: {'C': 0.19306977288832497, 'kernel_params': [{'name': 'propagation', 'with_attributes': True, 't_max': 5}], 'normalize': True}
2026-01-12 17:28:46,275 INFO Params set successfully. GK created: True
2026-01-12 17:28:46,278 INFO Setting params: {'C': 0.19306977288832497, 'kernel_params': [{'name': 'propagation', 'with_attributes': True, 't_max': 8}], 'normalize': True}
2026-01-12 17:28:46,278 INFO Params set successfully. GK created: True
2026-01-12 17:28:46,280 INFO Setting params: {'C': 0.19306977288832497, 'kernel_params': [{'name': 'propagation', 'with_attributes': True, 't_max': 10}], 'normalize': True}
2026-01-12 17:28:46,280 INFO Params set successfully. GK created: True
2026-01-12 17:28:46,282 INFO Setting params: {'C': 0.19306977288832497, 'kernel_params': [{'name': 'propagation', 'with_attributes': True, 't_max': 15}], 'normalize': True}
2026-01-12 17:28:46,282 INFO Params set successfully. GK created: True
2026-01-12 17:28:46,284 INFO Setting params: {'C': 0.19306977288832497, 'kernel_params': [{'name': 'propagation', 'with_attributes': True, 't_max': 20}], 'normalize': True}
2026-01-12 17:28:46,284 INFO Params set successfully. GK created: True
2026-01-12 17:28:46,286 INFO Setting params: {'C': 1.0, 'kernel_params': [{'name': 'propagation', 'with_attributes': True, 't_max': 1}], 'normalize': True}
2026-01-12 17:28:46,286 INFO Params set successfully. GK created: True
2026-01-12 17:28:46,289 INFO Setting params: {'C': 1.0, 'kernel_params': [{'name': 'propagation', 'with_attributes': True, 't_max': 3}], 'normalize': True}
2026-01-12 17:28:46,290 INFO Params set successfully. GK created: True
2026-01-12 17:28:46,292 INFO Setting params: {'C': 1.0, 'kernel_params': [{'name': 'propagation', 'with_attributes': True, 't_max': 5}], 'normalize': True}
2026-01-12 17:28:46,292 INFO Params set successfully. GK created: True
2026-01-12 17:28:46,294 INFO Setting params: {'C': 1.0, 'kernel_params': [{'name': 'propagation', 'with_attributes': True, 't_max': 8}], 'normalize': True}
2026-01-12 17:28:46,294 INFO Params set successfully. GK created: True
2026-01-12 17:28:46,296 INFO Setting params: {'C': 1.0, 'kernel_params': [{'name': 'propagation', 'with_attributes': True, 't_max': 10}], 'normalize': True}
2026-01-12 17:28:46,296 INFO Params set successfully. GK created: True
2026-01-12 17:28:46,298 INFO Setting params: {'C': 1.0, 'kernel_params': [{'name': 'propagation', 'with_attributes': True, 't_max': 15}], 'normalize': True}
2026-01-12 17:28:46,298 INFO Params set successfully. GK created: True
2026-01-12 17:28:46,300 INFO Setting params: {'C': 1.0, 'kernel_params': [{'name': 'propagation', 'with_attributes': True, 't_max': 20}], 'normalize': True}
2026-01-12 17:28:46,300 INFO Params set successfully. GK created: True
2026-01-12 17:28:46,302 INFO Setting params: {'C': 5.1794746792312125, 'kernel_params': [{'name': 'propagation', 'with_attributes': True, 't_max': 1}], 'normalize': True}
2026-01-12 17:28:46,303 INFO Params set successfully. GK created: True
2026-01-12 17:28:46,306 INFO Setting params: {'C': 5.1794746792312125, 'kernel_params': [{'name': 'propagation', 'with_attributes': True, 't_max': 3}], 'normalize': True}
2026-01-12 17:28:46,306 INFO Params set successfully. GK created: True
2026-01-12 17:28:46,308 INFO Setting params: {'C': 5.1794746792312125, 'kernel_params': [{'name': 'propagation', 'with_attributes': True, 't_max': 5}], 'normalize': True}
2026-01-12 17:28:46,308 INFO Params set successfully. GK created: True
2026-01-12 17:28:46,311 INFO Setting params: {'C': 5.1794746792312125, 'kernel_params': [{'name': 'propagation', 'with_attributes': True, 't_max': 8}], 'normalize': True}
2026-01-12 17:28:46,311 INFO Params set successfully. GK created: True
2026-01-12 17:28:46,313 INFO Setting params: {'C': 5.1794746792312125, 'kernel_params': [{'name': 'propagation', 'with_attributes': True, 't_max': 10}], 'normalize': True}
2026-01-12 17:28:46,313 INFO Params set successfully. GK created: True
2026-01-12 17:28:46,315 INFO Setting params: {'C': 5.1794746792312125, 'kernel_params': [{'name': 'propagation', 'with_attributes': True, 't_max': 15}], 'normalize': True}
2026-01-12 17:28:46,315 INFO Params set successfully. GK created: True
2026-01-12 17:28:46,317 INFO Setting params: {'C': 5.1794746792312125, 'kernel_params': [{'name': 'propagation', 'with_attributes': True, 't_max': 20}], 'normalize': True}
2026-01-12 17:28:46,317 INFO Params set successfully. GK created: True
2026-01-12 17:28:46,319 INFO Setting params: {'C': 26.826957952797272, 'kernel_params': [{'name': 'propagation', 'with_attributes': True, 't_max': 1}], 'normalize': True}
2026-01-12 17:28:46,319 INFO Params set successfully. GK created: True
2026-01-12 17:28:46,323 INFO Setting params: {'C': 26.826957952797272, 'kernel_params': [{'name': 'propagation', 'with_attributes': True, 't_max': 3}], 'normalize': True}
2026-01-12 17:28:46,323 INFO Params set successfully. GK created: True
2026-01-12 17:28:46,325 INFO Setting params: {'C': 26.826957952797272, 'kernel_params': [{'name': 'propagation', 'with_attributes': True, 't_max': 5}], 'normalize': True}
2026-01-12 17:28:46,325 INFO Params set successfully. GK created: True
2026-01-12 17:28:46,327 INFO Setting params: {'C': 26.826957952797272, 'kernel_params': [{'name': 'propagation', 'with_attributes': True, 't_max': 8}], 'normalize': True}
2026-01-12 17:28:46,327 INFO Params set successfully. GK created: True
2026-01-12 17:28:46,330 INFO Setting params: {'C': 26.826957952797272, 'kernel_params': [{'name': 'propagation', 'with_attributes': True, 't_max': 10}], 'normalize': True}
2026-01-12 17:28:46,330 INFO Params set successfully. GK created: True
2026-01-12 17:28:46,332 INFO Setting params: {'C': 26.826957952797272, 'kernel_params': [{'name': 'propagation', 'with_attributes': True, 't_max': 15}], 'normalize': True}
2026-01-12 17:28:46,332 INFO Params set successfully. GK created: True
2026-01-12 17:28:46,334 INFO Setting params: {'C': 26.826957952797272, 'kernel_params': [{'name': 'propagation', 'with_attributes': True, 't_max': 20}], 'normalize': True}
2026-01-12 17:28:46,334 INFO Params set successfully. GK created: True
2026-01-12 17:28:46,337 INFO Setting params: {'C': 138.9495494373139, 'kernel_params': [{'name': 'propagation', 'with_attributes': True, 't_max': 1}], 'normalize': True}
2026-01-12 17:28:46,337 INFO Params set successfully. GK created: True
2026-01-12 17:28:46,340 INFO Setting params: {'C': 138.9495494373139, 'kernel_params': [{'name': 'propagation', 'with_attributes': True, 't_max': 3}], 'normalize': True}
2026-01-12 17:28:46,340 INFO Params set successfully. GK created: True
2026-01-12 17:28:46,343 INFO Setting params: {'C': 138.9495494373139, 'kernel_params': [{'name': 'propagation', 'with_attributes': True, 't_max': 5}], 'normalize': True}
2026-01-12 17:28:46,343 INFO Params set successfully. GK created: True
2026-01-12 17:28:46,345 INFO Setting params: {'C': 138.9495494373139, 'kernel_params': [{'name': 'propagation', 'with_attributes': True, 't_max': 8}], 'normalize': True}
2026-01-12 17:28:46,345 INFO Params set successfully. GK created: True
2026-01-12 17:28:46,348 INFO Setting params: {'C': 138.9495494373139, 'kernel_params': [{'name': 'propagation', 'with_attributes': True, 't_max': 10}], 'normalize': True}
2026-01-12 17:28:46,348 INFO Params set successfully. GK created: True
2026-01-12 17:28:46,350 INFO Setting params: {'C': 138.9495494373139, 'kernel_params': [{'name': 'propagation', 'with_attributes': True, 't_max': 15}], 'normalize': True}
2026-01-12 17:28:46,350 INFO Params set successfully. GK created: True
2026-01-12 17:28:46,353 INFO Setting params: {'C': 138.9495494373139, 'kernel_params': [{'name': 'propagation', 'with_attributes': True, 't_max': 20}], 'normalize': True}
2026-01-12 17:28:46,353 INFO Params set successfully. GK created: True
2026-01-12 17:28:46,355 INFO Setting params: {'C': 719.6856730011528, 'kernel_params': [{'name': 'propagation', 'with_attributes': True, 't_max': 1}], 'normalize': True}
2026-01-12 17:28:46,355 INFO Params set successfully. GK created: True
2026-01-12 17:28:46,358 INFO Setting params: {'C': 719.6856730011528, 'kernel_params': [{'name': 'propagation', 'with_attributes': True, 't_max': 3}], 'normalize': True}
2026-01-12 17:28:46,358 INFO Params set successfully. GK created: True
2026-01-12 17:28:46,361 INFO Setting params: {'C': 719.6856730011528, 'kernel_params': [{'name': 'propagation', 'with_attributes': True, 't_max': 5}], 'normalize': True}
2026-01-12 17:28:46,361 INFO Params set successfully. GK created: True
2026-01-12 17:28:46,364 INFO Setting params: {'C': 719.6856730011528, 'kernel_params': [{'name': 'propagation', 'with_attributes': True, 't_max': 8}], 'normalize': True}
2026-01-12 17:28:46,364 INFO Params set successfully. GK created: True
2026-01-12 17:28:46,367 INFO Setting params: {'C': 719.6856730011528, 'kernel_params': [{'name': 'propagation', 'with_attributes': True, 't_max': 10}], 'normalize': True}
2026-01-12 17:28:46,367 INFO Params set successfully. GK created: True
2026-01-12 17:28:46,369 INFO Setting params: {'C': 719.6856730011528, 'kernel_params': [{'name': 'propagation', 'with_attributes': True, 't_max': 15}], 'normalize': True}
2026-01-12 17:28:46,369 INFO Params set successfully. GK created: True
2026-01-12 17:28:46,372 INFO Setting params: {'C': 719.6856730011528, 'kernel_params': [{'name': 'propagation', 'with_attributes': True, 't_max': 20}], 'normalize': True}
2026-01-12 17:28:46,372 INFO Params set successfully. GK created: True
2026-01-12 17:28:46,374 INFO Setting params: {'C': 3727.593720314938, 'kernel_params': [{'name': 'propagation', 'with_attributes': True, 't_max': 1}], 'normalize': True}
2026-01-12 17:28:46,374 INFO Params set successfully. GK created: True
2026-01-12 17:28:46,377 INFO Setting params: {'C': 3727.593720314938, 'kernel_params': [{'name': 'propagation', 'with_attributes': True, 't_max': 3}], 'normalize': True}
2026-01-12 17:28:46,378 INFO Params set successfully. GK created: True
2026-01-12 17:28:46,380 INFO Setting params: {'C': 3727.593720314938, 'kernel_params': [{'name': 'propagation', 'with_attributes': True, 't_max': 5}], 'normalize': True}
2026-01-12 17:28:46,380 INFO Params set successfully. GK created: True
2026-01-12 17:28:46,383 INFO Setting params: {'C': 3727.593720314938, 'kernel_params': [{'name': 'propagation', 'with_attributes': True, 't_max': 8}], 'normalize': True}
2026-01-12 17:28:46,383 INFO Params set successfully. GK created: True
2026-01-12 17:28:46,386 INFO Setting params: {'C': 3727.593720314938, 'kernel_params': [{'name': 'propagation', 'with_attributes': True, 't_max': 10}], 'normalize': True}
2026-01-12 17:28:46,386 INFO Params set successfully. GK created: True
2026-01-12 17:28:46,388 INFO Setting params: {'C': 3727.593720314938, 'kernel_params': [{'name': 'propagation', 'with_attributes': True, 't_max': 15}], 'normalize': True}
2026-01-12 17:28:46,388 INFO Params set successfully. GK created: True
2026-01-12 17:28:46,391 INFO Setting params: {'C': 3727.593720314938, 'kernel_params': [{'name': 'propagation', 'with_attributes': True, 't_max': 20}], 'normalize': True}
2026-01-12 17:28:46,391 INFO Params set successfully. GK created: True
2026-01-12 17:28:46,393 INFO Setting params: {'C': 19306.977288832535, 'kernel_params': [{'name': 'propagation', 'with_attributes': True, 't_max': 1}], 'normalize': True}
2026-01-12 17:28:46,393 INFO Params set successfully. GK created: True
2026-01-12 17:28:46,397 INFO Setting params: {'C': 19306.977288832535, 'kernel_params': [{'name': 'propagation', 'with_attributes': True, 't_max': 3}], 'normalize': True}
2026-01-12 17:28:46,397 INFO Params set successfully. GK created: True
2026-01-12 17:28:46,399 INFO Setting params: {'C': 19306.977288832535, 'kernel_params': [{'name': 'propagation', 'with_attributes': True, 't_max': 5}], 'normalize': True}
2026-01-12 17:28:46,400 INFO Params set successfully. GK created: True
2026-01-12 17:28:46,402 INFO Setting params: {'C': 19306.977288832535, 'kernel_params': [{'name': 'propagation', 'with_attributes': True, 't_max': 8}], 'normalize': True}
2026-01-12 17:28:46,402 INFO Params set successfully. GK created: True
2026-01-12 17:28:46,405 INFO Setting params: {'C': 19306.977288832535, 'kernel_params': [{'name': 'propagation', 'with_attributes': True, 't_max': 10}], 'normalize': True}
2026-01-12 17:28:46,405 INFO Params set successfully. GK created: True
2026-01-12 17:28:46,408 INFO Setting params: {'C': 19306.977288832535, 'kernel_params': [{'name': 'propagation', 'with_attributes': True, 't_max': 15}], 'normalize': True}
2026-01-12 17:28:46,408 INFO Params set successfully. GK created: True
2026-01-12 17:28:46,410 INFO Setting params: {'C': 19306.977288832535, 'kernel_params': [{'name': 'propagation', 'with_attributes': True, 't_max': 20}], 'normalize': True}
2026-01-12 17:28:46,410 INFO Params set successfully. GK created: True
2026-01-12 17:28:46,412 INFO Setting params: {'C': 100000.0, 'kernel_params': [{'name': 'propagation', 'with_attributes': True, 't_max': 1}], 'normalize': True}
2026-01-12 17:28:46,412 INFO Params set successfully. GK created: True
2026-01-12 17:28:46,416 INFO Setting params: {'C': 100000.0, 'kernel_params': [{'name': 'propagation', 'with_attributes': True, 't_max': 3}], 'normalize': True}
2026-01-12 17:28:46,416 INFO Params set successfully. GK created: True
2026-01-12 17:28:46,419 INFO Setting params: {'C': 100000.0, 'kernel_params': [{'name': 'propagation', 'with_attributes': True, 't_max': 5}], 'normalize': True}
2026-01-12 17:28:46,419 INFO Params set successfully. GK created: True
2026-01-12 17:28:46,421 INFO Setting params: {'C': 100000.0, 'kernel_params': [{'name': 'propagation', 'with_attributes': True, 't_max': 8}], 'normalize': True}
2026-01-12 17:28:46,421 INFO Params set successfully. GK created: True
2026-01-12 17:28:46,424 INFO Setting params: {'C': 100000.0, 'kernel_params': [{'name': 'propagation', 'with_attributes': True, 't_max': 10}], 'normalize': True}
2026-01-12 17:28:46,424 INFO Params set successfully. GK created: True
2026-01-12 17:28:46,427 INFO Setting params: {'C': 100000.0, 'kernel_params': [{'name': 'propagation', 'with_attributes': True, 't_max': 15}], 'normalize': True}
2026-01-12 17:28:46,427 INFO Params set successfully. GK created: True
2026-01-12 17:28:46,429 INFO Setting params: {'C': 100000.0, 'kernel_params': [{'name': 'propagation', 'with_attributes': True, 't_max': 20}], 'normalize': True}
2026-01-12 17:28:46,429 INFO Params set successfully. GK created: True
2026-01-12 17:28:46,432 INFO Setting params: {'C': 1e-05, 'kernel_params': [{'name': 'propagation', 'with_attributes': True, 't_max': 1}], 'normalize': True}
2026-01-12 17:28:46,432 INFO Params set successfully. GK created: True
2026-01-12 17:28:46,434 INFO Setting params: {'C': 1e-05, 'kernel_params': [{'name': 'propagation', 'with_attributes': True, 't_max': 3}], 'normalize': True}
2026-01-12 17:28:46,434 INFO Params set successfully. GK created: True
2026-01-12 17:28:46,436 INFO Setting params: {'C': 1e-05, 'kernel_params': [{'name': 'propagation', 'with_attributes': True, 't_max': 5}], 'normalize': True}
2026-01-12 17:28:46,436 INFO Params set successfully. GK created: True
2026-01-12 17:28:46,438 INFO Setting params: {'C': 1e-05, 'kernel_params': [{'name': 'propagation', 'with_attributes': True, 't_max': 8}], 'normalize': True}
2026-01-12 17:28:46,438 INFO Params set successfully. GK created: True
2026-01-12 17:28:46,440 INFO Setting params: {'C': 1e-05, 'kernel_params': [{'name': 'propagation', 'with_attributes': True, 't_max': 10}], 'normalize': True}
2026-01-12 17:28:46,440 INFO Params set successfully. GK created: True
2026-01-12 17:28:46,442 INFO Setting params: {'C': 1e-05, 'kernel_params': [{'name': 'propagation', 'with_attributes': True, 't_max': 15}], 'normalize': True}
2026-01-12 17:28:46,442 INFO Params set successfully. GK created: True
2026-01-12 17:28:46,444 INFO Setting params: {'C': 1e-05, 'kernel_params': [{'name': 'propagation', 'with_attributes': True, 't_max': 20}], 'normalize': True}
2026-01-12 17:28:46,444 INFO Params set successfully. GK created: True
2026-01-12 17:28:46,446 INFO Setting params: {'C': 5.1794746792312125e-05, 'kernel_params': [{'name': 'propagation', 'with_attributes': True, 't_max': 1}], 'normalize': True}
2026-01-12 17:28:46,446 INFO Params set successfully. GK created: True
2026-01-12 17:28:46,448 INFO Setting params: {'C': 5.1794746792312125e-05, 'kernel_params': [{'name': 'propagation', 'with_attributes': True, 't_max': 3}], 'normalize': True}
2026-01-12 17:28:46,448 INFO Params set successfully. GK created: True
2026-01-12 17:28:46,450 INFO Setting params: {'C': 5.1794746792312125e-05, 'kernel_params': [{'name': 'propagation', 'with_attributes': True, 't_max': 5}], 'normalize': True}
2026-01-12 17:28:46,450 INFO Params set successfully. GK created: True
2026-01-12 17:28:46,452 INFO Setting params: {'C': 5.1794746792312125e-05, 'kernel_params': [{'name': 'propagation', 'with_attributes': True, 't_max': 8}], 'normalize': True}
2026-01-12 17:28:46,452 INFO Params set successfully. GK created: True
2026-01-12 17:28:46,454 INFO Setting params: {'C': 5.1794746792312125e-05, 'kernel_params': [{'name': 'propagation', 'with_attributes': True, 't_max': 10}], 'normalize': True}
2026-01-12 17:28:46,454 INFO Params set successfully. GK created: True
2026-01-12 17:28:46,456 INFO Setting params: {'C': 5.1794746792312125e-05, 'kernel_params': [{'name': 'propagation', 'with_attributes': True, 't_max': 15}], 'normalize': True}
2026-01-12 17:28:46,456 INFO Params set successfully. GK created: True
2026-01-12 17:28:46,458 INFO Setting params: {'C': 5.1794746792312125e-05, 'kernel_params': [{'name': 'propagation', 'with_attributes': True, 't_max': 20}], 'normalize': True}
2026-01-12 17:28:46,458 INFO Params set successfully. GK created: True
2026-01-12 17:28:46,460 INFO Setting params: {'C': 0.0002682695795279727, 'kernel_params': [{'name': 'propagation', 'with_attributes': True, 't_max': 1}], 'normalize': True}
2026-01-12 17:28:46,460 INFO Params set successfully. GK created: True
2026-01-12 17:28:46,462 INFO Setting params: {'C': 0.0002682695795279727, 'kernel_params': [{'name': 'propagation', 'with_attributes': True, 't_max': 3}], 'normalize': True}
2026-01-12 17:28:46,462 INFO Params set successfully. GK created: True
2026-01-12 17:28:46,464 INFO Setting params: {'C': 0.0002682695795279727, 'kernel_params': [{'name': 'propagation', 'with_attributes': True, 't_max': 5}], 'normalize': True}
2026-01-12 17:28:46,464 INFO Params set successfully. GK created: True
2026-01-12 17:28:46,466 INFO Setting params: {'C': 0.0002682695795279727, 'kernel_params': [{'name': 'propagation', 'with_attributes': True, 't_max': 8}], 'normalize': True}
2026-01-12 17:28:46,466 INFO Params set successfully. GK created: True
2026-01-12 17:28:46,468 INFO Setting params: {'C': 0.0002682695795279727, 'kernel_params': [{'name': 'propagation', 'with_attributes': True, 't_max': 10}], 'normalize': True}
2026-01-12 17:28:46,468 INFO Params set successfully. GK created: True
2026-01-12 17:28:46,470 INFO Setting params: {'C': 0.0002682695795279727, 'kernel_params': [{'name': 'propagation', 'with_attributes': True, 't_max': 15}], 'normalize': True}
2026-01-12 17:28:46,470 INFO Params set successfully. GK created: True
2026-01-12 17:28:46,472 INFO Setting params: {'C': 0.0002682695795279727, 'kernel_params': [{'name': 'propagation', 'with_attributes': True, 't_max': 20}], 'normalize': True}
2026-01-12 17:28:46,472 INFO Params set successfully. GK created: True
2026-01-12 17:28:46,474 INFO Setting params: {'C': 0.0013894954943731374, 'kernel_params': [{'name': 'propagation', 'with_attributes': True, 't_max': 1}], 'normalize': True}
2026-01-12 17:28:46,474 INFO Params set successfully. GK created: True
2026-01-12 17:28:46,477 INFO Setting params: {'C': 0.0013894954943731374, 'kernel_params': [{'name': 'propagation', 'with_attributes': True, 't_max': 3}], 'normalize': True}
2026-01-12 17:28:46,477 INFO Params set successfully. GK created: True
2026-01-12 17:28:46,479 INFO Setting params: {'C': 0.0013894954943731374, 'kernel_params': [{'name': 'propagation', 'with_attributes': True, 't_max': 5}], 'normalize': True}
2026-01-12 17:28:46,479 INFO Params set successfully. GK created: True
2026-01-12 17:28:46,481 INFO Setting params: {'C': 0.0013894954943731374, 'kernel_params': [{'name': 'propagation', 'with_attributes': True, 't_max': 8}], 'normalize': True}
2026-01-12 17:28:46,481 INFO Params set successfully. GK created: True
2026-01-12 17:28:46,483 INFO Setting params: {'C': 0.0013894954943731374, 'kernel_params': [{'name': 'propagation', 'with_attributes': True, 't_max': 10}], 'normalize': True}
2026-01-12 17:28:46,483 INFO Params set successfully. GK created: True
2026-01-12 17:28:46,485 INFO Setting params: {'C': 0.0013894954943731374, 'kernel_params': [{'name': 'propagation', 'with_attributes': True, 't_max': 15}], 'normalize': True}
2026-01-12 17:28:46,485 INFO Params set successfully. GK created: True
2026-01-12 17:28:46,487 INFO Setting params: {'C': 0.0013894954943731374, 'kernel_params': [{'name': 'propagation', 'with_attributes': True, 't_max': 20}], 'normalize': True}
2026-01-12 17:28:46,487 INFO Params set successfully. GK created: True
2026-01-12 17:28:46,489 INFO Setting params: {'C': 0.0071968567300115215, 'kernel_params': [{'name': 'propagation', 'with_attributes': True, 't_max': 1}], 'normalize': True}
2026-01-12 17:28:46,489 INFO Params set successfully. GK created: True
2026-01-12 17:28:46,491 INFO Setting params: {'C': 0.0071968567300115215, 'kernel_params': [{'name': 'propagation', 'with_attributes': True, 't_max': 3}], 'normalize': True}
2026-01-12 17:28:46,491 INFO Params set successfully. GK created: True
2026-01-12 17:28:46,493 INFO Setting params: {'C': 0.0071968567300115215, 'kernel_params': [{'name': 'propagation', 'with_attributes': True, 't_max': 5}], 'normalize': True}
2026-01-12 17:28:46,493 INFO Params set successfully. GK created: True
2026-01-12 17:28:46,495 INFO Setting params: {'C': 0.0071968567300115215, 'kernel_params': [{'name': 'propagation', 'with_attributes': True, 't_max': 8}], 'normalize': True}
2026-01-12 17:28:46,495 INFO Params set successfully. GK created: True
2026-01-12 17:28:46,497 INFO Setting params: {'C': 0.0071968567300115215, 'kernel_params': [{'name': 'propagation', 'with_attributes': True, 't_max': 10}], 'normalize': True}
2026-01-12 17:28:46,497 INFO Params set successfully. GK created: True
2026-01-12 17:28:46,499 INFO Setting params: {'C': 0.0071968567300115215, 'kernel_params': [{'name': 'propagation', 'with_attributes': True, 't_max': 15}], 'normalize': True}
2026-01-12 17:28:46,499 INFO Params set successfully. GK created: True
2026-01-12 17:28:46,501 INFO Setting params: {'C': 0.0071968567300115215, 'kernel_params': [{'name': 'propagation', 'with_attributes': True, 't_max': 20}], 'normalize': True}
2026-01-12 17:28:46,501 INFO Params set successfully. GK created: True
2026-01-12 17:28:46,503 INFO Setting params: {'C': 0.037275937203149416, 'kernel_params': [{'name': 'propagation', 'with_attributes': True, 't_max': 1}], 'normalize': True}
2026-01-12 17:28:46,503 INFO Params set successfully. GK created: True
2026-01-12 17:28:46,506 INFO Setting params: {'C': 0.037275937203149416, 'kernel_params': [{'name': 'propagation', 'with_attributes': True, 't_max': 3}], 'normalize': True}
2026-01-12 17:28:46,506 INFO Params set successfully. GK created: True
2026-01-12 17:28:46,508 INFO Setting params: {'C': 0.037275937203149416, 'kernel_params': [{'name': 'propagation', 'with_attributes': True, 't_max': 5}], 'normalize': True}
2026-01-12 17:28:46,508 INFO Params set successfully. GK created: True
2026-01-12 17:28:46,510 INFO Setting params: {'C': 0.037275937203149416, 'kernel_params': [{'name': 'propagation', 'with_attributes': True, 't_max': 8}], 'normalize': True}
2026-01-12 17:28:46,510 INFO Params set successfully. GK created: True
2026-01-12 17:28:46,512 INFO Setting params: {'C': 0.037275937203149416, 'kernel_params': [{'name': 'propagation', 'with_attributes': True, 't_max': 10}], 'normalize': True}
2026-01-12 17:28:46,512 INFO Params set successfully. GK created: True
2026-01-12 17:28:46,514 INFO Setting params: {'C': 0.037275937203149416, 'kernel_params': [{'name': 'propagation', 'with_attributes': True, 't_max': 15}], 'normalize': True}
2026-01-12 17:28:46,514 INFO Params set successfully. GK created: True
2026-01-12 17:28:46,516 INFO Setting params: {'C': 0.037275937203149416, 'kernel_params': [{'name': 'propagation', 'with_attributes': True, 't_max': 20}], 'normalize': True}
2026-01-12 17:28:46,516 INFO Params set successfully. GK created: True
2026-01-12 17:28:46,518 INFO Setting params: {'C': 0.19306977288832497, 'kernel_params': [{'name': 'propagation', 'with_attributes': True, 't_max': 1}], 'normalize': True}
2026-01-12 17:28:46,518 INFO Params set successfully. GK created: True
2026-01-12 17:28:46,521 INFO Setting params: {'C': 0.19306977288832497, 'kernel_params': [{'name': 'propagation', 'with_attributes': True, 't_max': 3}], 'normalize': True}
2026-01-12 17:28:46,521 INFO Params set successfully. GK created: True
2026-01-12 17:28:46,523 INFO Setting params: {'C': 0.19306977288832497, 'kernel_params': [{'name': 'propagation', 'with_attributes': True, 't_max': 5}], 'normalize': True}
2026-01-12 17:28:46,523 INFO Params set successfully. GK created: True
2026-01-12 17:28:46,525 INFO Setting params: {'C': 0.19306977288832497, 'kernel_params': [{'name': 'propagation', 'with_attributes': True, 't_max': 8}], 'normalize': True}
2026-01-12 17:28:46,525 INFO Params set successfully. GK created: True
2026-01-12 17:28:46,527 INFO Setting params: {'C': 0.19306977288832497, 'kernel_params': [{'name': 'propagation', 'with_attributes': True, 't_max': 10}], 'normalize': True}
2026-01-12 17:28:46,528 INFO Params set successfully. GK created: True
2026-01-12 17:28:46,530 INFO Setting params: {'C': 0.19306977288832497, 'kernel_params': [{'name': 'propagation', 'with_attributes': True, 't_max': 15}], 'normalize': True}
2026-01-12 17:28:46,530 INFO Params set successfully. GK created: True
2026-01-12 17:28:46,532 INFO Setting params: {'C': 0.19306977288832497, 'kernel_params': [{'name': 'propagation', 'with_attributes': True, 't_max': 20}], 'normalize': True}
2026-01-12 17:28:46,532 INFO Params set successfully. GK created: True
2026-01-12 17:28:46,534 INFO Setting params: {'C': 1.0, 'kernel_params': [{'name': 'propagation', 'with_attributes': True, 't_max': 1}], 'normalize': True}
2026-01-12 17:28:46,534 INFO Params set successfully. GK created: True
2026-01-12 17:28:46,537 INFO Setting params: {'C': 1.0, 'kernel_params': [{'name': 'propagation', 'with_attributes': True, 't_max': 3}], 'normalize': True}
2026-01-12 17:28:46,537 INFO Params set successfully. GK created: True
2026-01-12 17:28:46,539 INFO Setting params: {'C': 1.0, 'kernel_params': [{'name': 'propagation', 'with_attributes': True, 't_max': 5}], 'normalize': True}
2026-01-12 17:28:46,539 INFO Params set successfully. GK created: True
2026-01-12 17:28:46,542 INFO Setting params: {'C': 1.0, 'kernel_params': [{'name': 'propagation', 'with_attributes': True, 't_max': 8}], 'normalize': True}
2026-01-12 17:28:46,542 INFO Params set successfully. GK created: True
2026-01-12 17:28:46,544 INFO Setting params: {'C': 1.0, 'kernel_params': [{'name': 'propagation', 'with_attributes': True, 't_max': 10}], 'normalize': True}
2026-01-12 17:28:46,544 INFO Params set successfully. GK created: True
2026-01-12 17:28:46,546 INFO Setting params: {'C': 1.0, 'kernel_params': [{'name': 'propagation', 'with_attributes': True, 't_max': 15}], 'normalize': True}
2026-01-12 17:28:46,546 INFO Params set successfully. GK created: True
2026-01-12 17:28:46,548 INFO Setting params: {'C': 1.0, 'kernel_params': [{'name': 'propagation', 'with_attributes': True, 't_max': 20}], 'normalize': True}
2026-01-12 17:28:46,548 INFO Params set successfully. GK created: True
2026-01-12 17:28:46,550 INFO Setting params: {'C': 5.1794746792312125, 'kernel_params': [{'name': 'propagation', 'with_attributes': True, 't_max': 1}], 'normalize': True}
2026-01-12 17:28:46,550 INFO Params set successfully. GK created: True
2026-01-12 17:28:46,554 INFO Setting params: {'C': 5.1794746792312125, 'kernel_params': [{'name': 'propagation', 'with_attributes': True, 't_max': 3}], 'normalize': True}
2026-01-12 17:28:46,554 INFO Params set successfully. GK created: True
2026-01-12 17:28:46,556 INFO Setting params: {'C': 5.1794746792312125, 'kernel_params': [{'name': 'propagation', 'with_attributes': True, 't_max': 5}], 'normalize': True}
2026-01-12 17:28:46,556 INFO Params set successfully. GK created: True
2026-01-12 17:28:46,558 INFO Setting params: {'C': 5.1794746792312125, 'kernel_params': [{'name': 'propagation', 'with_attributes': True, 't_max': 8}], 'normalize': True}
2026-01-12 17:28:46,558 INFO Params set successfully. GK created: True
2026-01-12 17:28:46,561 INFO Setting params: {'C': 5.1794746792312125, 'kernel_params': [{'name': 'propagation', 'with_attributes': True, 't_max': 10}], 'normalize': True}
2026-01-12 17:28:46,561 INFO Params set successfully. GK created: True
2026-01-12 17:28:46,563 INFO Setting params: {'C': 5.1794746792312125, 'kernel_params': [{'name': 'propagation', 'with_attributes': True, 't_max': 15}], 'normalize': True}
2026-01-12 17:28:46,563 INFO Params set successfully. GK created: True
2026-01-12 17:28:46,565 INFO Setting params: {'C': 5.1794746792312125, 'kernel_params': [{'name': 'propagation', 'with_attributes': True, 't_max': 20}], 'normalize': True}
2026-01-12 17:28:46,565 INFO Params set successfully. GK created: True
2026-01-12 17:28:46,567 INFO Setting params: {'C': 26.826957952797272, 'kernel_params': [{'name': 'propagation', 'with_attributes': True, 't_max': 1}], 'normalize': True}
2026-01-12 17:28:46,567 INFO Params set successfully. GK created: True
2026-01-12 17:28:46,571 INFO Setting params: {'C': 26.826957952797272, 'kernel_params': [{'name': 'propagation', 'with_attributes': True, 't_max': 3}], 'normalize': True}
2026-01-12 17:28:46,571 INFO Params set successfully. GK created: True
2026-01-12 17:28:46,573 INFO Setting params: {'C': 26.826957952797272, 'kernel_params': [{'name': 'propagation', 'with_attributes': True, 't_max': 5}], 'normalize': True}
2026-01-12 17:28:46,573 INFO Params set successfully. GK created: True
2026-01-12 17:28:46,575 INFO Setting params: {'C': 26.826957952797272, 'kernel_params': [{'name': 'propagation', 'with_attributes': True, 't_max': 8}], 'normalize': True}
2026-01-12 17:28:46,575 INFO Params set successfully. GK created: True
2026-01-12 17:28:46,578 INFO Setting params: {'C': 26.826957952797272, 'kernel_params': [{'name': 'propagation', 'with_attributes': True, 't_max': 10}], 'normalize': True}
2026-01-12 17:28:46,578 INFO Params set successfully. GK created: True
2026-01-12 17:28:46,580 INFO Setting params: {'C': 26.826957952797272, 'kernel_params': [{'name': 'propagation', 'with_attributes': True, 't_max': 15}], 'normalize': True}
2026-01-12 17:28:46,580 INFO Params set successfully. GK created: True
2026-01-12 17:28:46,582 INFO Setting params: {'C': 26.826957952797272, 'kernel_params': [{'name': 'propagation', 'with_attributes': True, 't_max': 20}], 'normalize': True}
2026-01-12 17:28:46,582 INFO Params set successfully. GK created: True
2026-01-12 17:28:46,584 INFO Setting params: {'C': 138.9495494373139, 'kernel_params': [{'name': 'propagation', 'with_attributes': True, 't_max': 1}], 'normalize': True}
2026-01-12 17:28:46,584 INFO Params set successfully. GK created: True
2026-01-12 17:28:46,588 INFO Setting params: {'C': 138.9495494373139, 'kernel_params': [{'name': 'propagation', 'with_attributes': True, 't_max': 3}], 'normalize': True}
2026-01-12 17:28:46,588 INFO Params set successfully. GK created: True
2026-01-12 17:28:46,591 INFO Setting params: {'C': 138.9495494373139, 'kernel_params': [{'name': 'propagation', 'with_attributes': True, 't_max': 5}], 'normalize': True}
2026-01-12 17:28:46,591 INFO Params set successfully. GK created: True
2026-01-12 17:28:46,593 INFO Setting params: {'C': 138.9495494373139, 'kernel_params': [{'name': 'propagation', 'with_attributes': True, 't_max': 8}], 'normalize': True}
2026-01-12 17:28:46,593 INFO Params set successfully. GK created: True
2026-01-12 17:28:46,596 INFO Setting params: {'C': 138.9495494373139, 'kernel_params': [{'name': 'propagation', 'with_attributes': True, 't_max': 10}], 'normalize': True}
2026-01-12 17:28:46,596 INFO Params set successfully. GK created: True
2026-01-12 17:28:46,598 INFO Setting params: {'C': 138.9495494373139, 'kernel_params': [{'name': 'propagation', 'with_attributes': True, 't_max': 15}], 'normalize': True}
2026-01-12 17:28:46,598 INFO Params set successfully. GK created: True
2026-01-12 17:28:46,601 INFO Setting params: {'C': 138.9495494373139, 'kernel_params': [{'name': 'propagation', 'with_attributes': True, 't_max': 20}], 'normalize': True}
2026-01-12 17:28:46,601 INFO Params set successfully. GK created: True
2026-01-12 17:28:46,603 INFO Setting params: {'C': 719.6856730011528, 'kernel_params': [{'name': 'propagation', 'with_attributes': True, 't_max': 1}], 'normalize': True}
2026-01-12 17:28:46,603 INFO Params set successfully. GK created: True
2026-01-12 17:28:46,606 INFO Setting params: {'C': 719.6856730011528, 'kernel_params': [{'name': 'propagation', 'with_attributes': True, 't_max': 3}], 'normalize': True}
2026-01-12 17:28:46,606 INFO Params set successfully. GK created: True
2026-01-12 17:28:46,609 INFO Setting params: {'C': 719.6856730011528, 'kernel_params': [{'name': 'propagation', 'with_attributes': True, 't_max': 5}], 'normalize': True}
2026-01-12 17:28:46,609 INFO Params set successfully. GK created: True
2026-01-12 17:28:46,612 INFO Setting params: {'C': 719.6856730011528, 'kernel_params': [{'name': 'propagation', 'with_attributes': True, 't_max': 8}], 'normalize': True}
2026-01-12 17:28:46,612 INFO Params set successfully. GK created: True
2026-01-12 17:28:46,615 INFO Setting params: {'C': 719.6856730011528, 'kernel_params': [{'name': 'propagation', 'with_attributes': True, 't_max': 10}], 'normalize': True}
2026-01-12 17:28:46,615 INFO Params set successfully. GK created: True
2026-01-12 17:28:46,617 INFO Setting params: {'C': 719.6856730011528, 'kernel_params': [{'name': 'propagation', 'with_attributes': True, 't_max': 15}], 'normalize': True}
2026-01-12 17:28:46,617 INFO Params set successfully. GK created: True
2026-01-12 17:28:46,620 INFO Setting params: {'C': 719.6856730011528, 'kernel_params': [{'name': 'propagation', 'with_attributes': True, 't_max': 20}], 'normalize': True}
2026-01-12 17:28:46,620 INFO Params set successfully. GK created: True
2026-01-12 17:28:46,622 INFO Setting params: {'C': 3727.593720314938, 'kernel_params': [{'name': 'propagation', 'with_attributes': True, 't_max': 1}], 'normalize': True}
2026-01-12 17:28:46,622 INFO Params set successfully. GK created: True
2026-01-12 17:28:46,626 INFO Setting params: {'C': 3727.593720314938, 'kernel_params': [{'name': 'propagation', 'with_attributes': True, 't_max': 3}], 'normalize': True}
2026-01-12 17:28:46,626 INFO Params set successfully. GK created: True
2026-01-12 17:28:46,629 INFO Setting params: {'C': 3727.593720314938, 'kernel_params': [{'name': 'propagation', 'with_attributes': True, 't_max': 5}], 'normalize': True}
2026-01-12 17:28:46,629 INFO Params set successfully. GK created: True
2026-01-12 17:28:46,631 INFO Setting params: {'C': 3727.593720314938, 'kernel_params': [{'name': 'propagation', 'with_attributes': True, 't_max': 8}], 'normalize': True}
2026-01-12 17:28:46,631 INFO Params set successfully. GK created: True
2026-01-12 17:28:46,634 INFO Setting params: {'C': 3727.593720314938, 'kernel_params': [{'name': 'propagation', 'with_attributes': True, 't_max': 10}], 'normalize': True}
2026-01-12 17:28:46,634 INFO Params set successfully. GK created: True
2026-01-12 17:28:46,637 INFO Setting params: {'C': 3727.593720314938, 'kernel_params': [{'name': 'propagation', 'with_attributes': True, 't_max': 15}], 'normalize': True}
2026-01-12 17:28:46,637 INFO Params set successfully. GK created: True
2026-01-12 17:28:46,639 INFO Setting params: {'C': 3727.593720314938, 'kernel_params': [{'name': 'propagation', 'with_attributes': True, 't_max': 20}], 'normalize': True}
2026-01-12 17:28:46,639 INFO Params set successfully. GK created: True
2026-01-12 17:28:46,641 INFO Setting params: {'C': 19306.977288832535, 'kernel_params': [{'name': 'propagation', 'with_attributes': True, 't_max': 1}], 'normalize': True}
2026-01-12 17:28:46,641 INFO Params set successfully. GK created: True
2026-01-12 17:28:46,645 INFO Setting params: {'C': 19306.977288832535, 'kernel_params': [{'name': 'propagation', 'with_attributes': True, 't_max': 3}], 'normalize': True}
2026-01-12 17:28:46,645 INFO Params set successfully. GK created: True
2026-01-12 17:28:46,648 INFO Setting params: {'C': 19306.977288832535, 'kernel_params': [{'name': 'propagation', 'with_attributes': True, 't_max': 5}], 'normalize': True}
2026-01-12 17:28:46,648 INFO Params set successfully. GK created: True
2026-01-12 17:28:46,651 INFO Setting params: {'C': 19306.977288832535, 'kernel_params': [{'name': 'propagation', 'with_attributes': True, 't_max': 8}], 'normalize': True}
2026-01-12 17:28:46,651 INFO Params set successfully. GK created: True
2026-01-12 17:28:46,653 INFO Setting params: {'C': 19306.977288832535, 'kernel_params': [{'name': 'propagation', 'with_attributes': True, 't_max': 10}], 'normalize': True}
2026-01-12 17:28:46,653 INFO Params set successfully. GK created: True
2026-01-12 17:28:46,656 INFO Setting params: {'C': 19306.977288832535, 'kernel_params': [{'name': 'propagation', 'with_attributes': True, 't_max': 15}], 'normalize': True}
2026-01-12 17:28:46,656 INFO Params set successfully. GK created: True
2026-01-12 17:28:46,658 INFO Setting params: {'C': 19306.977288832535, 'kernel_params': [{'name': 'propagation', 'with_attributes': True, 't_max': 20}], 'normalize': True}
2026-01-12 17:28:46,658 INFO Params set successfully. GK created: True
2026-01-12 17:28:46,661 INFO Setting params: {'C': 100000.0, 'kernel_params': [{'name': 'propagation', 'with_attributes': True, 't_max': 1}], 'normalize': True}
2026-01-12 17:28:46,661 INFO Params set successfully. GK created: True
2026-01-12 17:28:46,664 INFO Setting params: {'C': 100000.0, 'kernel_params': [{'name': 'propagation', 'with_attributes': True, 't_max': 3}], 'normalize': True}
2026-01-12 17:28:46,665 INFO Params set successfully. GK created: True
2026-01-12 17:28:46,667 INFO Setting params: {'C': 100000.0, 'kernel_params': [{'name': 'propagation', 'with_attributes': True, 't_max': 5}], 'normalize': True}
2026-01-12 17:28:46,667 INFO Params set successfully. GK created: True
2026-01-12 17:28:46,670 INFO Setting params: {'C': 100000.0, 'kernel_params': [{'name': 'propagation', 'with_attributes': True, 't_max': 8}], 'normalize': True}
2026-01-12 17:28:46,670 INFO Params set successfully. GK created: True
2026-01-12 17:28:46,673 INFO Setting params: {'C': 100000.0, 'kernel_params': [{'name': 'propagation', 'with_attributes': True, 't_max': 10}], 'normalize': True}
2026-01-12 17:28:46,673 INFO Params set successfully. GK created: True
2026-01-12 17:28:46,675 INFO Setting params: {'C': 100000.0, 'kernel_params': [{'name': 'propagation', 'with_attributes': True, 't_max': 15}], 'normalize': True}
2026-01-12 17:28:46,675 INFO Params set successfully. GK created: True
2026-01-12 17:28:46,678 INFO Setting params: {'C': 100000.0, 'kernel_params': [{'name': 'propagation', 'with_attributes': True, 't_max': 20}], 'normalize': True}
2026-01-12 17:28:46,678 INFO Params set successfully. GK created: True
2026-01-12 17:28:46,680 INFO Setting params: {'C': 1e-05, 'kernel_params': [{'name': 'propagation', 'with_attributes': True, 't_max': 1}], 'normalize': True}
2026-01-12 17:28:46,680 INFO Params set successfully. GK created: True
2026-01-12 17:28:46,682 INFO Setting params: {'C': 1e-05, 'kernel_params': [{'name': 'propagation', 'with_attributes': True, 't_max': 3}], 'normalize': True}
2026-01-12 17:28:46,682 INFO Params set successfully. GK created: True
2026-01-12 17:28:46,684 INFO Setting params: {'C': 1e-05, 'kernel_params': [{'name': 'propagation', 'with_attributes': True, 't_max': 5}], 'normalize': True}
2026-01-12 17:28:46,684 INFO Params set successfully. GK created: True
2026-01-12 17:28:46,686 INFO Setting params: {'C': 1e-05, 'kernel_params': [{'name': 'propagation', 'with_attributes': True, 't_max': 8}], 'normalize': True}
2026-01-12 17:28:46,686 INFO Params set successfully. GK created: True
2026-01-12 17:28:46,688 INFO Setting params: {'C': 1e-05, 'kernel_params': [{'name': 'propagation', 'with_attributes': True, 't_max': 10}], 'normalize': True}
2026-01-12 17:28:46,688 INFO Params set successfully. GK created: True
2026-01-12 17:28:46,690 INFO Setting params: {'C': 1e-05, 'kernel_params': [{'name': 'propagation', 'with_attributes': True, 't_max': 15}], 'normalize': True}
2026-01-12 17:28:46,691 INFO Params set successfully. GK created: True
2026-01-12 17:28:46,692 INFO Setting params: {'C': 1e-05, 'kernel_params': [{'name': 'propagation', 'with_attributes': True, 't_max': 20}], 'normalize': True}
2026-01-12 17:28:46,692 INFO Params set successfully. GK created: True
2026-01-12 17:28:46,694 INFO Setting params: {'C': 5.1794746792312125e-05, 'kernel_params': [{'name': 'propagation', 'with_attributes': True, 't_max': 1}], 'normalize': True}
2026-01-12 17:28:46,694 INFO Params set successfully. GK created: True
2026-01-12 17:28:46,696 INFO Setting params: {'C': 5.1794746792312125e-05, 'kernel_params': [{'name': 'propagation', 'with_attributes': True, 't_max': 3}], 'normalize': True}
2026-01-12 17:28:46,697 INFO Params set successfully. GK created: True
2026-01-12 17:28:46,698 INFO Setting params: {'C': 5.1794746792312125e-05, 'kernel_params': [{'name': 'propagation', 'with_attributes': True, 't_max': 5}], 'normalize': True}
2026-01-12 17:28:46,699 INFO Params set successfully. GK created: True
2026-01-12 17:28:46,700 INFO Setting params: {'C': 5.1794746792312125e-05, 'kernel_params': [{'name': 'propagation', 'with_attributes': True, 't_max': 8}], 'normalize': True}
2026-01-12 17:28:46,701 INFO Params set successfully. GK created: True
2026-01-12 17:28:46,702 INFO Setting params: {'C': 5.1794746792312125e-05, 'kernel_params': [{'name': 'propagation', 'with_attributes': True, 't_max': 10}], 'normalize': True}
2026-01-12 17:28:46,703 INFO Params set successfully. GK created: True
2026-01-12 17:28:46,705 INFO Setting params: {'C': 5.1794746792312125e-05, 'kernel_params': [{'name': 'propagation', 'with_attributes': True, 't_max': 15}], 'normalize': True}
2026-01-12 17:28:46,705 INFO Params set successfully. GK created: True
2026-01-12 17:28:46,707 INFO Setting params: {'C': 5.1794746792312125e-05, 'kernel_params': [{'name': 'propagation', 'with_attributes': True, 't_max': 20}], 'normalize': True}
2026-01-12 17:28:46,707 INFO Params set successfully. GK created: True
2026-01-12 17:28:46,709 INFO Setting params: {'C': 0.0002682695795279727, 'kernel_params': [{'name': 'propagation', 'with_attributes': True, 't_max': 1}], 'normalize': True}
2026-01-12 17:28:46,709 INFO Params set successfully. GK created: True
2026-01-12 17:28:46,710 INFO Setting params: {'C': 0.0002682695795279727, 'kernel_params': [{'name': 'propagation', 'with_attributes': True, 't_max': 3}], 'normalize': True}
2026-01-12 17:28:46,711 INFO Params set successfully. GK created: True
2026-01-12 17:28:46,713 INFO Setting params: {'C': 0.0002682695795279727, 'kernel_params': [{'name': 'propagation', 'with_attributes': True, 't_max': 5}], 'normalize': True}
2026-01-12 17:28:46,713 INFO Params set successfully. GK created: True
2026-01-12 17:28:46,715 INFO Setting params: {'C': 0.0002682695795279727, 'kernel_params': [{'name': 'propagation', 'with_attributes': True, 't_max': 8}], 'normalize': True}
2026-01-12 17:28:46,715 INFO Params set successfully. GK created: True
2026-01-12 17:28:46,717 INFO Setting params: {'C': 0.0002682695795279727, 'kernel_params': [{'name': 'propagation', 'with_attributes': True, 't_max': 10}], 'normalize': True}
2026-01-12 17:28:46,717 INFO Params set successfully. GK created: True
2026-01-12 17:28:46,719 INFO Setting params: {'C': 0.0002682695795279727, 'kernel_params': [{'name': 'propagation', 'with_attributes': True, 't_max': 15}], 'normalize': True}
2026-01-12 17:28:46,719 INFO Params set successfully. GK created: True
2026-01-12 17:28:46,721 INFO Setting params: {'C': 0.0002682695795279727, 'kernel_params': [{'name': 'propagation', 'with_attributes': True, 't_max': 20}], 'normalize': True}
2026-01-12 17:28:46,721 INFO Params set successfully. GK created: True
2026-01-12 17:28:46,723 INFO Setting params: {'C': 0.0013894954943731374, 'kernel_params': [{'name': 'propagation', 'with_attributes': True, 't_max': 1}], 'normalize': True}
2026-01-12 17:28:46,723 INFO Params set successfully. GK created: True
2026-01-12 17:28:46,725 INFO Setting params: {'C': 0.0013894954943731374, 'kernel_params': [{'name': 'propagation', 'with_attributes': True, 't_max': 3}], 'normalize': True}
2026-01-12 17:28:46,725 INFO Params set successfully. GK created: True
2026-01-12 17:28:46,727 INFO Setting params: {'C': 0.0013894954943731374, 'kernel_params': [{'name': 'propagation', 'with_attributes': True, 't_max': 5}], 'normalize': True}
2026-01-12 17:28:46,727 INFO Params set successfully. GK created: True
2026-01-12 17:28:46,729 INFO Setting params: {'C': 0.0013894954943731374, 'kernel_params': [{'name': 'propagation', 'with_attributes': True, 't_max': 8}], 'normalize': True}
2026-01-12 17:28:46,729 INFO Params set successfully. GK created: True
2026-01-12 17:28:46,731 INFO Setting params: {'C': 0.0013894954943731374, 'kernel_params': [{'name': 'propagation', 'with_attributes': True, 't_max': 10}], 'normalize': True}
2026-01-12 17:28:46,731 INFO Params set successfully. GK created: True
2026-01-12 17:28:46,733 INFO Setting params: {'C': 0.0013894954943731374, 'kernel_params': [{'name': 'propagation', 'with_attributes': True, 't_max': 15}], 'normalize': True}
2026-01-12 17:28:46,733 INFO Params set successfully. GK created: True
2026-01-12 17:28:46,735 INFO Setting params: {'C': 0.0013894954943731374, 'kernel_params': [{'name': 'propagation', 'with_attributes': True, 't_max': 20}], 'normalize': True}
2026-01-12 17:28:46,735 INFO Params set successfully. GK created: True
2026-01-12 17:28:46,737 INFO Setting params: {'C': 0.0071968567300115215, 'kernel_params': [{'name': 'propagation', 'with_attributes': True, 't_max': 1}], 'normalize': True}
2026-01-12 17:28:46,737 INFO Params set successfully. GK created: True
2026-01-12 17:28:46,739 INFO Setting params: {'C': 0.0071968567300115215, 'kernel_params': [{'name': 'propagation', 'with_attributes': True, 't_max': 3}], 'normalize': True}
2026-01-12 17:28:46,739 INFO Params set successfully. GK created: True
2026-01-12 17:28:46,741 INFO Setting params: {'C': 0.0071968567300115215, 'kernel_params': [{'name': 'propagation', 'with_attributes': True, 't_max': 5}], 'normalize': True}
2026-01-12 17:28:46,741 INFO Params set successfully. GK created: True
2026-01-12 17:28:46,743 INFO Setting params: {'C': 0.0071968567300115215, 'kernel_params': [{'name': 'propagation', 'with_attributes': True, 't_max': 8}], 'normalize': True}
2026-01-12 17:28:46,743 INFO Params set successfully. GK created: True
2026-01-12 17:28:46,745 INFO Setting params: {'C': 0.0071968567300115215, 'kernel_params': [{'name': 'propagation', 'with_attributes': True, 't_max': 10}], 'normalize': True}
2026-01-12 17:28:46,745 INFO Params set successfully. GK created: True
2026-01-12 17:28:46,747 INFO Setting params: {'C': 0.0071968567300115215, 'kernel_params': [{'name': 'propagation', 'with_attributes': True, 't_max': 15}], 'normalize': True}
2026-01-12 17:28:46,747 INFO Params set successfully. GK created: True
2026-01-12 17:28:46,749 INFO Setting params: {'C': 0.0071968567300115215, 'kernel_params': [{'name': 'propagation', 'with_attributes': True, 't_max': 20}], 'normalize': True}
2026-01-12 17:28:46,749 INFO Params set successfully. GK created: True
2026-01-12 17:28:46,751 INFO Setting params: {'C': 0.037275937203149416, 'kernel_params': [{'name': 'propagation', 'with_attributes': True, 't_max': 1}], 'normalize': True}
2026-01-12 17:28:46,751 INFO Params set successfully. GK created: True
2026-01-12 17:28:46,754 INFO Setting params: {'C': 0.037275937203149416, 'kernel_params': [{'name': 'propagation', 'with_attributes': True, 't_max': 3}], 'normalize': True}
2026-01-12 17:28:46,754 INFO Params set successfully. GK created: True
2026-01-12 17:28:46,756 INFO Setting params: {'C': 0.037275937203149416, 'kernel_params': [{'name': 'propagation', 'with_attributes': True, 't_max': 5}], 'normalize': True}
2026-01-12 17:28:46,756 INFO Params set successfully. GK created: True
2026-01-12 17:28:46,758 INFO Setting params: {'C': 0.037275937203149416, 'kernel_params': [{'name': 'propagation', 'with_attributes': True, 't_max': 8}], 'normalize': True}
2026-01-12 17:28:46,758 INFO Params set successfully. GK created: True
2026-01-12 17:28:46,760 INFO Setting params: {'C': 0.037275937203149416, 'kernel_params': [{'name': 'propagation', 'with_attributes': True, 't_max': 10}], 'normalize': True}
2026-01-12 17:28:46,760 INFO Params set successfully. GK created: True
2026-01-12 17:28:46,762 INFO Setting params: {'C': 0.037275937203149416, 'kernel_params': [{'name': 'propagation', 'with_attributes': True, 't_max': 15}], 'normalize': True}
2026-01-12 17:28:46,762 INFO Params set successfully. GK created: True
2026-01-12 17:28:46,764 INFO Setting params: {'C': 0.037275937203149416, 'kernel_params': [{'name': 'propagation', 'with_attributes': True, 't_max': 20}], 'normalize': True}
2026-01-12 17:28:46,764 INFO Params set successfully. GK created: True
2026-01-12 17:28:46,766 INFO Setting params: {'C': 0.19306977288832497, 'kernel_params': [{'name': 'propagation', 'with_attributes': True, 't_max': 1}], 'normalize': True}
2026-01-12 17:28:46,766 INFO Params set successfully. GK created: True
2026-01-12 17:28:46,769 INFO Setting params: {'C': 0.19306977288832497, 'kernel_params': [{'name': 'propagation', 'with_attributes': True, 't_max': 3}], 'normalize': True}
2026-01-12 17:28:46,769 INFO Params set successfully. GK created: True
2026-01-12 17:28:46,771 INFO Setting params: {'C': 0.19306977288832497, 'kernel_params': [{'name': 'propagation', 'with_attributes': True, 't_max': 5}], 'normalize': True}
2026-01-12 17:28:46,771 INFO Params set successfully. GK created: True
2026-01-12 17:28:46,773 INFO Setting params: {'C': 0.19306977288832497, 'kernel_params': [{'name': 'propagation', 'with_attributes': True, 't_max': 8}], 'normalize': True}
2026-01-12 17:28:46,773 INFO Params set successfully. GK created: True
2026-01-12 17:28:46,776 INFO Setting params: {'C': 0.19306977288832497, 'kernel_params': [{'name': 'propagation', 'with_attributes': True, 't_max': 10}], 'normalize': True}
2026-01-12 17:28:46,776 INFO Params set successfully. GK created: True
2026-01-12 17:28:46,778 INFO Setting params: {'C': 0.19306977288832497, 'kernel_params': [{'name': 'propagation', 'with_attributes': True, 't_max': 15}], 'normalize': True}
2026-01-12 17:28:46,778 INFO Params set successfully. GK created: True
2026-01-12 17:28:46,780 INFO Setting params: {'C': 0.19306977288832497, 'kernel_params': [{'name': 'propagation', 'with_attributes': True, 't_max': 20}], 'normalize': True}
2026-01-12 17:28:46,780 INFO Params set successfully. GK created: True
2026-01-12 17:28:46,782 INFO Setting params: {'C': 1.0, 'kernel_params': [{'name': 'propagation', 'with_attributes': True, 't_max': 1}], 'normalize': True}
2026-01-12 17:28:46,782 INFO Params set successfully. GK created: True
2026-01-12 17:28:46,785 INFO Setting params: {'C': 1.0, 'kernel_params': [{'name': 'propagation', 'with_attributes': True, 't_max': 3}], 'normalize': True}
2026-01-12 17:28:46,785 INFO Params set successfully. GK created: True
2026-01-12 17:28:46,787 INFO Setting params: {'C': 1.0, 'kernel_params': [{'name': 'propagation', 'with_attributes': True, 't_max': 5}], 'normalize': True}
2026-01-12 17:28:46,787 INFO Params set successfully. GK created: True
2026-01-12 17:28:46,790 INFO Setting params: {'C': 1.0, 'kernel_params': [{'name': 'propagation', 'with_attributes': True, 't_max': 8}], 'normalize': True}
2026-01-12 17:28:46,790 INFO Params set successfully. GK created: True
2026-01-12 17:28:46,792 INFO Setting params: {'C': 1.0, 'kernel_params': [{'name': 'propagation', 'with_attributes': True, 't_max': 10}], 'normalize': True}
2026-01-12 17:28:46,792 INFO Params set successfully. GK created: True
2026-01-12 17:28:46,794 INFO Setting params: {'C': 1.0, 'kernel_params': [{'name': 'propagation', 'with_attributes': True, 't_max': 15}], 'normalize': True}
2026-01-12 17:28:46,794 INFO Params set successfully. GK created: True
2026-01-12 17:28:46,796 INFO Setting params: {'C': 1.0, 'kernel_params': [{'name': 'propagation', 'with_attributes': True, 't_max': 20}], 'normalize': True}
2026-01-12 17:28:46,796 INFO Params set successfully. GK created: True
2026-01-12 17:28:46,798 INFO Setting params: {'C': 5.1794746792312125, 'kernel_params': [{'name': 'propagation', 'with_attributes': True, 't_max': 1}], 'normalize': True}
2026-01-12 17:28:46,798 INFO Params set successfully. GK created: True
2026-01-12 17:28:46,802 INFO Setting params: {'C': 5.1794746792312125, 'kernel_params': [{'name': 'propagation', 'with_attributes': True, 't_max': 3}], 'normalize': True}
2026-01-12 17:28:46,802 INFO Params set successfully. GK created: True
2026-01-12 17:28:46,804 INFO Setting params: {'C': 5.1794746792312125, 'kernel_params': [{'name': 'propagation', 'with_attributes': True, 't_max': 5}], 'normalize': True}
2026-01-12 17:28:46,804 INFO Params set successfully. GK created: True
2026-01-12 17:28:46,806 INFO Setting params: {'C': 5.1794746792312125, 'kernel_params': [{'name': 'propagation', 'with_attributes': True, 't_max': 8}], 'normalize': True}
2026-01-12 17:28:46,806 INFO Params set successfully. GK created: True
2026-01-12 17:28:46,809 INFO Setting params: {'C': 5.1794746792312125, 'kernel_params': [{'name': 'propagation', 'with_attributes': True, 't_max': 10}], 'normalize': True}
2026-01-12 17:28:46,809 INFO Params set successfully. GK created: True
2026-01-12 17:28:46,811 INFO Setting params: {'C': 5.1794746792312125, 'kernel_params': [{'name': 'propagation', 'with_attributes': True, 't_max': 15}], 'normalize': True}
2026-01-12 17:28:46,811 INFO Params set successfully. GK created: True
2026-01-12 17:28:46,813 INFO Setting params: {'C': 5.1794746792312125, 'kernel_params': [{'name': 'propagation', 'with_attributes': True, 't_max': 20}], 'normalize': True}
2026-01-12 17:28:46,813 INFO Params set successfully. GK created: True
2026-01-12 17:28:46,815 INFO Setting params: {'C': 26.826957952797272, 'kernel_params': [{'name': 'propagation', 'with_attributes': True, 't_max': 1}], 'normalize': True}
2026-01-12 17:28:46,815 INFO Params set successfully. GK created: True
2026-01-12 17:28:46,819 INFO Setting params: {'C': 26.826957952797272, 'kernel_params': [{'name': 'propagation', 'with_attributes': True, 't_max': 3}], 'normalize': True}
2026-01-12 17:28:46,819 INFO Params set successfully. GK created: True
2026-01-12 17:28:46,821 INFO Setting params: {'C': 26.826957952797272, 'kernel_params': [{'name': 'propagation', 'with_attributes': True, 't_max': 5}], 'normalize': True}
2026-01-12 17:28:46,821 INFO Params set successfully. GK created: True
2026-01-12 17:28:46,823 INFO Setting params: {'C': 26.826957952797272, 'kernel_params': [{'name': 'propagation', 'with_attributes': True, 't_max': 8}], 'normalize': True}
2026-01-12 17:28:46,823 INFO Params set successfully. GK created: True
2026-01-12 17:28:46,825 INFO Setting params: {'C': 26.826957952797272, 'kernel_params': [{'name': 'propagation', 'with_attributes': True, 't_max': 10}], 'normalize': True}
2026-01-12 17:28:46,826 INFO Params set successfully. GK created: True
2026-01-12 17:28:46,828 INFO Setting params: {'C': 26.826957952797272, 'kernel_params': [{'name': 'propagation', 'with_attributes': True, 't_max': 15}], 'normalize': True}
2026-01-12 17:28:46,828 INFO Params set successfully. GK created: True
2026-01-12 17:28:46,830 INFO Setting params: {'C': 26.826957952797272, 'kernel_params': [{'name': 'propagation', 'with_attributes': True, 't_max': 20}], 'normalize': True}
2026-01-12 17:28:46,830 INFO Params set successfully. GK created: True
2026-01-12 17:28:46,832 INFO Setting params: {'C': 138.9495494373139, 'kernel_params': [{'name': 'propagation', 'with_attributes': True, 't_max': 1}], 'normalize': True}
2026-01-12 17:28:46,832 INFO Params set successfully. GK created: True
2026-01-12 17:28:46,836 INFO Setting params: {'C': 138.9495494373139, 'kernel_params': [{'name': 'propagation', 'with_attributes': True, 't_max': 3}], 'normalize': True}
2026-01-12 17:28:46,836 INFO Params set successfully. GK created: True
2026-01-12 17:28:46,838 INFO Setting params: {'C': 138.9495494373139, 'kernel_params': [{'name': 'propagation', 'with_attributes': True, 't_max': 5}], 'normalize': True}
2026-01-12 17:28:46,838 INFO Params set successfully. GK created: True
2026-01-12 17:28:46,841 INFO Setting params: {'C': 138.9495494373139, 'kernel_params': [{'name': 'propagation', 'with_attributes': True, 't_max': 8}], 'normalize': True}
2026-01-12 17:28:46,841 INFO Params set successfully. GK created: True
2026-01-12 17:28:46,844 INFO Setting params: {'C': 138.9495494373139, 'kernel_params': [{'name': 'propagation', 'with_attributes': True, 't_max': 10}], 'normalize': True}
2026-01-12 17:28:46,844 INFO Params set successfully. GK created: True
2026-01-12 17:28:46,846 INFO Setting params: {'C': 138.9495494373139, 'kernel_params': [{'name': 'propagation', 'with_attributes': True, 't_max': 15}], 'normalize': True}
2026-01-12 17:28:46,846 INFO Params set successfully. GK created: True
2026-01-12 17:28:46,848 INFO Setting params: {'C': 138.9495494373139, 'kernel_params': [{'name': 'propagation', 'with_attributes': True, 't_max': 20}], 'normalize': True}
2026-01-12 17:28:46,848 INFO Params set successfully. GK created: True
2026-01-12 17:28:46,850 INFO Setting params: {'C': 719.6856730011528, 'kernel_params': [{'name': 'propagation', 'with_attributes': True, 't_max': 1}], 'normalize': True}
2026-01-12 17:28:46,850 INFO Params set successfully. GK created: True
2026-01-12 17:28:46,854 INFO Setting params: {'C': 719.6856730011528, 'kernel_params': [{'name': 'propagation', 'with_attributes': True, 't_max': 3}], 'normalize': True}
2026-01-12 17:28:46,854 INFO Params set successfully. GK created: True
2026-01-12 17:28:46,857 INFO Setting params: {'C': 719.6856730011528, 'kernel_params': [{'name': 'propagation', 'with_attributes': True, 't_max': 5}], 'normalize': True}
2026-01-12 17:28:46,857 INFO Params set successfully. GK created: True
2026-01-12 17:28:46,859 INFO Setting params: {'C': 719.6856730011528, 'kernel_params': [{'name': 'propagation', 'with_attributes': True, 't_max': 8}], 'normalize': True}
2026-01-12 17:28:46,859 INFO Params set successfully. GK created: True
2026-01-12 17:28:46,862 INFO Setting params: {'C': 719.6856730011528, 'kernel_params': [{'name': 'propagation', 'with_attributes': True, 't_max': 10}], 'normalize': True}
2026-01-12 17:28:46,862 INFO Params set successfully. GK created: True
2026-01-12 17:28:46,865 INFO Setting params: {'C': 719.6856730011528, 'kernel_params': [{'name': 'propagation', 'with_attributes': True, 't_max': 15}], 'normalize': True}
2026-01-12 17:28:46,865 INFO Params set successfully. GK created: True
2026-01-12 17:28:46,867 INFO Setting params: {'C': 719.6856730011528, 'kernel_params': [{'name': 'propagation', 'with_attributes': True, 't_max': 20}], 'normalize': True}
2026-01-12 17:28:46,867 INFO Params set successfully. GK created: True
2026-01-12 17:28:46,870 INFO Setting params: {'C': 3727.593720314938, 'kernel_params': [{'name': 'propagation', 'with_attributes': True, 't_max': 1}], 'normalize': True}
2026-01-12 17:28:46,870 INFO Params set successfully. GK created: True
2026-01-12 17:28:46,873 INFO Setting params: {'C': 3727.593720314938, 'kernel_params': [{'name': 'propagation', 'with_attributes': True, 't_max': 3}], 'normalize': True}
2026-01-12 17:28:46,873 INFO Params set successfully. GK created: True
2026-01-12 17:28:46,876 INFO Setting params: {'C': 3727.593720314938, 'kernel_params': [{'name': 'propagation', 'with_attributes': True, 't_max': 5}], 'normalize': True}
2026-01-12 17:28:46,876 INFO Params set successfully. GK created: True
2026-01-12 17:28:46,878 INFO Setting params: {'C': 3727.593720314938, 'kernel_params': [{'name': 'propagation', 'with_attributes': True, 't_max': 8}], 'normalize': True}
2026-01-12 17:28:46,878 INFO Params set successfully. GK created: True
2026-01-12 17:28:46,881 INFO Setting params: {'C': 3727.593720314938, 'kernel_params': [{'name': 'propagation', 'with_attributes': True, 't_max': 10}], 'normalize': True}
2026-01-12 17:28:46,881 INFO Params set successfully. GK created: True
2026-01-12 17:28:46,884 INFO Setting params: {'C': 3727.593720314938, 'kernel_params': [{'name': 'propagation', 'with_attributes': True, 't_max': 15}], 'normalize': True}
2026-01-12 17:28:46,884 INFO Params set successfully. GK created: True
2026-01-12 17:28:46,886 INFO Setting params: {'C': 3727.593720314938, 'kernel_params': [{'name': 'propagation', 'with_attributes': True, 't_max': 20}], 'normalize': True}
2026-01-12 17:28:46,886 INFO Params set successfully. GK created: True
2026-01-12 17:28:46,889 INFO Setting params: {'C': 19306.977288832535, 'kernel_params': [{'name': 'propagation', 'with_attributes': True, 't_max': 1}], 'normalize': True}
2026-01-12 17:28:46,889 INFO Params set successfully. GK created: True
2026-01-12 17:28:46,892 INFO Setting params: {'C': 19306.977288832535, 'kernel_params': [{'name': 'propagation', 'with_attributes': True, 't_max': 3}], 'normalize': True}
2026-01-12 17:28:46,892 INFO Params set successfully. GK created: True
2026-01-12 17:28:46,895 INFO Setting params: {'C': 19306.977288832535, 'kernel_params': [{'name': 'propagation', 'with_attributes': True, 't_max': 5}], 'normalize': True}
2026-01-12 17:28:46,895 INFO Params set successfully. GK created: True
2026-01-12 17:28:46,898 INFO Setting params: {'C': 19306.977288832535, 'kernel_params': [{'name': 'propagation', 'with_attributes': True, 't_max': 8}], 'normalize': True}
2026-01-12 17:28:46,898 INFO Params set successfully. GK created: True
2026-01-12 17:28:46,900 INFO Setting params: {'C': 19306.977288832535, 'kernel_params': [{'name': 'propagation', 'with_attributes': True, 't_max': 10}], 'normalize': True}
2026-01-12 17:28:46,900 INFO Params set successfully. GK created: True
2026-01-12 17:28:46,903 INFO Setting params: {'C': 19306.977288832535, 'kernel_params': [{'name': 'propagation', 'with_attributes': True, 't_max': 15}], 'normalize': True}
2026-01-12 17:28:46,903 INFO Params set successfully. GK created: True
2026-01-12 17:28:46,905 INFO Setting params: {'C': 19306.977288832535, 'kernel_params': [{'name': 'propagation', 'with_attributes': True, 't_max': 20}], 'normalize': True}
2026-01-12 17:28:46,905 INFO Params set successfully. GK created: True
2026-01-12 17:28:46,908 INFO Setting params: {'C': 100000.0, 'kernel_params': [{'name': 'propagation', 'with_attributes': True, 't_max': 1}], 'normalize': True}
2026-01-12 17:28:46,908 INFO Params set successfully. GK created: True
2026-01-12 17:28:46,912 INFO Setting params: {'C': 100000.0, 'kernel_params': [{'name': 'propagation', 'with_attributes': True, 't_max': 3}], 'normalize': True}
2026-01-12 17:28:46,912 INFO Params set successfully. GK created: True
2026-01-12 17:28:46,914 INFO Setting params: {'C': 100000.0, 'kernel_params': [{'name': 'propagation', 'with_attributes': True, 't_max': 5}], 'normalize': True}
2026-01-12 17:28:46,914 INFO Params set successfully. GK created: True
2026-01-12 17:28:46,917 INFO Setting params: {'C': 100000.0, 'kernel_params': [{'name': 'propagation', 'with_attributes': True, 't_max': 8}], 'normalize': True}
2026-01-12 17:28:46,917 INFO Params set successfully. GK created: True
2026-01-12 17:28:46,920 INFO Setting params: {'C': 100000.0, 'kernel_params': [{'name': 'propagation', 'with_attributes': True, 't_max': 10}], 'normalize': True}
2026-01-12 17:28:46,920 INFO Params set successfully. GK created: True
2026-01-12 17:28:46,922 INFO Setting params: {'C': 100000.0, 'kernel_params': [{'name': 'propagation', 'with_attributes': True, 't_max': 15}], 'normalize': True}
2026-01-12 17:28:46,922 INFO Params set successfully. GK created: True
2026-01-12 17:28:46,925 INFO Setting params: {'C': 100000.0, 'kernel_params': [{'name': 'propagation', 'with_attributes': True, 't_max': 20}], 'normalize': True}
2026-01-12 17:28:46,925 INFO Params set successfully. GK created: True
2026-01-12 17:28:46,927 INFO ############ All params Done for one inner cut ############
2026-01-12 17:28:46,927 INFO ############ One inner CV Done ############
2026-01-12 17:28:46,927 INFO Best params : {'C': 3727.593720314938, 'kernel_params': [{'name': 'propagation', 'with_attributes': True, 't_max': 20}], 'normalize': True}
2026-01-12 17:28:46,928 INFO Best inner score : 0.951768906199286
2026-01-12 17:28:46,935 INFO Outer accuracy: 0.8863636363636364
2026-01-12 17:28:46,935 INFO Outer F1 (macro): 0.7696997929606625
2026-01-12 17:28:46,935 INFO Outer F1 (weighted): 0.85779926595144
2026-01-12 17:28:46,935 INFO By-class accuracies:
2026-01-12 17:28:46,935 INFO   Class A.1: Accuracy=1.0000
2026-01-12 17:28:46,935 INFO   Class B.1: Accuracy=1.0000
2026-01-12 17:28:46,935 INFO   Class B.2: Accuracy=1.0000
2026-01-12 17:28:46,935 INFO   Class B.4: Accuracy=0.0000
2026-01-12 17:28:46,935 INFO   Class C: Accuracy=1.0000
2026-01-12 17:28:46,935 INFO   Class D.1: Accuracy=1.0000
2026-01-12 17:28:46,935 INFO   Class E.1: Accuracy=1.0000
2026-01-12 17:28:46,935 INFO   Class E.2: Accuracy=0.6667
2026-01-12 17:28:46,935 INFO   Class F: Accuracy=1.0000
2026-01-12 17:28:46,935 INFO   Class J.1: Accuracy=0.3333
2026-01-12 17:28:46,935 INFO Classification Report:
2026-01-12 17:28:46,936 INFO {'A.1': {'precision': 0.75, 'recall': 1.0, 'f1-score': 0.8571428571428571, 'support': 3.0}, 'B.1': {'precision': 0.8461538461538461, 'recall': 1.0, 'f1-score': 0.9166666666666666, 'support': 11.0}, 'B.2': {'precision': 0.5, 'recall': 1.0, 'f1-score': 0.6666666666666666, 'support': 1.0}, 'B.4': {'precision': 0.0, 'recall': 0.0, 'f1-score': 0.0, 'support': 2.0}, 'C': {'precision': 1.0, 'recall': 1.0, 'f1-score': 1.0, 'support': 5.0}, 'D.1': {'precision': 1.0, 'recall': 1.0, 'f1-score': 1.0, 'support': 4.0}, 'E.1': {'precision': 0.9166666666666666, 'recall': 1.0, 'f1-score': 0.9565217391304348, 'support': 11.0}, 'E.2': {'precision': 1.0, 'recall': 0.6666666666666666, 'f1-score': 0.8, 'support': 3.0}, 'F': {'precision': 1.0, 'recall': 1.0, 'f1-score': 1.0, 'support': 1.0}, 'J.1': {'precision': 1.0, 'recall': 0.3333333333333333, 'f1-score': 0.5, 'support': 3.0}, 'accuracy': 0.8863636363636364, 'macro avg': {'precision': 0.8012820512820513, 'recall': 0.7999999999999999, 'f1-score': 0.7696997929606625, 'support': 44.0}, 'weighted avg': {'precision': 0.8668414918414918, 'recall': 0.8863636363636364, 'f1-score': 0.85779926595144, 'support': 44.0}}
2026-01-12 17:28:46,936 INFO ############ One outer Done ############
2026-01-12 17:28:46,936 INFO Nested mean accuracy: 0.9272727272727274
2026-01-12 17:28:46,936 INFO Nested std accuracy: 0.052617440467228306
2026-01-12 17:28:46,936 INFO Nested mean F1 (macro): 0.8915561849042651
2026-01-12 17:28:46,936 INFO Nested std F1 (macro): 0.08799089409870406
2026-01-12 17:28:46,936 INFO Nested mean F1 (weighted): 0.9206657072423143
2026-01-12 17:28:46,936 INFO Nested std F1 (weighted): 0.057384828888651256
